Date,Open,High,Low,Close,Volume,Dividends,Stock Splits,daily_return,cum_return,middle_band,upper_band,lower_band,Conversion,Baseline,SpanA,SpanB,Lagging
2017-01-25,27.30511652821504,28.05185427729936,27.108605410623014,28.02237892150879,1338700,0.0,0,,,,,,,,,,27.458755493164062
2017-01-26,28.17958890868954,28.32697131948681,27.88482221302596,28.04203224182129,1476400,0.0,0,0.0007013437498488706,1.0007013437498489,,,,,,,,27.330352783203125
2017-01-27,27.82586893748574,28.071506907448107,27.42302281667298,27.747264862060547,1363800,0.0,0,-0.010511626875641777,0.9901823446103971,,,,,,,,26.28336524963379
2017-01-30,27.481976239512896,27.50162772748337,26.528901561773303,26.87279510498047,1580800,0.0,0,-0.031515529960423616,0.9589762232625456,,,,,,,,26.05618667602539
2017-01-31,26.97105050567533,27.44267496966572,26.50924991154101,27.364070892333984,1603900,0.0,0,0.018281529161157772,0.9765077750529768,,,,,,,,25.829010009765625
2017-02-01,27.55075693201226,27.63918488129672,26.460123693364736,26.98087501525879,1377400,0.0,0,-0.01400361366490055,0.9628331374303634,,,,,,,,25.56232452392578
2017-02-02,27.17738333887005,27.18720908201168,26.57802612571301,26.97104835510254,699700,0.0,0,-0.0003642083568710097,0.9624824655554389,,,,,,,,25.60183334350586
2017-02-03,27.04965243677102,27.51145112019521,26.82366409256278,27.19703483581543,1449200,0.0,0,0.008378854160117744,0.9705469657659985,,,,,,,,25.35490226745605
2017-02-06,27.206863408836973,27.41319841414696,26.40117112779384,26.528902053833008,1202600,0.0,0,-0.024566383284642668,0.946704137009244,,,,27.364071223640323,,,,26.125328063964844
2017-02-07,26.381519803867945,26.715587611368083,25.939370683920963,26.263612747192383,1046700,0.0,0,-0.010000010784550928,0.9372370854293727,,,,27.133171001703886,,,,25.759870529174805
2017-02-08,26.017972136035763,26.047449365744917,25.438266403571383,25.988496780395508,1979600,0.0,0,-0.010475176033285294,0.9274193619745768,,,,26.754886655509743,,,,25.61170959472656
2017-02-09,25.939370034152937,27.30511846262836,25.49722279935061,26.194833755493164,3403500,0.0,0,0.00793955021104975,0.9347826545656737,,,,26.538725642434052,,,,25.295639038085938
2017-02-10,26.578027725219727,27.147907743248147,26.519075136890997,26.578027725219727,2139000,0.0,0,0.014628608576155111,0.9484572241230941,,,,26.538725642434052,,,,25.493183135986328
2017-02-13,26.558378363898605,27.0005255916642,26.381518723164763,26.74506187438965,1436700,0.0,0,0.006284670589436603,0.9544179653448792,,,,26.538725642434052,,,,24.989442825317383
2017-02-14,26.813840101942915,27.707962109370825,26.636980474263748,27.688310623168945,1280300,0.0,0,0.03526814606783635,0.9880785175564296,,,,26.573114256471104,,,,25.028953552246094
2017-02-15,27.50162589786673,27.67848552969689,27.226510706789934,27.305116653442383,1045100,0.0,0,-0.013839557600380137,0.9744039479990092,,,,26.573114256471104,,,,24.71288108825684
2017-02-16,27.295293129934837,27.37389720891093,26.86296975853175,27.000526428222656,899300,0.0,0,-0.01115506038980163,0.9635344131150191,,,,26.573114256471104,,,,24.584476470947266
2017-02-17,26.84331563126396,26.9415711888417,26.49942211677631,26.72541046142578,900800,0.0,0,-0.0101892815878325,0.9537166896602233,,,,26.573114256471104,,,,25.56232452392578
2017-02-21,27.059478079564684,28.49400284024463,27.049652336455644,28.140283584594727,3005200,0.0,0,0.05294111853627492,1.004207517977549,,,,26.966134621908004,,,,26.204345703125
2017-02-22,27.834091841309,27.913109768903663,26.87599734979568,27.261211395263672,1932000,0.15,0,-0.03123892432314712,0.9728371553187128,27.080864715576173,28.307103910475963,25.854625520676382,26.99561281979762,,,,26.57968139648437
2017-02-23,28.28844430677731,28.28844430677731,27.557528009346445,27.952617645263672,1406600,0.0,0,0.0253622716898092,0.9975105155618471,27.077376651763917,28.29312220029885,25.861631103228984,27.437760781704696,,,,26.74759292602539
2017-02-24,27.62666961777522,28.278568015339022,27.478511233590005,28.21930503845215,1530400,0.0,0,0.009540694777602221,1.0070274589282713,27.08624029159546,28.33252484407973,25.839955739111186,27.437760781704696,,,,26.421646118164062
2017-02-27,28.209427605745194,28.821817980987056,28.06126922132838,28.663782119750977,1143900,0.0,0,0.015750815999655998,1.0228889631404516,27.13206615447998,28.531909804931164,25.732222504028794,27.660620048881682,,,,26.411767959594727
2017-02-28,28.436604016688936,28.436604016688936,27.82421367995275,27.97237205505371,1908600,0.0,0,-0.02412138292876731,0.9982154667669311,27.18704500198364,28.628057331561095,25.746032672406187,27.660620048881682,,,,26.05618667602539
2017-03-01,28.318077493955087,29.167521646866728,28.28844506399211,28.989730834960938,1583100,0.0,0,0.036370128993884254,1.0345206920569348,27.26832799911499,28.91165194571844,25.625004052511542,27.833471881821517,,,,26.82661247253418
2017-03-02,28.64402676156837,28.920590456793587,27.992128372192383,27.992128372192383,1186900,0.0,0,-0.03441227062258434,0.9989204860372083,27.31889066696167,28.986041824837464,25.65173950908588,27.833471881821517,27.302894025219054,,,26.964893341064453
2017-03-03,28.041513420338497,28.15016377813116,27.330352066265835,27.458755493164062,700300,0.0,0,-0.01905438814571092,0.9798866673695531,27.343276023864746,29.003541020085805,25.683011027643687,28.021759498331203,27.302894025219054,,,27.458755493164062
2017-03-06,27.419248190286137,27.616792074075896,27.09329899229377,27.330352783203125,1350800,0.0,0,-0.004676202823281739,0.9753045185691035,27.34994192123413,29.00886018947634,25.69102365299192,28.021759498331203,27.302894025219054,,,27.251333236694336
2017-03-07,27.35010827155241,27.46863422735665,26.17471488686649,26.28336524963379,996600,0.0,0,-0.03830859930256003,0.9379419685692635,27.33766508102417,29.02441075830056,25.65091940374778,27.671118266866607,27.302894025219054,,,27.52789878845215
2017-03-08,26.036433606296747,26.36238280602027,25.83888783752173,26.05618667602539,1890700,0.0,0,-0.008643435551372702,0.9298349276130075,27.32729377746582,29.042946855670976,25.61164069926066,27.503204742194228,27.302894025219054,,,26.71796226501465
2017-03-09,25.838887486463783,25.908027939414847,25.266007025522924,25.829010009765625,1286200,0.0,0,-0.008718722700463033,0.9217279547219446,27.319319438934325,29.061356865590465,25.577282012278186,27.216764336194828,27.216764336194828,,,26.885875701904297
2017-03-10,25.91790615951442,26.08581950032727,24.989444046553032,25.56232452392578,1287500,0.0,0,-0.010325037070294751,0.9122110794207136,27.287693977355957,29.13137317651193,25.444014778199985,27.078482846709882,27.078482846709882,,,26.59943580627441
2017-03-13,25.59195586694428,25.81913217605249,25.42404253326951,25.60183334350586,843100,0.0,0,0.001545587903913015,0.9136209818308817,27.238884258270264,29.204167742294377,25.27360077424615,27.078482846709882,27.078482846709882,,,25.888273239135746
2017-03-14,25.216621362450617,25.611711008134755,24.920302715235486,25.35490226745605,1264100,0.0,0,-0.009645054427808941,0.9048090577347346,27.169376277923583,29.293321912168427,25.04543064367874,26.920446586014535,27.043912181051105,,,25.829010009765625
2017-03-15,25.749991493726338,26.2339765372983,25.4437972588004,26.125328063964844,1218600,0.0,0,0.030385674075252167,0.9323022908633983,27.09122714996338,29.24816809450648,24.934286205420282,26.535233246683323,27.043912181051105,,,25.641342163085938
2017-03-16,26.214225054760423,26.29324298739234,25.7104850277559,25.759870529174805,1080400,0.0,0,-0.01398862949759938,0.9192606595367471,27.01396484375,29.244970901225134,24.782958786274865,26.26854739465569,27.043912181051105,,,25.47342872619629
2017-03-17,25.82900841687697,25.97716679034025,25.54256914603943,25.61170959472656,1363000,0.0,0,-0.005751617978065671,0.913973423400827,26.944524002075195,29.258702344564167,24.630345659586222,26.19446847129607,27.043912181051105,,,26.09569549560547
2017-03-20,25.325269583755283,25.325269583755283,24.86103949022073,25.295639038085938,852100,0.0,0,-0.01234086133421175,0.9026942041194825,26.873035430908203,29.29682688083378,24.449243980982626,25.6117111481205,27.01428056854373,,,25.99692153930664
2017-03-21,25.483305659366355,25.562323588390125,24.66349393926873,25.493183135986328,1500200,0.0,0,0.007809413219526107,0.9097437161703228,26.740680408477782,29.16229020531428,24.319070611641283,25.478368463330533,26.91550779306773,,,26.145082473754883
2017-03-22,25.226498493415612,25.394409942086515,24.584475708548243,24.989442825317383,1458500,0.0,0,-0.019759804336001552,0.8917673583428903,26.62709197998047,29.152427070083725,24.101756889877215,25.438859347970293,26.875998677707486,,,26.066062927246094
2017-03-23,24.83140778366353,25.216621844005925,24.49558110743481,25.028953552246094,1213900,0.0,0,0.001581096753733302,0.8931773288182516,26.48090877532959,29.02099817153222,23.940819379126957,25.394412047413574,26.831551377150767,,,25.7302360534668
2017-03-24,25.048707754410493,25.40428748968094,24.584475777349606,24.71288108825684,1587600,0.0,0,-0.012628273224826403,0.8818980414717141,26.305587577819825,28.825263276310444,23.785911879329205,25.394412047413574,26.831551377150767,,,25.45367431640625
2017-03-27,24.446195563548358,24.673371878256876,24.26840474892914,24.584476470947266,853500,0.0,0,-0.005195857854493169,0.8773158246060712,26.101622295379638,28.479662415915556,23.72358217484372,25.280823868160738,26.717963197897934,,,25.69072914123535
2017-03-28,24.693127272853232,25.789502726627468,24.515336455058915,25.56232452392578,1344500,0.0,0,0.03977502039281133,0.9122110794207138,25.981119918823243,28.20543047022919,23.756809367417297,25.280823868160738,26.717963197897934,,,24.900548934936523
2017-03-29,25.44379697848963,26.31299417526149,25.42404202576082,26.204345703125,1081600,0.0,0,0.02511591536201263,0.9351220956837346,25.841850662231444,27.587998698561687,24.0957026259012,25.290699462095315,26.717963197897934,,,25.71048355102539
2017-03-30,26.352505083268348,26.777227163415905,26.23397724632222,26.57968139648437,1139000,0.0,0,0.014323414047869631,0.9485162366455243,25.771228313446045,27.255840374521075,24.286616252371015,25.522815956172522,26.717963197897934,,,25.829010009765625
2017-03-31,26.45127617958444,26.98464669996533,26.4315212274388,26.74759292602539,908000,0.0,0,0.006317289023758832,0.9545082878561422,25.735670185089113,27.083231014015002,24.388109356163223,25.626525724447234,26.717963197897934,,,25.661096572875977
2017-04-03,26.747595322021358,26.96489416328085,26.24385530079898,26.421646118164062,1566500,0.0,0,-0.012186023944763313,0.9428766270048522,25.690234851837157,26.868600167220258,24.511869536454057,25.626525724447234,26.717963197897934,,,26.26361083984375
2017-04-04,26.431522913000165,26.60931372577698,26.19446912394309,26.411767959594727,636200,0.0,0,-0.0003738661295045187,0.9425241173697136,25.696654987335204,26.889344807638007,24.5039651670324,25.626525724447234,26.717963197897934,,,26.29324150085449
2017-04-05,26.796980483027586,26.955018228409244,25.996923698967315,26.05618667602539,1180300,0.0,0,-0.013462986806233923,0.9298349276130079,25.696654987335204,26.889344807638007,24.5039651670324,25.626525724447234,26.717963197897934,,,25.305517196655277
2017-04-06,26.342627419321083,26.9747708547119,26.253732013227246,26.82661247253418,1452400,0.0,0,0.029567864480249062,0.9573281607416715,25.746535110473634,27.037682793087782,24.455387427859485,25.626525724447234,26.594497602861363,,,25.483304977416992
2017-04-07,26.85624486571568,27.083421177005714,26.599436124456314,26.964893341064453,1651200,0.0,0,0.005154615353386571,0.9622628191772599,25.816663551330567,27.209661536812924,24.42366556584821,25.799378816032316,26.20928426353015,27.568182953520285,,25.740114212036133
2017-04-10,27.17231620980524,27.774829090021257,27.06366585201258,27.458755493164062,1182400,0.0,0,0.018315004841777505,0.9798866673695539,25.909509658813477,27.472023621676204,24.34699569595075,26.599435557891038,26.0216169194752,27.662326761775127,,25.463552474975582
2017-04-11,27.47850953735055,27.577282415355494,26.935261534227266,27.251333236694336,1594100,0.0,0,-0.007553956934478134,0.972484645683575,26.004331207275392,27.649609470113482,24.359052944437302,26.885876394494286,26.0216169194752,27.662326761775127,,25.503061294555664
2017-04-12,27.192072110782224,27.863723582185997,27.113054179797302,27.52789878845215,1739700,0.0,0,0.010148698023530578,0.9823540986851377,26.074459743499755,27.850248870885558,24.298670616113952,26.930323640576656,26.06606416555757,27.48700614604283,,26.71796226501465
2017-04-13,27.41924804108277,27.508143447682052,26.629066858415364,26.71796226501465,1034400,0.0,0,-0.02942238816197862,0.9534508950811129,26.12236433029175,27.91341511911757,24.331313541465928,26.930323640576656,26.06606416555757,27.40304938370664,,26.520418167114254
2017-04-17,26.698209295214703,27.05378903900386,26.648821911399505,26.885875701904297,672800,0.0,0,0.006284664796817996,0.9594430143569238,26.186072635650635,27.99067560687326,24.38146966442801,26.930323640576656,26.06606416555757,27.216764336194828,,26.214223861694336
2017-04-18,26.68833121118298,26.96489301851096,26.24385418664013,26.59943580627441,763800,0.0,0,-0.010653917276334024,0.9492211878506086,26.25126247406006,28.015814682334362,24.486710265785756,26.930323640576656,26.06606416555757,27.078482846709882,,26.04535484313965
2017-04-19,26.668576950495098,26.72783992732743,25.848765215892875,25.888273239135746,799100,0.0,0,-0.026736001933203135,0.9238428083371973,26.271016979217528,28.00955431195114,24.532479646483917,26.856244399039436,26.06606416555757,27.078482846709882,,24.45601272583008
2017-04-20,26.095696228807764,26.154959205060667,25.6314661276106,25.829010009765625,780100,0.0,0,-0.0022891920532007726,0.9217279547219451,26.31299533843994,27.963087889482768,24.662902787397112,26.7475948548983,26.06606416555757,26.98217938353282,,24.63481330871582
2017-04-21,25.749992524705547,25.749992524705547,25.16723457700486,25.641342163085938,891300,0.0,0,-0.007265777767275328,0.9150308842410503,26.343614768981933,27.917419997414388,24.769809540549478,26.51547907959543,26.06606416555757,26.789572713867216,,24.426212310791016
2017-04-24,25.97716681975464,26.056184744620253,25.295637924264668,25.47342872619629,1410300,0.0,0,-0.006548543201119195,0.9090387649652395,26.381642150878907,27.826092565392155,24.93719173636566,26.51547907959543,26.06606416555757,26.6562297878534,,24.217609405517575
2017-04-25,25.700605858460072,26.23397639762236,25.473429552593466,26.09569549560547,1821200,0.0,0,0.024428072722273653,0.9312448300231762,26.457203102111816,27.651710870872275,25.262695333351356,26.51547907959543,26.06606416555757,26.619190326173587,,24.853347778320312
2017-04-26,25.98704406329484,26.61918934049859,25.98704406329484,25.99692153930664,1410000,0.0,0,-0.003785067016721655,0.9277200059325629,26.47893295288086,27.621675351364356,25.336190554397366,26.337689012343453,26.06606416555757,26.312995858332116,,24.67454719543457
2017-04-27,25.82901074614685,26.28336526753548,25.12772683600852,26.145082473754883,1671700,0.0,0,0.005699172274079789,0.9330072420684828,26.475969791412354,27.62188219140103,25.330057391423676,26.09075793750619,26.06606416555757,26.19693812819913,,25.111616134643555
2017-04-28,26.421644540747444,26.57968039476227,26.05618545087817,26.066062927246094,1172600,0.0,0,-0.003022348335986691,0.9301873691829536,26.45028886795044,27.608842341353213,25.29173539454767,26.046309927259742,26.06606416555757,26.15742901283889,,25.270551681518555
2017-05-01,26.095695140310536,26.263608469303172,25.700605508544317,25.7302360534668,875200,0.0,0,-0.012883682308165612,0.9182031306313321,26.39942102432251,27.590530434518328,25.208311614126693,25.927783381667975,26.06606416555757,26.11298171228217,,24.654680252075195
2017-05-02,25.888271970460323,25.90802692308168,25.24625108175392,25.45367431640625,1000200,0.0,0,-0.010748511458886778,0.9083338137601555,26.35102243423462,27.611980482717616,25.09006438575162,25.873458088253557,26.06606416555757,26.11298171228217,,24.44607925415039
2017-05-03,25.335147515328572,25.9080279771028,25.25612958556441,25.69072914123535,724000,0.0,0,0.009313186846124921,0.9167932962863571,26.31497049331665,27.608092785050903,25.021848201582397,25.873458088253557,26.189530018622456,25.999393533029334,,24.9427490234375
2017-05-04,25.424043917587863,25.48330689624813,24.643742066096674,24.900548934936523,1431900,0.0,0,-0.03075740676548322,0.8885951119526094,26.257188606262208,27.6888385419019,24.825538670622514,25.631465703297632,26.253732824141338,25.999393533029334,,24.873214721679688
2017-05-05,25.009197790752697,25.79937895562244,24.870916887573298,25.71048355102539,919600,0.0,0,0.032526777550373476,0.9174982474914412,26.201382160186768,27.626829732424923,24.775934587948612,25.631465703297632,26.253732824141338,26.004331329996624,,25.419551849365234
2017-05-08,25.670974150467185,25.9672927996038,25.463552791614,25.829010009765625,829500,0.0,0,0.0046100439342187105,0.9217279547219454,26.144587993621826,27.533482088542915,24.755693898700738,25.631465703297632,26.253732824141338,26.120389577035226,,24.59507942199707
2017-05-09,25.848764861531027,26.016678196867435,25.42404278486035,25.661096572875977,603900,0.0,0,-0.006500962941520472,0.9157358354461346,26.05470504760742,27.317413773069507,24.791996322145334,25.61171123042947,26.253732824141338,26.172244461172582,,24.277212142944336
2017-05-10,25.86852117241693,26.47103220876678,25.86852117241693,26.26361083984375,864300,0.0,0,0.023479677310619618,0.9372370173641805,26.005318927764893,27.147192604049945,24.863445251479842,25.61171123042947,26.253732824141338,26.172244461172582,,24.783815383911133
2017-05-11,26.55004835443708,26.945139879195544,26.194468619664875,26.29324150085449,1020700,0.0,0,0.0011282021040985857,0.9382944101392099,25.94358606338501,26.858190120998593,25.028982005771425,25.794440972646107,26.253732824141338,26.172244461172582,,24.86328125
2017-05-12,26.26360983915225,26.26360983915225,25.236374859045902,25.305517196655277,779400,0.0,0,-0.03756571072330939,0.9030467137546221,25.87296380996704,26.75466972171315,24.99125789822093,25.794440972646107,26.253732824141338,26.172244461172582,,23.60173988342285
2017-05-15,26.06606289484834,26.145080821757546,25.315391647242944,25.483304977416992,854300,0.0,0,0.007025652919088188,0.9093912065351852,25.802835273742676,26.56491969796771,25.040750849517643,25.794440972646107,26.253732824141338,26.1105116636543,,22.31039810180664
2017-05-16,25.542570332884782,25.87839699977169,25.325269616701483,25.740114212036133,853200,0.0,0,0.010077548216242738,0.9185556402664707,25.759869194030763,26.42755102908186,25.092187358979665,25.794440972646107,26.253732824141338,26.004331539781234,26.717963197897934,21.34686088562012
2017-05-17,25.7401142833408,25.7401142833408,25.30551661764232,25.463552474975582,996200,0.0,0,-0.010744386554867313,0.9086863233952941,25.738633155822754,26.41568171553982,25.06158459610569,25.90802838338442,26.253732824141338,26.310526238683117,26.717963197897934,20.88992500305176
2017-05-18,25.18698957000885,25.720362018133656,25.18698957000885,25.503061294555664,861000,0.0,0,0.0015515831743786457,0.9100962258054622,25.722335720062254,26.405628878469813,25.039042561654696,26.0660647246022,26.253732824141338,26.45374665698474,26.717963197897934,21.277326583862305
2017-05-19,25.710484130116185,26.95501793857011,25.562323863160007,26.71796226501465,1147200,0.0,0,0.04763745639894368,0.9534508950811131,25.776166725158692,26.585036302706996,24.967297147610388,26.071003754289478,26.07594275688936,26.49819390306711,26.717963197897934,22.14153289794922
2017-05-22,26.96489331256817,27.211824576910136,26.44140023788227,26.520418167114254,858000,0.0,0,-0.007393681297284571,0.9464013830302727,25.82851619720459,26.68680065439447,24.970231740014707,26.199407073459493,25.927783321503405,26.49819390306711,26.717963197897934,22.389867782592773
2017-05-23,26.609313506872542,26.658699006043804,26.07594107292994,26.214223861694336,1045300,0.0,0,-0.011545606237823414,0.9354746053188736,25.834442615509033,26.701712320102107,24.96717291091596,26.199407073459493,25.927783321503405,26.49819390306711,26.717963197897934,22.50906753540039
2017-05-24,26.19435724858741,26.2936896593602,25.866555366962054,26.04535484313965,1168900,0.15,0,-0.00644188511724153,0.9294483853813126,25.836864280700684,26.706225848148257,24.96750271325311,26.199407073459493,25.927783321503405,26.49819390306711,26.717963197897934,22.687868118286133
2017-05-25,25.975820538239315,26.24402258559773,24.436145486475183,24.45601272583008,2007700,0.0,0,-0.061022094990892395,0.8727314977194426,25.752410793304442,26.798003898732507,24.706817687876377,25.823985031692658,25.823985031692658,26.4611542822985,26.717963197897934,23.025604248046875
2017-05-26,24.416279349874618,24.793747441444747,24.287146077523985,24.63481330871582,1162000,0.0,0,0.0073111093329163435,0.8791121331175492,25.68084831237793,26.823303798916903,24.538392825838955,25.74948532721706,25.74948532721706,26.406829510227936,26.717963197897934,21.94286346435547
2017-05-30,24.52554661472686,24.71427970809628,24.336811626713175,24.426212310791016,822800,0.0,0,-0.00846773203882989,0.8716680471422257,25.61564712524414,26.882844507924553,24.34844974256373,25.74948532721706,25.74948532721706,26.2907716225765,26.717963197897934,21.615062713623047
2017-05-31,24.009009078268218,24.456012486151437,23.61167376828548,24.217609405517575,2382100,0.0,0,-0.008540124953441253,0.864223893101709,25.553843879699706,26.96104682978644,24.14664092961297,25.41174917259781,25.41174917259781,26.2907716225765,26.717963197897934,21.87333106994629
2017-06-01,24.277211105597235,25.340083769530825,24.148075945792773,24.853347778320312,1208800,0.0,0,0.026251078797971505,0.8869107026186117,25.511974811553955,26.950222385524615,24.073727237583295,25.41174917259781,25.41174917259781,26.2907716225765,26.717963197897934,22.26073265075684
2017-06-02,24.595080130982456,24.92288200867796,23.93947637559145,24.67454719543457,1594100,0.0,0,-0.007194225280254263,0.8805300672205049,25.500674724578857,26.96158038041801,24.039769068739705,25.41174917259781,25.41174917259781,26.201876588950512,26.717963197897934,22.50906753540039
2017-06-05,24.456012401772952,25.24074939945083,24.386477064952203,25.111616134643555,1279900,0.0,0,0.01771335197145385,0.8961272062226295,25.470731353759767,26.937811465135606,24.003651242383928,25.135186387164644,25.41174917259781,26.07841105153188,26.717963197897934,22.37993431091309
2017-06-06,24.773882044116466,25.42948581391568,24.605014291613983,25.270551681518555,1039800,0.0,0,0.00632916440036424,0.9017989426344517,25.442808437347413,26.902712373499792,23.982904501195033,24.95268171382284,25.41174917259781,26.056187046408656,26.717963197897934,22.69780158996582
2017-06-07,25.03215023374412,25.409618320768764,24.04874269419018,24.654680252075195,1396400,0.0,0,-0.024371111371255583,0.8798211001690269,25.392487621307374,26.88815964485859,23.89681559775616,24.927848176941605,25.41174917259781,25.99692377361277,26.717963197897934,23.68120765686035
2017-06-08,24.555345281975367,24.91294801395153,24.41627839493763,24.44607925415039,1092900,0.0,0,-0.008460908670971157,0.8723770141937034,25.301611042022706,26.795366434772497,23.807855649272916,24.52057979110058,25.41174917259781,25.969761126905563,26.717963197897934,23.8798770904541
2017-06-09,24.50567922557165,25.429485025646265,24.22754355517625,24.9427490234375,1490200,0.0,0,0.02031694997482214,0.8901010543502615,25.234086418151854,26.66240234832404,23.805770487979668,24.52057979110058,25.41174917259781,26.031494053438006,26.717963197897934,23.55207252502441
2017-06-12,25.32021622928266,25.99568719505873,24.74407956341087,24.873214721679688,2118600,0.0,0,-0.0027877561407716467,0.8876196696700893,25.212471294403077,26.648958763275395,23.77598382553076,24.803680481672103,25.41174917259781,25.942599263719487,26.717963197897934,24.60501289367676
2017-06-13,24.883147738810205,25.469218054574725,24.86328239351298,25.419551849365234,1114100,0.0,0,0.02196487803441638,0.9071161274553418,25.20928363800049,26.643610916936712,23.774956359064266,24.967581785325088,25.41174917259781,25.942599263719487,26.717963197897934,24.515613555908203
2017-06-14,25.399683663211484,25.528818823376344,24.2374766949488,24.59507942199707,1146900,0.0,0,-0.03243457761387525,0.8776941990145936,25.152031898498535,26.588465791424365,23.715598005572705,24.967581785325088,25.41174917259781,25.942599263719487,26.717963197897934,24.287145614624023
2017-06-15,24.247411282952044,24.84341522028787,24.138143357624596,24.277212142944336,1242200,0.0,0,-0.012924019215341254,0.8663508623213354,25.092714881896974,26.570629045818578,23.61480071797537,25.022214944624455,25.41174917259781,25.932722027285404,26.717963197897934,24.47587776184082
2017-06-16,24.356679197433262,24.81361434924587,24.13814334687568,24.783815383911133,1604500,0.0,0,0.02086743889635745,0.8844293860036324,25.056752586364745,26.52789081423934,23.58561435849015,25.022214944624455,25.41174917259781,25.932722027285404,26.717963197897934,24.535480499267575
2017-06-19,24.813613152430563,24.893080213897463,24.505678526076856,24.86328125,948100,0.0,0,0.003206361282873882,0.8872651861443503,24.964018535614013,26.22063114634153,23.707405924886498,25.022214944624455,25.41174917259781,26.024086898393723,26.717963197897934,24.694414138793945
2017-06-20,24.267277230654912,24.277210850123357,23.343471461175945,23.60173988342285,2042300,0.0,0,-0.05073913430380994,0.8422461187014773,24.818084621429442,25.992137435620045,23.64403180723884,24.669579328117337,25.277648019043042,26.024086898393723,26.717963197897934,25.310283660888672
2017-06-21,23.353405425672317,23.55207213404372,21.93293002965002,22.31039810180664,2415700,0.0,0,-0.05471383838626276,0.7961636006813876,24.62289333343506,26.07261441927094,23.173172247599176,23.964308612354372,24.572377303280078,26.024086898393723,26.594497602861363,25.48908424377441
2017-06-22,22.36006740525969,22.419667231519576,21.31706002516802,21.34686088562012,2190800,0.0,0,-0.043187809190571746,0.7617790390106812,24.387968635559083,26.295685209602333,22.480252061515834,23.656373610113373,24.264442301039075,26.024086898393723,26.20928426353015,25.479150772094727
2017-06-23,21.32699290667923,21.43626082990822,20.60185571259141,20.88992500305176,4801600,0.0,0,-0.021405296311092004,0.7454729329570787,24.209664249420165,26.655873015402328,21.763455483438,23.065337267983878,23.906840144750774,26.08088060376288,26.06606416555757,25.17121696472168
2017-06-26,20.909790231638617,21.39652812623449,20.770723344407934,21.277326583862305,2110800,0.0,0,0.01854490050844837,0.759297654330509,24.04178991317749,26.793512509790187,21.29006731656479,23.065337267983878,23.906840144750774,26.15989877437177,26.06606416555757,25.131481170654297
2017-06-27,21.366727597167294,22.3004670271387,21.366727597167294,22.14153289794922,3551100,0.0,0,0.04061630161480756,0.7901375168742129,23.9275559425354,26.794510777861998,21.0606011072088,22.747467963244436,23.906840144750774,26.07347325558942,26.06606416555757,25.43941879272461
2017-06-28,22.13159934818033,22.81700207199044,22.06206400862584,22.389867782592773,1657100,0.0,0,0.011215794578818716,0.7989995369524919,23.83616886138916,26.77669967558608,20.895638047192243,22.747467963244436,23.630277359317606,26.063595197481447,26.06606416555757,25.866554260253903
2017-06-29,22.638202700518857,23.23420474226959,22.469334950117677,22.50906753540039,1009700,0.0,0,0.005323825668157367,0.8032532711961654,23.718954849243165,26.674976345921504,20.762933352564826,22.747467963244436,23.447772685975806,26.063595197481447,26.06606416555757,25.34008407592773
2017-06-30,22.74746794146364,22.91633568600341,22.419666072021045,22.687868118286133,1324400,0.0,0,0.007943491333194386,0.8096339065942721,23.619620895385744,26.5740222014513,20.665219589320188,22.439533281357384,23.422939149094567,26.063595197481447,26.06606416555757,24.396411895751957
2017-07-03,22.916336323644256,23.49247301610888,22.817002019154987,23.025604248046875,821200,0.0,0,0.01488619944368108,0.8216862784042012,23.515320301055908,26.397291178815742,20.633349423296075,22.076963923317564,23.29877145382507,25.823985031692658,26.06606416555757,24.13814353942871
2017-07-05,22.90640182317991,22.93620268177439,21.7541284825455,21.94286346435547,1624000,0.0,0,-0.04702333854206009,0.783047846359435,23.348935890197755,26.189857180932794,20.508014599462715,22.047164364350145,23.29877145382507,25.74948532721706,26.06606416555757,23.19447135925293
2017-07-06,22.121665968002212,22.90640300503672,21.54552926795921,21.615062713623047,1872700,0.0,0,-0.014938831992684531,0.771350026140438,23.196955013275147,26.06759055485048,20.326319471699815,22.047164364350145,23.29877145382507,25.74948532721706,26.06606416555757,23.03553771972656
2017-07-07,21.49586108824667,21.913063655331136,21.28726075202658,21.87333106994629,1697900,0.0,0,0.011948536062329707,0.780566529744456,23.06831760406494,25.93404385048611,20.202591357643772,22.131598180258408,23.29877145382507,25.41174917259781,25.73769867523574,23.0057373046875
2017-07-10,21.694529576062923,22.43953402058529,21.57532803129586,22.26073265075684,1052900,0.0,0,0.01771113780391853,0.7943912511178864,22.93421678543091,25.683969984464962,20.184463586396856,22.38986688406773,23.29877145382507,25.41174917259781,25.73769867523574,22.558732986450195
2017-07-11,22.28059995975299,22.568667360646607,21.85346377375916,22.50906753540039,1601600,0.0,0,0.011155737258949028,0.8032532711961654,22.816009426116942,25.420046792096244,20.21197206013764,22.38986688406773,23.29877145382507,25.41174917259781,25.73769867523574,22.032264709472656
2017-07-12,23.015670833897147,23.085204279267995,22.131599494791903,22.37993431091309,1208300,0.0,0,-0.005736942424834357,0.7986450534267532,22.664028549194335,24.97822975524091,20.34982734314776,22.38986688406773,23.29877145382507,25.273467779881226,25.73769867523574,22.09186363220215
2017-07-13,22.389866961804422,22.737534173610417,22.22099921836543,22.69780158996582,1230900,0.0,0,0.014203226633141997,0.8099883901200111,22.569164657592772,24.70584694423281,20.432482370952734,22.38986688406773,23.29877145382507,25.182215443210325,25.73769867523574,22.419666290283203
2017-07-14,22.79713633866216,23.79047557965581,22.777269099127665,23.68120765686035,1729200,0.0,0,0.04332604913284954,0.8450819869073884,22.539364433288576,24.59411082620244,20.484618040374713,22.538868165841194,23.29877145382507,25.16979867476971,25.73769867523574,22.439533233642575
2017-07-17,23.631542271599848,23.939476916478714,23.552073310707957,23.8798770904541,1193000,0.0,0,0.008389328638659821,0.8521716574221662,22.494167518615722,24.380568824995507,20.607766212235937,22.613368834252647,23.29877145382507,24.966164481849194,25.73769867523574,22.3700008392334
2017-07-18,24.19774454822167,24.257344372258068,23.06533652366463,23.55207252502441,994400,0.0,0,-0.013727230009937141,0.8404737010727827,22.428607082366945,24.051130775942703,20.806083388791187,22.772302562142322,23.29877145382507,24.966164481849194,25.73769867523574,22.32999992370605
2017-07-19,23.55207195806342,24.75401339750304,23.53220661362566,24.60501289367676,1200400,0.0,0,0.04470690923414855,0.8780486825403325,22.47877073287964,24.29587431956265,20.661667146196628,23.02063707476481,23.065337267983878,25.107714827134956,25.73769867523574,22.280000686645508
2017-07-20,24.962615091882736,25.012283192309443,24.20767891183984,24.515613555908203,981300,0.0,0,-0.003633379025439698,0.8748583988738755,22.589031505584718,24.61036785949535,20.567695151674084,23.293805611802654,23.065337267983878,25.189665478961448,25.73769867523574,23.309999465942383
2017-07-21,24.36661267947389,24.654680079063045,23.97920908051705,24.287145614624023,1116200,0.0,0,-0.009319283026025693,0.8667053458470741,22.73604574203491,24.8023122870031,20.66977919706672,23.4328734830343,22.807069452450428,25.189665478961448,25.73769867523574,22.36000061035156
2017-07-24,24.465944142288656,24.69441360269996,24.19774399295712,24.47587776184082,1958900,0.0,0,0.007770865716848707,0.8734403967057267,22.915343379974367,24.930881858794315,20.89980490115442,23.571941343550673,22.807069452450428,25.21698205861113,25.73769867523574,22.600000381469727
2017-07-25,24.93281582465305,25.02221650969532,24.525546879302404,24.535480499267575,2184100,0.0,0,0.0024351624079312906,0.8755673659253531,23.078251075744628,25.064025249711,21.092476901778255,23.621607864030373,22.812036111143364,25.21698205861113,25.73769867523574,22.3799991607666
2017-07-26,24.79374654718357,24.972547913715687,24.277211581767094,24.694414138793945,1532000,0.0,0,0.0064777064191228195,0.8812390342719822,23.205895137786865,25.262134359314146,21.149655916259583,23.899742804411492,22.812036111143364,25.21698205861113,25.73769867523574,22.549999237060547
2017-07-27,24.992415403710204,25.43941882452009,24.00900977257273,25.310283660888672,2808900,0.0,0,0.02493962880160905,0.9032168086722139,23.35191593170166,25.566107850272118,21.137724013131205,24.252377674092358,23.02063726855575,24.97361367358019,25.60359752168097,23.0
2017-07-28,24.98248101401546,26.07515453537924,24.863281368568764,25.48908424377441,1534400,0.0,0,0.007064345278833706,0.9095974440703207,23.500916767120362,25.86581267991975,21.136020854320975,24.570245529521934,23.338505123985325,24.268342957817225,24.89832680591801,23.8700008392334
2017-07-31,25.429484568644373,25.747352817872745,25.06194822132144,25.479150772094727,1327300,0.0,0,-0.00038971473375348786,0.909242960544582,23.64048089981079,26.124743455769252,21.156218343852327,24.80368057450245,23.338505123985325,23.960407955576223,24.590391803677008,24.209999084472656
2017-08-01,25.47915160439005,25.70761917915548,25.05201542004513,25.17121696472168,1389700,0.0,0,-0.012085717068337387,0.8982541073770627,23.747761535644532,26.301648443764662,21.1938746275244,25.027181807948146,23.422938939893587,23.486088706367326,24.232789647388703,24.43000030517578
2017-08-02,25.01228152685577,25.320216150420173,24.585145364848664,25.131481170654297,1155700,0.0,0,-0.0015786202996491694,0.896836105208914,23.907192420959472,26.386711859087438,21.427672982831506,25.027181807948146,23.681207643702912,23.486088706367326,24.232789647388703,24.31999969482422
2017-08-03,25.121550535943435,25.75728704950579,24.962614512908583,25.43941879272461,1285600,0.0,0,0.012253063000118303,0.9078250945068196,24.098410224914552,26.42490273798227,21.771917711846836,25.042082153975983,23.681207643702912,23.327154053997603,24.05499958013673,24.96999931335449
2017-08-04,25.5188851534914,25.94602132225869,25.419550852324367,25.866554260253903,1483500,0.0,0,0.0167902997709779,0.9230677499832054,24.29807138442993,26.507695709263583,22.08844705959628,25.042082153975983,23.681207643702912,23.18887266128102,23.906840144750774,25.36000061035156
2017-08-07,25.63808508814339,25.75728662981619,25.15134909104756,25.34008407592773,1108200,0.0,0,-0.02035331722304956,0.9042802592494307,24.452038955688476,26.493331475497257,22.410746435879695,25.042082153975983,23.681207643702912,23.09762032461012,23.906840144750774,25.780000686645508
2017-08-08,25.131482726840357,25.220883412547185,24.27721224457237,24.396411895751957,1205700,0.0,0,-0.03724029396856787,0.8706045965650091,24.546406173706053,26.3816710066687,22.711141340743406,25.042082153975983,23.681207643702912,22.931236215225976,23.906840144750774,26.020000457763672
2017-08-09,24.43614645766327,24.525547143669208,23.96927578748908,24.13814353942871,1020100,0.0,0,-0.010586325457483281,0.861388092960991,24.634316635131835,26.190481673615025,23.078151596648645,25.02221516143416,23.681207643702912,22.687867688571316,23.906840144750774,25.799999237060547
2017-08-10,24.22754317144852,24.28714488928912,23.17460411997273,23.19447135925293,1452100,0.0,0,-0.03909464614104763,0.8277124302765692,24.65915012359619,26.101404257074815,23.216895990117568,24.56031272111571,23.681207643702912,22.672967909087607,23.906840144750774,25.959999084472656
2017-08-11,22.846802731875893,23.293806151878997,22.75740204787527,23.03553771972656,1457700,0.0,0,-0.006852220818689525,0.8220407619299399,24.626866626739503,26.181057529917418,23.072675723561588,24.35171168506698,23.681207643702912,22.672967909087607,23.906840144750774,26.100000381469727
2017-08-14,23.13487247058095,23.264005741830104,22.896469378876777,23.0057373046875,640900,0.0,0,-0.0012936713438879144,0.8209773113527233,24.58315963745117,26.26432894722502,22.90199032767732,24.35171168506698,23.82524128333755,22.715184817041738,23.906840144750774,26.530000686645508
2017-08-15,22.856735892006604,22.856735892006604,22.29053283448692,22.558732986450195,723200,0.0,0,-0.01943012355210305,0.8050256207596665,24.533492660522462,26.385527468124696,22.68145785292023,24.118277078372806,23.9643091545692,22.8443191689464,23.906840144750774,25.799999237060547
2017-08-16,22.58853415496616,22.648133979036544,21.93293040625918,22.032264709472656,1006700,0.0,0,-0.023337670484142925,0.7862381980910849,24.404855251312256,26.55590375552704,22.25380674709747,23.939475864258938,24.00404247081921,22.8443191689464,23.906840144750774,25.940000534057617
2017-08-17,21.9031286532613,22.330264813401246,21.883263309144503,22.09186363220215,1583400,0.0,0,0.002705074739950186,0.788365031180325,24.283667755126952,26.65997584927887,21.907359660975036,23.820274969480344,23.979208922261872,22.8443191689464,23.906840144750774,26.6299991607666
2017-08-18,22.04219821362529,22.55873317726597,21.972664770133907,22.419666290283203,909400,0.0,0,0.014838162299863011,0.8000629194645152,24.190293788909912,26.70307884875966,21.677508729060165,23.552073360845846,23.979208922261872,22.8443191689464,23.906840144750774,26.40999984741211
2017-08-21,22.350132551863588,22.707735278979552,22.24086463087944,22.439533233642575,1391400,0.0,0,0.0008861391200984947,0.800771886515993,24.0884765625,26.71057900111667,21.466374123883327,23.204405226406855,23.979208922261872,22.91881980983313,23.906840144750774,26.530000686645508
2017-08-22,22.55873393659299,22.79713702893701,22.350133599097344,22.3700008392334,869800,0.0,0,-0.0030986560052385093,0.798290569901014,23.98020257949829,26.69768532267802,21.26271983631856,23.08520409921681,23.979208922261872,22.956070144038858,23.906840144750774,26.549999237060547
2017-08-23,22.31999969482422,22.649999618530277,22.25,22.32999992370605,921100,0.15,0,-0.0017881499341382279,0.7968631066710223,23.861981868743896,26.65046810624325,21.073495631244544,22.58853473051175,23.979208922261872,23.035537007983695,23.906840144750774,26.270000457763672
2017-08-24,22.290000915527344,22.59000015258789,22.190000534057617,22.280000686645508,1155700,0.0,0,-0.002239106011257208,0.7950788456987261,23.710467720031737,26.496993925694152,20.92394151436932,22.573634525487304,23.979208922261872,23.042987171374342,23.906840144750774,25.84000015258789
2017-08-25,23.170000076293945,23.549999237060547,22.57999992370605,23.309999465942383,2250000,0.0,0,0.046229746299525365,0.8318351390234977,23.601513481140138,26.26788344203264,20.935143520247635,22.716631273102525,23.979208922261872,23.179571439893266,23.906840144750774,25.43000030517578
2017-08-28,23.36000061035156,23.549999237060547,22.26000022888184,22.36000061035156,1555300,0.0,0,-0.04075499259357951,0.7979337040935158,23.44555597305298,26.01654700970268,20.874564936403278,22.716631273102525,23.979208922261872,23.119971467742364,23.906840144750774,25.450000762939453
2017-08-29,22.149999618530277,22.68000030517578,22.06999969482422,22.600000381469727,991900,0.0,0,0.010733442064713605,0.8064982792778859,23.31699514389038,25.783899407307587,20.850090880473175,22.716631273102525,23.979208922261872,23.18950539800055,23.906840144750774,25.46999931335449
2017-08-30,22.450000762939453,22.450000762939453,21.8799991607666,22.3799991607666,1209500,0.0,0,-0.009734567123437232,0.7986473676433187,23.179421043395998,25.529083880960982,20.829758205831013,22.714999198913574,23.97757684807292,23.21682198758687,23.906840144750774,25.26000022888184
2017-08-31,22.559999465942383,22.88999938964844,22.3700008392334,22.549999237060547,1143800,0.0,0,0.00759607161165432,0.8047139502403965,23.034950065612794,25.152475720601306,20.91742441062428,22.714999198913574,23.97757684807292,23.35588945777743,23.906840144750774,25.489999771118164
2017-09-01,22.540000915527344,23.280000686645508,22.540000915527344,23.0,626700,0.0,0,0.019955688610396205,0.8207725712518357,22.8916223526001,24.558937367220732,21.224307337979464,22.714999198913574,23.97757684807292,23.63650747132405,23.906840144750774,25.31999969482422
2017-09-05,23.3700008392334,23.93000030517578,23.350000381469727,23.8700008392334,824600,0.0,0,0.037826123444930415,0.8518192158522205,22.818118190765382,24.137024272660117,21.499212108870648,22.90499973297119,23.913010241512644,23.954375326753627,23.906840144750774,25.420000076293945
2017-09-06,23.989999771118164,24.26000022888184,23.8700008392334,24.209999084472656,1294100,0.0,0,0.014243746681417147,0.8639523129811829,22.808797550201415,24.08442052240406,21.53317457799877,23.06999969482422,23.913010241512644,24.07109284924389,23.906840144750774,25.34000015258789
2017-09-07,24.21999931335449,24.6200008392334,23.850000381469727,24.43000030517578,972900,0.0,0,0.009087204833651885,0.8718032246157502,22.823390388488768,24.165204756932045,21.48157602004549,23.25,23.913010241512644,24.22506037392087,23.906840144750774,25.489999771118164
2017-09-08,24.280000686645508,24.479999542236328,24.170000076293945,24.31999969482422,791800,0.0,0,-0.004502685590562883,0.8678777687984667,22.879666805267334,24.367177887095195,21.392155723439473,23.25,23.913010241512644,24.35419472582553,23.906840144750774,25.46999931335449
2017-09-11,24.399999618530277,25.09000015258789,24.209999084472656,24.96999931335449,794700,0.0,0,0.026726958334156725,0.8910735017642842,22.97638988494873,24.723791005155867,21.228988764741594,23.484999656677246,23.913010241512644,24.361644898839447,23.906840144750774,25.030000686645508
2017-09-12,25.0,25.559999465942383,24.790000915527344,25.36000061035156,1114300,0.0,0,0.015618794862701124,0.9049909959959294,23.094103050231933,25.130267077459845,21.05793902300402,23.719999313354492,23.818642895291397,24.361644898839447,23.630277359317606,24.8700008392334
2017-09-13,25.43000030517578,26.25,25.3799991607666,25.780000686645508,964300,0.0,0,0.016561516805425835,0.919979019584875,23.255166435241698,25.58791475971281,20.922418110770586,24.3100004196167,24.0649995803833,24.361644898839447,23.447772685975806,24.8700008392334
2017-09-14,26.0,26.540000915527344,25.809999465942383,26.020000457763672,802700,0.0,0,0.009309533154608696,0.9285435947692449,23.45455322265625,26.008800648309464,20.90030579700304,24.540000915527344,24.210000038146973,24.361644898839447,23.422939149094567,24.809999465942383
2017-09-15,26.07999992370605,26.15999984741211,25.780000686645508,25.799999237060547,1667500,0.0,0,-0.008455081354062144,0.9206926831346776,23.63996000289917,26.308665607963203,20.971254397835136,24.945000648498535,24.210000038146973,24.351711402568537,23.338505123985325,24.57999992370605
2017-09-18,25.770000457763672,26.34000015258789,25.6200008392334,25.959999084472656,792700,0.0,0,0.0062015446567253996,0.9264023999242575,23.816976642608644,26.60668907625797,21.027264208959316,25.195000648498535,24.210000038146973,24.120760182409313,23.338505123985325,24.3700008392334
2017-09-19,26.09000015258789,26.309999465942383,25.899999618530277,26.100000381469727,654700,0.0,0,0.005392962324132222,0.9313984531640347,24.0,26.883966990940742,21.116033009059258,25.195000648498535,24.210000038146973,24.016459664384946,23.338505123985325,23.600000381469727
2017-09-20,26.239999771118164,26.799999237060547,26.21999931335449,26.530000686645508,1013800,0.0,0,0.016475107237204023,0.9467433425604781,24.207999992370606,27.191171753268236,21.224828231472976,25.484999656677246,24.339999198913574,24.088476484202268,23.338505123985325,19.34000015258789
2017-09-21,26.450000762939453,26.450000762939453,25.57999992370605,25.799999237060547,1338400,0.0,0,-0.027516073527748652,0.9206926831346774,24.38149995803833,27.310139441764825,21.452860474311834,25.5049991607666,24.339999198913574,24.041293116471003,23.338505123985325,19.040000915527344
2017-09-22,25.6299991607666,26.21999931335449,25.559999465942383,25.940000534057617,791500,0.0,0,0.005426407020817425,0.9256887363744547,24.564499950408937,27.39993297505127,21.729066925766602,25.795000076293945,24.339999198913574,23.971759167539076,23.338505123985325,19.709999084472656
2017-09-25,26.239999771118164,26.950000762939453,26.1299991607666,26.6299991607666,948900,0.0,0,0.026599792309296877,0.9503118645050707,24.730499935150146,27.641281289246344,21.819718581053948,26.164999961853027,24.414999961853027,23.899741945871106,23.338505123985325,20.21999931335449
2017-09-26,26.43000030517578,26.6299991607666,26.21999931335449,26.40999984741211,720700,0.0,0,-0.008261333844824637,0.9424610209356965,24.932999897003175,27.71526349842407,22.15073629558228,26.255000114440918,24.414999961853027,23.765641141553857,23.338505123985325,20.149999618530277
2017-09-27,26.459999084472656,26.59000015258789,26.040000915527344,26.530000686645508,882100,0.0,0,0.004543765237664532,0.946743342560478,25.129499912261963,27.775255545648026,22.4837442788759,26.255000114440918,24.414999961853027,23.591807074334362,23.338505123985325,20.200000762939453
2017-09-28,26.700000762939453,26.86000061035156,26.440000534057617,26.549999237060547,975200,0.0,0,0.0007538088917240504,0.9474570061102806,25.33799991607666,27.726243853560334,22.94975597859299,26.255000114440918,24.414999961853027,23.532206510739343,23.338505123985325,20.799999237060547
2017-09-29,26.670000076293945,26.700000762939453,26.06999969482422,26.270000457763672,780400,0.0,0,-0.01054609368523185,0.9374650357611123,25.523999977111817,27.565526044581226,23.482473909642408,26.255000114440918,24.414999961853027,23.28387182638681,23.338505123985325,22.040000915527344
2017-10-02,25.8799991607666,26.020000457763672,25.46999931335449,25.84000015258789,1209300,0.0,0,-0.01636849248888006,0.9221201463646689,25.665999984741212,27.344813903497762,23.987186065984663,26.210000038146973,24.414999961853027,23.276421723874588,23.338505123985325,21.600000381469727
2017-10-03,25.899999618530277,25.920000076293945,25.40999984741211,25.43000030517578,957700,0.0,0,-0.015866867066215873,0.9074889885832211,25.74399995803833,27.211272907793735,24.276727008282926,26.18000030517578,24.414999961853027,23.3479200976822,23.338505123985325,21.350000381469727
2017-10-04,25.43000030517578,25.65999984741211,25.290000915527344,25.450000762939453,1405300,0.0,0,0.0007864906615671075,0.9082027201982168,25.80600004196167,27.101777020803087,24.510223063120254,26.1200008392334,24.414999961853027,23.3479200976822,23.338505123985325,21.34000015258789
2017-10-05,25.540000915527344,25.61000061035156,25.34000015258789,25.46999931335449,926100,0.0,0,0.0007857976351874907,0.9089163837480194,25.857999992370605,27.001726150314436,24.714273834426773,26.1200008392334,24.414999961853027,23.3479200976822,23.338505123985325,20.68000030517578
2017-10-06,25.09000015258789,25.32999992370605,24.739999771118164,25.26000022888184,1510800,0.0,0,-0.008244958387672252,0.9014224059861434,25.905000019073487,26.85009918221882,24.959900855928154,25.800000190734863,24.660000801086426,23.346288023493248,23.338505123985325,20.200000762939453
2017-10-09,25.290000915527344,25.600000381469727,25.290000915527344,25.489999771118164,970200,0.0,0,0.009105286625189724,0.9096301153630154,25.93100004196167,26.796183020260123,25.065817063663218,25.800000190734863,24.7450008392334,23.346288023493248,23.338505123985325,19.600000381469727
2017-10-10,25.8700008392334,26.040000915527344,25.229999542236328,25.31999969482422,1509100,0.0,0,-0.006669285124379143,0.9035635327659376,25.928999996185304,26.799680847798225,25.058319144572383,25.800000190734863,25.15000057220459,23.346288023493248,23.338505123985325,19.440000534057617
2017-10-11,25.26000022888184,25.450000762939453,25.200000762939453,25.420000076293945,1401600,0.0,0,0.003949462190955932,0.9071321227757232,25.910999965667724,26.80803375587451,25.013966175460936,25.72000026702881,25.40000057220459,23.409004987241918,23.338505123985325,18.700000762939453
2017-10-12,25.15999984741211,25.549999237060547,25.11000061035156,25.34000015258789,943800,0.0,0,-0.0031471252346950696,0.9042772643809333,25.876999950408937,26.8062549079678,24.947744992850073,25.390000343322754,25.40000057220459,23.49150496816843,23.338505123985325,19.07999992370605
2017-10-13,25.57999992370605,25.84000015258789,25.459999084472656,25.489999771118164,722400,0.0,0,0.005919479780072345,0.9096301153630153,25.861499977111816,26.80575958061877,24.917240373604862,25.390000343322754,25.5600004196167,23.581505120756322,23.422938939893587,18.479999542236328
2017-10-16,25.700000762939453,25.76000022888184,25.38999938964844,25.46999931335449,992300,0.0,0,-0.0007846393857695588,0.9089163837480194,25.83699998855591,26.795241815980077,24.878758161131742,25.390000343322754,25.579999923706055,23.581505120756322,23.681207643702912,18.520000457763672
2017-10-17,25.420000076293945,25.540000915527344,24.959999084472656,25.030000686645508,1208800,0.0,0,-0.017275172303529707,0.8932146966092712,25.783500003814698,26.795598442333052,24.771401565296344,25.390000343322754,25.84500026702881,23.699004949094945,23.681207643702912,18.809999465942383
2017-10-18,25.030000686645508,25.270000457763672,24.71999931335449,24.8700008392334,977200,0.0,0,-0.006392322933393868,0.8875049798196913,25.700500011444092,26.726431802477997,24.674568220410187,25.380000114440918,25.835000038146973,23.769321104322945,23.681207643702912,19.0
2017-10-19,24.670000076293945,25.059999465942383,24.489999771118164,24.8700008392334,1241700,0.0,0,0.0,0.8875049798196913,25.654000091552735,26.740851787618833,24.567148395486637,25.265000343322754,25.72000026702881,24.1875,23.76863037601329,18.790000915527344
2017-10-20,24.8799991607666,24.979999542236328,24.59000015258789,24.809999465942383,1361100,0.0,0,-0.0024126003725887246,0.885363784974704,25.59750003814697,26.73584379596753,24.459156280326408,25.265000343322754,25.72000026702881,24.375000476837158,23.913630833776963,18.90999984741211
2017-10-23,24.82999992370605,24.920000076293945,24.399999618530277,24.57999992370605,933900,0.0,0,-0.009270437210289417,0.8771560755978318,25.495000076293945,26.61174739172857,24.37825276085932,25.119999885559082,25.675000190734863,24.577500343322754,23.913630833776963,19.290000915527344
2017-10-24,24.770000457763672,24.86000061035156,24.3700008392334,24.3700008392334,1188800,0.0,0,-0.008543494105958893,0.8696620978359557,25.39300012588501,26.52951705487838,24.25648319689164,25.105000495910645,25.660000801086426,24.702500343322754,23.913630833776963,19.540000915527344
2017-10-25,24.40999984741211,24.459999084472656,23.56999969482422,23.600000381469727,1488000,0.0,0,-0.031596242562455856,0.8421840432453567,25.246500110626222,26.508841503284653,23.98415871796779,24.704999923706055,25.260000228881836,24.702500343322754,23.913630833776963,20.0
2017-10-26,19.06999969482422,20.25,17.110000610351562,19.34000015258789,12512600,0.0,0,-0.1805084813569201,0.6901626805761066,24.886000156402588,27.674936124993707,22.09706418781147,21.4350004196167,22.030000686645508,24.91249942779541,24.187663634178204,20.13999938964844
2017-10-27,18.670000076293945,19.239999771118164,18.21999931335449,19.040000915527344,4281300,0.0,0,-0.015511852879711796,0.6794569786119425,24.524500179290772,28.23561799255899,20.813382366022555,21.325000762939453,22.030000686645508,24.922499179840088,24.326731505409853,19.270000457763672
2017-10-30,18.93000030517578,20.059999465942383,18.799999237060547,19.709999084472656,3107400,0.0,0,0.03518897776937191,0.7033663751275628,24.21800012588501,28.42861177883951,20.007388472930508,21.190000534057617,22.030000686645508,25.06749963760376,24.339999198913574,18.280000686645508
2017-10-31,19.59000015258789,20.440000534057617,19.59000015258789,20.21999931335449,3261300,0.0,0,0.02587520307312463,0.7215661229187961,23.957500076293947,28.472988022300708,19.442012130287186,21.085000038146973,21.985000610351562,25.289999961853027,24.414999961853027,18.43000030517578
2017-11-01,20.290000915527344,20.76000022888184,19.950000762939453,20.149999618530277,2368800,0.0,0,-0.00346190391697887,0.7190681303315042,23.692500019073485,28.44501726679254,18.93998277135443,21.045000076293945,21.985000610351562,25.335000038146973,24.414999961853027,18.84000015258789
2017-11-02,20.200000762939453,20.75,20.100000381469727,20.200000762939453,2470800,0.0,0,0.002481446419641431,0.7208524593689936,23.429000091552734,28.34154006309245,18.51646012001302,21.015000343322754,21.985000610351562,25.335000038146973,24.414999961853027,19.309999465942383
2017-11-03,20.11000061035156,20.850000381469727,20.030000686645508,20.799999237060547,1770500,0.0,0,0.029702893636613048,0.7422638632973217,23.20600004196167,28.1710342406898,18.24096584323354,20.985000610351562,21.905000686645508,25.335000038146973,24.414999961853027,19.26000022888184
2017-11-06,21.200000762939453,22.07999992370605,20.920000076293945,22.040000915527344,2143000,0.0,0,0.05961546749758595,0.7865142705143559,23.033500099182127,27.907037980758005,18.15996221760625,20.78499984741211,21.575000762939453,25.335000038146973,24.414999961853027,18.3799991607666
2017-11-07,22.239999771118164,22.61000061035156,21.51000022888184,21.600000381469727,2010500,0.0,0,-0.019963725761355744,0.7708125153104145,22.847500133514405,27.64019178373477,18.05480848329404,19.860000610351562,21.575000762939453,25.3125,24.414999961853027,18.59000015258789
2017-11-08,21.57999992370605,21.63999938964844,21.270000457763672,21.350000381469727,917100,0.0,0,-0.011574073869668577,0.7618910743185467,22.644000148773195,27.325645294788647,17.962355002757743,20.414999961853024,21.575000762939453,25.297500133514404,24.414999961853027,18.420000076293945
2017-11-09,21.239999771118164,21.63999938964844,21.190000534057617,21.34000015258789,1508600,0.0,0,-0.00046839478703308846,0.7615342085110489,22.444000148773192,26.986054606683027,17.901945690863357,20.704999923706055,21.575000762939453,25.267500400543213,24.414999961853027,19.399999618530277
2017-11-10,21.350000381469727,21.479999542236328,20.6299991607666,20.68000030517578,1646500,0.0,0,-0.03092782768007951,0.7379816097377334,22.203500175476073,26.5795234953114,17.827476855640747,21.100000381469727,21.575000762939453,25.267500400543213,24.414999961853027,19.3700008392334
2017-11-13,20.6200008392334,20.6200008392334,20.059999465942383,20.200000762939453,1092100,0.0,0,-0.023210809243372932,0.7208524593689936,21.94000024795532,26.126052845882498,17.753947650028145,21.280000686645508,21.575000762939453,25.230000495910645,24.414999961853027,20.06999969482422
2017-11-14,20.06999969482422,20.18000030517578,19.56999969482422,19.600000381469727,799700,0.0,0,-0.0297029880598092,0.6994409873754722,21.668500232696534,25.718381983118732,17.618618482274336,21.09000015258789,21.575000762939453,25.27250051498413,24.414999961853027,20.549999237060547
2017-11-15,19.38999938964844,19.84000015258789,19.100000381469727,19.440000534057617,1384800,0.0,0,-0.008163257362146625,0.6937312705858923,21.397000217437743,25.27452757879696,17.519472856078526,20.855000495910645,21.475000381469727,25.475000381469727,24.414999961853027,20.5
2017-11-16,18.700000762939453,19.0,18.3799991607666,18.700000762939453,2393700,0.0,0,-0.03806583080189385,0.6673238134177869,21.088500213623046,24.787458633612125,17.389541793633967,20.494999885559082,21.475000381469727,25.5600004196167,24.414999961853027,20.850000381469727
2017-11-17,18.809999465942383,19.190000534057617,18.6200008392334,19.07999992370605,1659100,0.0,0,0.020320809907115045,0.6808843737767408,20.80200023651123,24.173317888544926,17.430682584477534,20.494999885559082,21.475000381469727,25.395000457763672,24.414999961853027,20.61000061035156
2017-11-20,18.989999771118164,18.989999771118164,18.3700008392334,18.479999542236328,1463000,0.0,0,-0.03144656099941856,0.6594729017832196,20.497000217437744,23.52913547965644,17.46486495521905,20.005000114440918,21.4350004196167,25.475000381469727,24.414999961853027,20.82999992370605
2017-11-21,18.540000915527344,18.600000381469727,18.059999465942383,18.520000457763672,1828200,0.0,0,0.0021645517596426966,0.6609003650132111,20.204500198364258,22.774571560765327,17.634428835963188,19.84999942779541,21.325000762939453,25.485000133514404,24.414999961853027,21.13999938964844
2017-11-22,18.76000022888184,18.90999984741211,18.700000762939453,18.809999465942383,1244500,0.0,0,0.015658693359110742,0.6712492011698774,19.96500015258789,22.07103207545513,17.858968229720652,19.769999504089355,21.190000534057617,25.61750030517578,24.414999961853027,21.68000030517578
2017-11-24,19.01000022888184,19.100000381469727,18.75,19.0,315800,0.0,0,0.01010103878001889,0.678029515381951,19.948000144958495,22.07955016617461,17.81645012374238,19.34000015258789,21.085000038146973,25.607500076293945,24.414999961853027,22.530000686645508
2017-11-27,18.88999938964844,18.93000030517578,18.520000457763672,18.790000915527344,1073100,0.0,0,-0.011052583393297732,0.6705355376200748,19.935500144958496,22.091260900723984,17.779739389193008,19.119999885559082,21.045000076293945,25.49250030517578,24.414999961853027,23.040000915527344
2017-11-28,18.729999542236328,18.950000762939453,18.63999938964844,18.90999984741211,992700,0.0,0,0.006386318575727357,0.6748177911796632,19.89550018310547,22.096224072472552,17.694776293738386,18.949999809265137,21.015000343322754,25.49250030517578,24.414999961853027,23.149999618530277
2017-11-29,18.82999992370605,19.350000381469727,18.82999992370605,19.290000915527344,985800,0.0,0,0.02009524437765875,0.6883784196038104,19.849000263214112,22.05971962430927,17.638280902118954,18.704999923706055,20.985000610351562,25.397500038146973,24.414999961853027,23.450000762939453
2017-11-30,19.38999938964844,20.229999542236328,19.25,19.540000915527344,1365900,0.0,0,0.012960082329429357,0.6972998605956783,19.818500328063966,22.02859196778218,17.60840868834575,19.144999504089355,20.78499984741211,25.382500648498535,24.414999961853027,22.96999931335449
2017-12-01,19.770000457763672,20.09000015258789,19.549999237060547,20.0,1266700,0.0,0,0.023541405471845245,0.7137152793494224,19.808500289916992,22.013343605895766,17.603656973938218,19.144999504089355,19.860000610351562,24.982500076293945,24.414999961853027,22.549999237060547
2017-12-04,20.01000022888184,20.479999542236328,19.979999542236328,20.13999938964844,1227000,0.0,0,0.006999969482422097,0.7187112645240067,19.775500297546387,21.938919549595237,17.612081045497536,19.269999504089355,20.335000038146973,21.732500553131104,22.030000686645508,23.059999465942383
2017-12-05,20.09000015258789,20.15999984741211,19.239999771118164,19.270000457763672,845600,0.0,0,-0.04319756495781879,0.6876646879888149,19.637000274658202,21.53901478510688,17.734985764209526,19.5,20.335000038146973,21.67750072479248,22.030000686645508,22.440000534057617
2017-12-06,19.13999938964844,19.13999938964844,18.239999771118164,18.280000686645508,1040800,0.0,0,-0.05137518150495446,0.6523357898288417,19.471000289916994,21.23152271208317,17.710477867750818,19.359999656677246,20.335000038146973,21.610000610351562,22.030000686645508,22.1299991607666
2017-12-07,18.309999465942383,18.61000061035156,18.049999237060547,18.43000030517578,1256400,0.0,0,0.008205668101525676,0.6576886408109237,19.325000286102295,20.911976072782878,17.738024499421712,19.264999389648438,20.329999923706055,21.535000324249268,22.030000686645508,22.030000686645508
2017-12-08,18.65999984741211,18.8799991607666,18.399999618530277,18.84000015258789,1228500,0.0,0,0.02224632884552724,0.6723197985923713,19.200000286102295,20.496894011554783,17.903106560649807,19.264999389648438,20.329999923706055,21.515000343322754,22.030000686645508,21.81999969482422
2017-12-11,18.959999084472656,19.51000022888184,18.899999618530277,19.309999465942383,1440400,0.0,0,0.024946884795536084,0.6890920831536133,19.131500244140625,20.23718078674323,18.02581970153802,19.264999389648438,20.329999923706055,21.500000476837158,22.030000686645508,22.149999618530277
2017-12-12,19.36000061035156,19.6200008392334,19.26000022888184,19.26000022888184,944700,0.0,0,-0.002589292513898278,0.687307822181317,19.084500217437743,20.077524358250766,18.09147607662472,19.264999389648438,20.329999923706055,21.445000648498535,22.030000686645508,22.6299991607666
2017-12-13,19.25,19.34000015258789,18.149999618530277,18.3799991607666,1152300,0.0,0,-0.045690605278166596,0.6559043117734341,19.023500156402587,20.03229700868405,18.014703304121124,19.264999389648438,20.329999923706055,21.18000030517578,22.030000686645508,22.68000030517578
2017-12-14,18.25,18.809999465942383,18.190000534057617,18.59000015258789,1582100,0.0,0,0.01142551694287075,0.6633983576005035,18.9810001373291,19.987622490964,17.9743777836942,19.264999389648438,19.844999313354492,20.717500686645508,22.030000686645508,22.290000915527344
2017-12-15,18.6299991607666,18.780000686645508,18.36000061035156,18.420000076293945,2084300,0.0,0,-0.009144705481364923,0.6573317750034257,18.967000102996828,19.996642881567944,17.93735732442571,19.104999542236328,19.844999313354492,20.99500036239624,22.030000686645508,21.709999084472656
2017-12-18,18.46999931335449,19.6200008392334,18.46999931335449,19.399999618530277,1159600,0.0,0,0.0532030151019145,0.6923038073559011,18.983000087738038,20.029162365560893,17.936837809915183,18.835000038146973,19.764999389648438,21.140000343322754,22.030000686645508,21.82999992370605
2017-12-19,19.450000762939453,19.65999984741211,19.239999771118164,19.3700008392334,708300,0.0,0,-0.0015463288601420544,0.6912332779986005,19.02750015258789,20.059766464873817,17.995233840301964,18.854999542236328,19.335000038146973,21.33750057220459,22.030000686645508,21.030000686645508
2017-12-20,19.459999084472656,20.1299991607666,19.350000381469727,20.06999969482422,1009000,0.0,0,0.03613829763873788,0.7162132719367144,19.10500011444092,20.204523303631806,18.005476925250033,19.139999389648438,19.264999389648438,21.42750072479248,22.030000686645508,20.700000762939453
2017-12-21,19.93000030517578,20.65999984741211,19.93000030517578,20.549999237060547,955800,0.0,0,0.0239162705298952,0.7333424223054542,19.192000102996825,20.450143320559345,17.933856885434306,19.40499973297119,19.354999542236328,21.332500457763672,22.030000686645508,20.68000030517578
2017-12-22,20.59000015258789,20.649999618530277,20.31999969482422,20.5,461500,0.0,0,-0.0024330529886530394,0.7315581613331579,19.267000102996825,20.64491271146728,17.88908749452637,19.40499973297119,19.354999542236328,21.165000438690186,22.030000686645508,20.88999938964844
2017-12-26,20.6200008392334,20.899999618530277,20.450000762939453,20.850000381469727,542900,0.0,0,0.017073189339986694,0.7440481923348115,19.370000076293945,20.891973584785482,17.848026567802407,19.524999618530277,19.47499942779541,20.985000133514404,22.030000686645508,20.40999984741211
2017-12-27,20.850000381469727,20.88999938964844,20.559999465942383,20.61000061035156,585700,0.0,0,-0.011510780178760394,0.7354836171504414,19.455000114440917,21.05352769402822,17.856472534853616,19.545000076293945,19.47499942779541,20.985000133514404,22.030000686645508,19.71999931335449
2017-12-28,20.63999938964844,20.8700008392334,20.530000686645508,20.82999992370605,589700,0.0,0,0.010674396256155072,0.7433344607198155,19.532000064849854,21.237307848933195,17.826692280766512,19.630000114440918,19.47499942779541,20.72000026702881,22.030000686645508,20.100000381469727
2017-12-29,20.8799991607666,21.280000686645508,20.36000061035156,21.13999938964844,1092200,0.0,0,0.014882355596631092,0.7543970284914777,19.611999988555908,21.45725744933159,17.766742527780227,19.875,19.664999961853027,20.58750009536743,22.030000686645508,19.31999969482422
2018-01-02,21.15999984741211,21.81999969482422,21.040000915527344,21.68000030517578,1262100,0.0,0,0.0255440364767352,0.7736673737052047,19.696000003814696,21.74799715639908,17.64400285123031,20.52999973297119,19.934999465942383,20.480000019073486,22.030000686645508,18.459999084472656
2018-01-03,21.790000915527344,22.71999931335449,21.549999237060547,22.530000686645508,1603800,0.0,0,0.03920665911000021,0.8040002866905938,19.81550006866455,22.21070028495748,17.420299852371624,21.03499984741211,20.38499927520752,20.21250009536743,22.030000686645508,17.860000610351562
2018-01-04,22.3799991607666,23.190000534057617,22.07999992370605,23.040000915527344,2926000,0.0,0,0.022636494156173415,0.8222000344818271,20.004000091552733,22.767219157204682,17.240781025900784,21.5600004196167,20.619999885559082,20.082499980926514,22.030000686645508,18.350000381469727
2018-01-05,22.93000030517578,23.190000534057617,22.51000022888184,23.149999618530277,1527600,0.0,0,0.004774249072568404,0.8261254222339177,20.247500038146974,23.213272207148634,17.281727869145314,21.755000114440918,20.619999885559082,19.982500076293945,22.030000686645508,17.899999618530273
2018-01-08,23.07999992370605,23.559999465942383,22.88999938964844,23.450000762939453,2339100,0.0,0,0.01295901293099977,0.8368311922632747,20.498500061035156,23.652355736219658,17.344644385850653,21.960000038146973,20.804999351501465,19.84500026702881,22.030000686645508,18.25
2018-01-09,23.46999931335449,23.46999931335449,22.13999938964844,22.96999931335449,1995600,0.0,0,-0.02046914430568214,0.8197019738293417,20.705000019073488,23.938149922238477,17.4718501159085,21.960000038146973,20.804999351501465,19.964999675750732,22.030000686645508,17.8700008392334
2018-01-10,23.020000457763672,23.059999465942383,22.36000061035156,22.549999237060547,1773700,0.0,0,-0.01828472306700324,0.8047139502403963,20.867000007629393,24.129196270508807,17.60480374474998,21.960000038146973,20.804999351501465,19.50250005722046,22.030000686645508,18.450000762939453
2018-01-11,22.780000686645508,23.399999618530277,22.46999931335449,23.059999465942383,976600,0.0,0,0.022616418897418722,0.8229136980316296,21.056999969482423,24.36550097440459,17.748498964560255,21.960000038146973,20.804999351501465,19.802499771118164,22.030000686645508,18.799999237060547
2018-01-12,22.559999465942383,22.84000015258789,22.049999237060547,22.440000534057617,1452000,0.0,0,-0.02688633765150128,0.8007885624883057,21.260000038146973,24.377259571804814,18.142740504489133,22.300000190734863,20.804999351501465,19.917500019073486,22.030000686645508,18.709999084472656
2018-01-16,22.34000015258789,22.520000457763672,21.63999938964844,22.1299991607666,1562000,0.0,0,-0.013814677625364591,0.7897259266514506,21.436999988555907,24.31836558134758,18.555634395764233,22.554999351501465,20.804999351501465,19.84749984741211,22.030000686645508,19.0
2018-01-17,22.190000534057617,22.649999618530277,21.899999618530277,22.030000686645508,1207400,0.0,0,-0.004518684044885868,0.786157404706858,21.617500019073486,24.147565816876984,19.087434221269987,22.59999942779541,20.854999542236328,19.797499656677246,21.985000610351562,19.920000076293945
2018-01-18,22.01000022888184,22.239999771118164,21.670000076293945,21.81999969482422,855200,0.0,0,-0.009532500466447602,0.7786633588797887,21.738500022888182,24.052823012349364,19.424177033427,22.59999942779541,20.854999542236328,19.797499656677246,21.985000610351562,19.299999237060547
2018-01-19,21.61000061035156,22.18000030517578,21.459999084472656,22.149999618530277,823500,0.0,0,0.015123736403366506,0.7904396582664466,21.877499961853026,23.921505314665925,19.833494609040127,22.50999927520752,20.854999542236328,19.797499656677246,21.985000610351562,18.709999084472656
2018-01-22,22.26000022888184,22.700000762939453,22.06999969482422,22.6299991607666,1115700,0.0,0,0.021670408600583668,0.8075688086351862,22.005499935150148,23.893787702882015,20.11721216741828,22.464999198913574,20.854999542236328,19.797499656677246,21.905000686645508,18.3799991607666
2018-01-23,22.63999938964844,23.06999969482422,22.549999237060547,22.68000030517578,1191600,0.0,0,0.0022095071260923582,0.8093531376726756,22.111999988555908,23.896213095642295,20.32778688146952,22.429999351501465,20.875,19.797499656677246,21.575000762939453,18.0
2018-01-24,22.76000022888184,22.8700008392334,22.0,22.290000915527344,518500,0.0,0,-0.017195740052941555,0.7954357115062236,22.201500034332277,23.82385406952144,20.579145999143115,22.429999351501465,20.960000038146973,19.554999351501465,21.575000762939453,18.15999984741211
2018-01-25,22.549999237060547,22.549999237060547,21.600000381469727,21.709999084472656,886300,0.0,0,-0.026020718135128296,0.7747379030625049,22.244499969482423,23.762422819239315,20.72657711972553,22.264999389648438,21.014999389648438,19.47499942779541,21.575000762939453,18.81999969482422
2018-01-26,21.81999969482422,22.149999618530277,21.549999237060547,21.82999992370605,1045500,0.0,0,0.005527445614644133,0.7790202246872864,22.305499935150145,23.64102008956702,20.96997978073327,22.264999389648438,21.399999618530273,19.299999713897705,21.575000762939453,18.780000686645508
2018-01-29,21.68000030517578,21.76000022888184,20.959999084472656,21.030000686645508,957100,0.0,0,-0.03664678148678291,0.7504716407393869,22.31549997329712,23.60854469718012,21.02245524941412,22.014999389648438,21.454999923706055,19.09499979019165,21.575000762939453,18.32999992370605
2018-01-30,20.700000762939453,20.84000015258789,20.270000457763672,20.700000762939453,1331100,0.0,0,-0.0156918646187022,0.7386953413527291,22.29350004196167,23.67852836082305,20.90847172310029,21.670000076293945,21.744999885559082,19.202499389648438,21.575000762939453,18.780000686645508
2018-01-31,20.770000457763672,20.84000015258789,20.280000686645508,20.68000030517578,1210300,0.0,0,-0.0009662056534548435,0.7379816097377333,22.24350004196167,23.7792310802038,20.70776900371954,21.670000076293945,21.914999961853027,19.37999963760376,21.575000762939453,19.100000381469727
2018-02-01,20.709999084472656,21.190000534057617,20.63999938964844,20.88999938964844,717500,0.0,0,0.010154694457141789,0.7454755874996096,22.161499977111816,23.80012346557446,20.522876488649175,21.670000076293945,21.914999961853027,19.37999963760376,21.475000381469727,19.21999931335449
2018-02-02,20.46999931335449,20.809999465942383,20.170000076293945,20.40999984741211,1333300,0.0,0,-0.02297747995503463,0.7283464371308697,22.029999923706054,23.78481770051207,20.27518214690004,21.619999885559082,21.864999771118164,19.499999523162842,21.475000381469727,18.81999969482422
2018-02-05,20.190000534057617,20.75,19.670000076293945,19.71999931335449,1217000,0.0,0,-0.03380698379305036,0.7037232409350603,21.858499908447264,23.804194114835795,19.912805702058733,21.270000457763672,21.614999771118164,19.509999752044678,21.475000381469727,19.13999938964844
2018-02-06,19.299999237060547,20.3700008392334,19.059999465942383,20.100000381469727,1070400,0.0,0,0.019269831711297147,0.7172838693592075,21.690999889373778,23.63660682945079,19.745392949296765,20.804999351501465,21.309999465942383,19.552499771118164,21.4350004196167,18.239999771118164
2018-02-07,20.100000381469727,20.399999618530277,19.200000762939453,19.31999969482422,1309400,0.0,0,-0.03880600357423847,0.6894489489611105,21.508499908447266,23.61956367321819,19.39743614367634,20.604999542236328,21.309999465942383,19.769999980926514,21.325000762939453,19.26000022888184
2018-02-08,19.299999237060547,19.46999931335449,18.450000762939453,18.459999084472656,1576900,0.0,0,-0.04451348985175996,0.6587591701682236,21.30399990081787,23.742683520613145,18.865316281022597,20.105000495910645,21.005000114440918,20.232499599456787,21.190000534057617,18.770000457763672
2018-02-09,18.700000762939453,18.84000015258789,17.40999984741211,17.860000610351562,1131500,0.0,0,-0.03250262751235855,0.6373477662398954,21.04399995803833,23.77320412669539,18.31479578938127,19.300000190734863,20.484999656677246,20.709999561309814,21.085000038146973,19.01000022888184
2018-02-12,18.010000228881836,18.65999984741211,17.940000534057617,18.350000381469727,962800,0.0,0,0.027435596549429064,0.654833782416133,20.839499950408936,23.72962621583209,17.94937368498578,19.300000190734863,20.484999656677246,21.09000015258789,21.045000076293945,20.1200008392334
2018-02-13,18.15999984741211,18.270000457763672,17.780000686645508,17.899999618530273,981700,0.0,0,-0.024523201830223162,0.6387751614046937,20.62799997329712,23.72352400716133,17.532475939432906,19.300000190734863,20.484999656677246,21.1875,21.015000343322754,19.170000076293945
2018-02-14,17.649999618530273,18.6299991607666,17.649999618530273,18.25,1695800,0.0,0,0.019553094353555345,0.6512651924063472,20.438999938964844,23.630199390477284,17.247800487452405,19.109999656677246,20.4399995803833,21.38249969482422,20.985000610351562,19.32999992370605
2018-02-15,18.399999618530277,18.399999618530277,17.59000015258789,17.8700008392334,1418100,0.0,0,-0.020821871822827465,0.6377046320473931,20.241499996185304,23.55432575267782,16.92867423969279,19.079999923706055,20.40499973297119,21.38249969482422,20.78499984741211,19.57999992370605
2018-02-16,17.829999923706055,18.65999984741211,17.799999237060547,18.450000762939453,1480500,0.0,0,0.032456625431861896,0.6584023724259187,20.056500053405763,23.33504970173896,16.777950405072566,18.90499973297119,20.40499973297119,21.38249969482422,20.335000038146973,18.770000457763672
2018-02-20,18.450000762939453,19.170000076293945,18.450000762939453,18.799999237060547,1233000,0.0,0,0.018970106213986426,0.670892335362379,19.86500005722046,22.96027522133609,16.76972489310483,18.90499973297119,20.239999771118164,21.38249969482422,20.804999351501465,17.920000076293945
2018-02-21,18.739999771118164,19.459999084472656,18.600000381469727,18.709999084472656,1530800,0.0,0,-0.004787242353205712,0.6676806111600911,19.6664999961853,22.51060353551334,16.822396456857263,18.4399995803833,20.239999771118164,21.552499771118164,20.804999351501465,18.540000915527344
2018-02-22,18.989999771118164,19.479999542236328,18.65999984741211,19.0,1129500,0.0,0,0.015499782454185818,0.6780295153819503,19.501999950408937,22.086123585041072,16.9178763157768,18.44499969482422,20.239999771118164,21.679999351501465,20.804999351501465,17.950000762939453
2018-02-23,19.239999771118164,20.280000686645508,18.1299991607666,19.920000076293945,3054900,0.0,0,0.048421056647049765,0.7108604209546314,19.4125,21.798899865098633,17.02610013490137,18.9350004196167,20.239999771118164,21.72749948501587,20.804999351501465,18.479999542236328
2018-02-26,19.899999618530277,19.899999618530277,18.65999984741211,19.299999237060547,2912100,0.0,0,-0.031124540002951062,0.6887352173461143,19.285999965667724,21.395762136149145,17.176237795186303,18.9350004196167,20.239999771118164,21.72749948501587,20.804999351501465,18.600000381469727
2018-02-27,19.15999984741211,19.75,18.700000762939453,18.709999084472656,1598500,0.0,0,-0.030569957301083805,0.6676806111600909,19.169999885559083,21.13183521459698,17.208164556521186,18.9350004196167,20.239999771118164,21.682499408721924,20.804999351501465,19.18000030517578
2018-02-28,18.809999465942383,19.020000457763672,18.32999992370605,18.3799991607666,1892300,0.0,0,-0.017637623722810303,0.6559043117734332,19.053999805450438,20.910681079184364,17.197318531716512,18.9350004196167,20.239999771118164,21.65999937057495,20.804999351501465,18.56999969482422
2018-03-01,18.270000457763672,18.549999237060547,17.93000030517578,18.0,1264000,0.0,0,-0.020674601638597245,0.6423437514144792,18.91999979019165,20.670630038082315,17.169369542300984,19.039999961853027,20.140000343322754,21.652499675750732,20.804999351501465,18.61000061035156
2018-03-02,17.729999542236328,18.209999084472656,17.43000030517578,18.15999984741211,1199000,0.0,0,0.008888880411783928,0.6480534682040592,18.783499813079835,20.307136648665328,17.259862977494343,18.855000495910645,19.979999542236328,21.69499969482422,20.804999351501465,19.540000915527344
2018-03-05,17.940000534057617,18.899999618530277,17.81999969482422,18.81999969482422,1353500,0.0,0,0.03634360423775895,0.6716060669773746,18.70399980545044,20.031135094887194,17.376864516013686,18.855000495910645,19.77999973297119,21.639999389648438,20.804999351501465,20.34000015258789
2018-03-06,18.899999618530277,19.350000381469727,18.57999992370605,18.780000686645508,1489500,0.0,0,-0.0021253458462973107,0.6701786718125762,18.65699987411499,19.899904596904694,17.414095151325288,18.855000495910645,19.585000038146973,21.832499504089355,20.804999351501465,20.51000022888184
2018-03-07,18.530000686645508,19.01000022888184,18.010000228881836,18.32999992370605,1313600,0.0,0,-0.02396170109085527,0.6541200508011369,18.568499851226807,19.623843847125265,17.51315585532835,18.855000495910645,19.300000190734863,21.734999656677246,20.804999351501465,20.450000762939453
2018-03-08,18.32999992370605,18.82999992370605,18.32999992370605,18.780000686645508,1005900,0.0,0,0.024549959891569495,0.6701786718125762,18.541499900817872,19.544326200261523,17.53867360137422,18.664999961853027,19.300000190734863,21.707499980926514,20.804999351501465,20.040000915527344
2018-03-09,18.84000015258789,19.520000457763672,18.84000015258789,19.100000381469727,1109400,0.0,0,0.017039386747827567,0.681598105391736,18.573499965667725,19.604637305611654,17.542362625723797,18.59000015258789,19.300000190734863,21.792500019073486,20.804999351501465,19.6200008392334
2018-03-12,19.01000022888184,19.299999237060547,18.75,19.21999931335449,928900,0.0,0,0.006282666465346365,0.6858803589513243,18.64149990081787,19.654476839151044,17.628522962484695,18.475000381469727,19.109999656677246,21.792500019073486,20.804999351501465,20.170000076293945
2018-03-13,19.26000022888184,19.290000915527344,18.600000381469727,18.81999969482422,1337800,0.0,0,-0.020811635422501862,0.6716060669773746,18.664999866485594,19.671553819448032,17.658445913523156,18.475000381469727,19.079999923706055,21.742499828338623,20.804999351501465,20.100000381469727
2018-03-14,19.299999237060547,19.56999969482422,18.940000534057617,19.13999938964844,1856000,0.0,0,0.01700317215797975,0.6830255005565345,18.726999855041505,19.68871656810895,17.76528314197406,18.5,18.90499973297119,21.442500114440918,20.804999351501465,20.07999992370605
2018-03-15,19.200000762939453,19.200000762939453,17.93000030517578,18.239999771118164,1788100,0.0,0,-0.047021925142642806,0.650908326598849,18.726499843597413,19.68922886892802,17.763770818266806,18.69499969482422,18.90499973297119,21.057499408721924,20.804999351501465,20.51000022888184
2018-03-16,18.280000686645508,19.3700008392334,18.25,19.26000022888184,2804500,0.0,0,0.055921078429988835,0.687307822181316,18.795999813079835,19.69962479016989,17.89237483598978,18.75,18.84500026702881,20.957499504089355,20.804999351501465,20.600000381469727
2018-03-19,19.1200008392334,19.170000076293945,18.420000076293945,18.770000457763672,1340800,0.0,0,-0.025441316993515706,0.6698218060050782,18.811999797821045,19.701625776682043,17.922373818960047,18.75,18.84500026702881,20.55500030517578,20.804999351501465,21.420000076293945
2018-03-20,18.850000381469727,19.200000762939453,18.809999465942383,19.01000022888184,1026000,0.0,0,0.012786348708846207,0.6783863811894483,18.82249984741211,19.71630413409817,17.92869556072605,18.75,18.855000495910645,19.892499923706055,20.484999656677246,20.989999771118164
2018-03-21,19.15999984741211,20.26000022888184,18.959999084472656,20.1200008392334,1031700,0.0,0,0.05839035228758904,0.7179976009742028,18.892999935150147,19.949700543661606,17.836299326638688,19.09500026702881,18.855000495910645,19.892499923706055,20.484999656677246,21.420000076293945
2018-03-22,19.739999771118164,19.93000030517578,19.170000076293945,19.170000076293945,1209600,0.0,0,-0.04721673575117258,0.684096097979028,18.901499938964843,19.964290112904585,17.8387097650251,19.09500026702881,18.855000495910645,19.892499923706055,20.484999656677246,21.239999771118164
2018-03-23,19.3799991607666,19.790000915527344,19.1200008392334,19.32999992370605,1199800,0.0,0,0.008346366550616935,0.6898058147686078,18.87199993133545,19.848416115982324,17.895583746688573,19.09500026702881,18.855000495910645,19.774999618530273,20.484999656677246,20.82999992370605
2018-03-26,19.489999771118164,19.6200008392334,18.959999084472656,19.57999992370605,979300,0.0,0,0.012933264406969958,0.6987272557604756,18.885999965667725,19.89441878975936,17.87758114157609,19.09500026702881,18.855000495910645,19.742499828338623,20.484999656677246,21.15999984741211
2018-03-27,19.6299991607666,19.6299991607666,18.649999618530277,18.770000457763672,732800,0.0,0,-0.04136871650145868,0.6698218060050782,18.889000034332277,19.89564281289553,17.882357255769023,19.09500026702881,18.855000495910645,19.65499973297119,20.484999656677246,20.8799991607666
2018-03-28,18.709999084472656,18.709999084472656,17.850000381469727,17.920000076293945,1603400,0.0,0,-0.04528504852103765,0.6394888930196893,18.86600008010864,19.937753274943084,17.794246885274198,19.05500030517578,18.855000495910645,19.572499752044678,20.484999656677246,21.68000030517578
2018-03-29,18.010000228881836,18.65999984741211,17.940000534057617,18.540000915527344,979400,0.0,0,0.0345982609706339,0.6616140966282062,18.89300012588501,19.900750848787283,17.885249402982737,19.05500030517578,18.855000495910645,19.339999675750732,20.484999656677246,21.63999938964844
2018-04-02,18.450000762939453,18.530000686645508,17.719999313354492,17.950000762939453,1599300,0.0,0,-0.031823091879880305,0.6405594904421829,18.882500171661377,19.924746772661447,17.840253570661307,18.989999771118164,18.855000495910645,19.34249973297119,20.484999656677246,22.209999084472656
2018-04-03,18.09000015258789,18.6200008392334,17.889999389648438,18.479999542236328,1878900,0.0,0,0.029526393134820417,0.6594729017832189,18.86550016403198,19.92241812076951,17.808582207294453,18.989999771118164,18.84500026702881,19.58750009536743,20.484999656677246,23.399999618530277
2018-04-04,18.15999984741211,18.65999984741211,18.0,18.600000381469727,1731100,0.0,0,0.006493552067419417,0.6637552234080004,18.856500148773193,19.919290036233498,17.79371026131289,18.824999809265137,18.84500026702881,19.58750009536743,20.484999656677246,23.59000015258789
2018-04-05,18.729999542236328,19.59000015258789,18.700000762939453,19.18000030517578,1444400,0.0,0,0.03118279095756793,0.6844529637865259,18.89900016784668,19.941751539196954,17.856248796496406,18.755000114440918,18.84500026702881,19.58750009536743,20.484999656677246,23.450000762939453
2018-04-06,19.040000915527344,19.209999084472656,18.280000686645508,18.56999969482422,1173100,0.0,0,-0.03180399377715093,0.6626846259855067,18.888500118255614,19.940121088012653,17.836879148498575,18.674999237060547,18.84500026702881,19.58750009536743,20.484999656677246,23.299999237060547
2018-04-09,18.82999992370605,18.82999992370605,18.59000015258789,18.61000061035156,753100,0.0,0,0.0021540611838830603,0.6641120892154981,18.864000129699708,19.91762111665779,17.810379142741624,18.674999237060547,18.84500026702881,19.59000015258789,20.484999656677246,23.770000457763672
2018-04-10,19.149999618530277,19.770000457763672,19.040000915527344,19.540000915527344,1111300,0.0,0,0.04997314748385784,0.6972998605956772,18.88000020980835,19.96436792779459,17.79563249182211,18.744999885559082,18.989999771118164,19.417500019073486,20.484999656677246,23.8700008392334
2018-04-11,19.440000534057617,20.56999969482422,19.36000061035156,20.34000015258789,1139300,0.0,0,0.040941617173867906,0.7258484445435769,18.956000232696532,20.214076366904948,17.697924098488116,19.144999504089355,19.144999504089355,19.317500114440918,20.484999656677246,24.26000022888184
2018-04-12,20.420000076293945,20.809999465942383,20.06999969482422,20.51000022888184,912800,0.0,0,0.0083579191257932,0.7319150271406549,19.0245002746582,20.454607401275293,17.59439314804111,19.264999389648438,19.264999389648438,19.22000026702881,20.484999656677246,24.489999771118164
2018-04-13,20.549999237060547,20.670000076293945,20.13999938964844,20.450000762939453,875600,0.0,0,-0.0029253761712735304,0.7297739003608607,19.13500032424927,20.645713540217994,17.624287108280544,19.34999942779541,19.264999389648438,19.077500343322754,20.484999656677246,24.6299991607666
2018-04-16,20.450000762939453,20.450000762939453,19.899999618530277,20.040000915527344,1133700,0.0,0,-0.020048891546015635,0.7151427425794129,19.174000358581544,20.73558386600232,17.61241685116077,19.40499973297119,19.264999389648438,18.982500076293945,20.484999656677246,23.8799991607666
2018-04-17,20.1299991607666,20.1299991607666,19.51000022888184,19.6200008392334,1610000,0.0,0,-0.020958086681948318,0.7001547189904673,19.21650037765503,20.7780564017722,17.65494435353786,19.545000076293945,19.264999389648438,18.945000171661377,20.484999656677246,23.71999931335449
2018-04-18,19.93000030517578,20.649999618530277,19.93000030517578,20.170000076293945,1357100,0.0,0,0.028032579690859816,0.7197818619464992,19.274500370025635,20.88696897634398,17.66203176370729,19.545000076293945,19.264999389648438,18.792500019073486,20.484999656677246,23.950000762939453
2018-04-19,20.280000686645508,20.559999465942383,19.899999618530277,20.100000381469727,843600,0.0,0,-0.003470485600369,0.7172838693592071,19.27350034713745,20.88387099812871,17.66312969614619,19.699999809265137,19.264999389648438,18.77750015258789,20.484999656677246,22.90999984741211
2018-04-20,20.049999237060547,20.239999771118164,19.709999084472656,20.07999992370605,654800,0.0,0,-0.000995047631049517,0.7165701377442112,19.319000339508058,20.966504058409356,17.67149662060676,19.925000190734863,19.264999389648438,18.702499866485596,20.484999656677246,23.200000762939453
2018-04-23,19.989999771118164,20.51000022888184,19.90999984741211,20.51000022888184,851500,0.0,0,0.021414357908843273,0.7319150271406548,19.378000354766847,21.10628548049689,17.649715229036804,20.085000038146973,19.264999389648438,18.799999713897705,20.484999656677246,23.959999084472656
2018-04-24,20.649999618530277,21.200000762939453,20.5,20.600000381469727,2509200,0.0,0,0.004388110754925734,0.7351267513429425,19.42900037765503,21.237349841973565,17.620650913336494,20.355000495910645,19.460000038146973,18.797500133514404,20.484999656677246,23.82999992370605
2018-04-25,20.559999465942383,21.46999931335449,20.450000762939453,21.420000076293945,1852100,0.0,0,0.03980580969123815,0.7643890669058377,19.561500358581544,21.539585849534852,17.583414867628235,20.489999771118164,19.594999313354492,18.797500133514404,20.484999656677246,23.670000076293945
2018-04-26,20.5,21.540000915527344,20.059999465942383,20.989999771118164,2396300,0.0,0,-0.020074710721017852,0.7490441775093943,19.715000343322753,21.63472094915824,17.795279737487267,20.52500057220459,19.630000114440918,18.802500247955322,20.484999656677246,23.43000030517578
2018-04-27,20.68000030517578,21.59000015258789,20.489999771118164,21.420000076293945,1172900,0.0,0,0.02048596045091222,0.7643890669058379,19.859000301361085,21.836396906803863,17.881603695918308,20.550000190734863,19.65499973297119,18.975000381469727,20.484999656677246,23.68000030517578
2018-04-30,21.36000061035156,21.61000061035156,21.239999771118164,21.239999771118164,1204100,0.0,0,-0.008403375561841897,0.7579656185012622,20.02350025177002,21.880768172337323,18.166232331202718,20.65999984741211,19.664999961853027,18.975000381469727,20.484999656677246,23.809999465942383
2018-05-01,21.049999237060547,21.13999938964844,20.420000076293945,20.82999992370605,1416000,0.0,0,-0.01930319453061502,0.7433344607198145,20.141000270843506,21.885543745056964,18.396456796630048,20.65999984741211,19.664999961853027,18.975000381469727,20.4399995803833,24.520000457763672
2018-05-02,20.780000686645508,21.170000076293945,20.76000022888184,21.15999984741211,1747500,0.0,0,0.015842531200900067,0.7551107601064724,20.269000244140624,21.914293096890503,18.623707391390745,20.65999984741211,19.664999961853027,18.975000381469727,20.40499973297119,24.280000686645508
2018-05-03,21.09000015258789,21.13999938964844,20.489999771118164,20.8799991607666,1567900,0.0,0,-0.013232546723281335,0.745118721692111,20.354000186920167,21.939393773568465,18.76860660027187,20.760000228881836,19.664999961853027,18.975000381469727,20.40499973297119,24.61000061035156
2018-05-04,20.780000686645508,21.799999237060547,20.63999938964844,21.68000030517578,1555500,0.0,0,0.03831423259404998,0.7736673737052038,20.509500217437743,21.968163307964197,19.05083712691129,20.929999351501465,19.75999927520752,18.955000400543213,20.239999771118164,24.530000686645508
2018-05-07,21.86000061035156,22.209999084472656,21.600000381469727,21.63999938964844,1078200,0.0,0,-0.0018450606533335634,0.7722399104752123,20.661000156402586,21.91150737986589,19.410492932939285,21.13499927520752,19.964999198913574,18.955000400543213,20.239999771118164,24.100000381469727
2018-05-08,21.65999984741211,22.290000915527344,21.51000022888184,22.209999084472656,1222100,0.0,0,0.026340097546253993,0.7925807850462399,20.794500064849853,22.10703680851153,19.481963321188175,21.175000190734863,20.09000015258789,18.922500133514404,20.239999771118164,23.790000915527344
2018-05-09,22.61000061035156,23.600000381469727,22.51000022888184,23.399999618530277,1561700,0.0,0,0.053579494962229246,0.8350468632257846,20.947500038146973,22.667649584480532,19.227350491813414,22.010000228881836,20.800000190734863,18.917500019073486,20.239999771118164,22.65999984741211
2018-05-10,23.420000076293945,23.709999084472656,23.030000686645508,23.59000015258789,1464500,0.0,0,0.00811968107500105,0.841827177437858,21.101500034332275,23.159693830590562,19.04330623807399,22.0649995803833,20.994999885559082,18.835000038146973,20.239999771118164,23.61000061035156
2018-05-11,23.65999984741211,23.809999465942383,23.18000030517578,23.450000762939453,1720800,0.0,0,-0.005934692189185076,0.8368311922632737,21.251500034332274,23.526258028982422,18.976742039682126,22.114999771118164,21.045000076293945,18.800000190734863,20.239999771118164,23.729999542236328
2018-05-14,23.739999771118164,24.36000061035156,23.170000076293945,23.299999237060547,2418400,0.0,0,-0.006396653347490289,0.8314782732159985,21.414499950408935,23.784897093354072,19.044102807463798,22.425000190734863,21.475000381469727,18.759999752044678,20.239999771118164,23.950000762939453
2018-05-15,23.25,23.799999237060547,23.040000915527344,23.770000457763672,1132700,0.0,0,0.020171726870941153,0.8482506258424335,21.62199993133545,24.054159627607056,19.18984023506384,22.425000190734863,21.700000762939453,18.759999752044678,20.140000343322754,23.459999084472656
2018-05-16,23.84000015258789,24.200000762939453,23.770000457763672,23.8700008392334,901600,0.0,0,0.004206999560114166,0.8518192158522192,21.806999969482423,24.33137937533313,19.282620563631713,22.5,21.86000061035156,18.867499828338623,19.979999542236328,24.63999938964844
2018-05-17,24.020000457763672,24.68000030517578,24.020000457763672,24.26000022888184,1565600,0.0,0,0.016338474065213493,0.8657366420186712,22.01499996185303,24.627471618440754,19.402528305265303,23.09500026702881,22.09500026702881,19.144999504089355,19.77999973297119,23.489999771118164
2018-05-18,24.25,24.559999465942383,24.21999931335449,24.489999771118164,1019800,0.0,0,0.009480607587237566,0.8739443513955429,22.235499954223634,24.901938010284546,19.569061898162722,23.09500026702881,22.09500026702881,19.264999389648438,19.585000038146973,24.1299991607666
2018-05-21,24.600000381469727,24.68000030517578,24.040000915527344,24.6299991607666,2401100,0.0,0,0.005716594159120625,0.8789403365701272,22.44149990081787,25.179305586318364,19.703694215317377,23.59500026702881,22.09500026702881,19.307499408721924,19.300000190734863,24.899999618530277
2018-05-22,24.670000076293945,25.01000022888184,23.709999084472656,23.8799991607666,1465500,0.0,0,-0.030450670952302916,0.8521760135945239,22.605499839782716,25.273749469103713,19.93725021046172,24.020000457763672,22.26000022888184,19.334999561309814,19.300000190734863,25.229999542236328
2018-05-23,23.549999237060547,23.81999969482422,23.36000061035156,23.71999931335449,738900,0.0,0,-0.006700161349879052,0.8464662968049439,22.720499801635743,25.372491381399826,20.06850822187166,24.02500057220459,22.359999656677246,19.40499973297119,19.300000190734863,25.459999084472656
2018-05-24,23.520000457763672,24.21999931335449,23.459999084472656,23.950000762939453,1307000,0.0,0,0.009696520077699722,0.8546740742470091,22.868499851226808,25.446220873727906,20.29077882872571,24.02500057220459,22.359999656677246,19.40499973297119,19.109999656677246,24.979999542236328
2018-05-25,23.15999984741211,23.31999969482422,22.40999984741211,22.90999984741211,1245900,0.0,0,-0.04342383642578651,0.8175608470495465,22.942999839782715,25.432643526671427,20.453356152894003,23.710000038146973,22.359999656677246,19.482499599456787,19.109999656677246,25.59000015258789
2018-05-29,22.6200008392334,23.25,22.59000015258789,23.200000762939453,1592600,0.0,0,0.012658267894318787,0.8279097512714058,23.04099988937378,25.404567494535723,20.677432284211836,23.710000038146973,22.460000038146973,19.59499979019165,19.109999656677246,25.8700008392334
2018-05-30,23.43000030517578,24.09000015258789,23.25,23.959999084472656,1195700,0.0,0,0.03275854726467298,0.8550308719893137,23.19749984741211,25.3584635125672,21.03653618225702,23.710000038146973,22.53499984741211,19.674999713897705,19.109999656677246,26.34000015258789
2018-05-31,23.65999984741211,23.899999618530277,23.43000030517578,23.82999992370605,1522700,0.0,0,-0.0054256746967428215,0.8503917526222273,23.330999851226807,25.290390335143403,21.37160936731021,23.710000038146973,22.53499984741211,19.90750026702881,19.30500030517578,26.729999542236328
2018-06-01,23.899999618530277,24.489999771118164,23.540000915527344,23.670000076293945,1317900,0.0,0,-0.006714219384152731,0.8446820358326476,23.470499897003172,25.073347294397145,21.8676524996092,23.710000038146973,22.53499984741211,20.042499542236328,19.4399995803833,26.93000030517578
2018-06-04,23.780000686645508,23.959999084472656,23.1200008392334,23.43000030517578,1297500,0.0,0,-0.010139407281140156,0.8361174606482777,23.557999897003175,24.932879595002547,22.183120199003802,23.710000038146973,22.71500015258789,20.077500343322754,19.485000610351562,25.899999618530277
2018-06-05,23.34000015258789,23.729999542236328,23.15999984741211,23.68000030517578,654600,0.0,0,0.010670080953638417,0.8450389016401455,23.659999942779542,24.71234603884024,22.607653846718843,23.449999809265137,22.71500015258789,20.102499961853027,19.510000228881836,25.68000030517578
2018-06-06,23.709999084472656,24.059999465942383,23.63999938964844,23.809999465942383,635300,0.0,0,0.005489829353515052,0.8496780210072317,23.739999961853027,24.553017429972552,22.9269824937335,23.449999809265137,22.71500015258789,20.16249990463257,19.520000457763672,26.350000381469727
2018-06-07,24.06999969482422,24.739999771118164,24.06999969482422,24.520000457763672,840400,0.0,0,0.029819445936438038,0.8750149488180364,23.796000003814697,24.660844002764737,22.931156004864658,23.574999809265137,22.75,20.16249990463257,19.520000457763672,26.309999465942383
2018-06-08,24.520000457763672,24.56999969482422,23.81999969482422,24.280000686645508,972600,0.0,0,-0.009787918704633358,0.8664503736336666,23.830500030517577,24.714765909949055,22.9462341510861,23.664999961853027,22.75,20.16249990463257,19.520000457763672,26.600000381469727
2018-06-11,24.18000030517578,24.729999542236328,23.81999969482422,24.61000061035156,1503300,0.0,0,0.013591429751793838,0.8782266730203241,23.888500022888184,24.816888149041475,22.960111896734894,23.93000030517578,22.82499980926514,20.21250009536743,19.520000457763672,26.43000030517578
2018-06-12,24.6200008392334,25.170000076293945,24.36000061035156,24.530000686645508,851500,0.0,0,-0.0032507079123110794,0.8753718146255343,23.950000095367432,24.877249021471215,23.02275116926365,24.145000457763672,23.34000015258789,20.344999313354492,19.614999771118164,26.850000381469727
2018-06-13,24.43000030517578,24.43000030517578,23.88999938964844,24.100000381469727,939000,0.0,0,-0.017529567596379247,0.8600269252290907,23.966500091552735,24.892074517370677,23.040925665734793,24.145000457763672,23.34000015258789,20.549999237060547,19.81999969482422,26.479999542236328
2018-06-14,24.280000686645508,24.280000686645508,23.6200008392334,23.790000915527344,804300,0.0,0,-0.012863048175747682,0.8489643574574288,23.96250009536743,24.8904220240297,23.034578166705163,24.145000457763672,23.789999961853027,20.632500171661377,19.860000610351562,26.600000381469727
2018-06-15,23.540000915527344,23.540000915527344,22.61000061035156,22.65999984741211,3239800,0.0,0,-0.047498992208012125,0.8086394060576784,23.882500076293944,24.959662844375472,22.805337308212415,23.890000343322754,23.789999961853027,21.40500020980835,20.515000343322754,26.61000061035156
2018-06-18,22.729999542236328,23.8700008392334,22.700000762939453,23.61000061035156,1579300,0.0,0,0.04192412927345823,0.842540909052853,23.838500118255617,24.88389259322859,22.793107643282642,23.890000343322754,23.789999961853027,21.52999973297119,20.56999969482422,26.8700008392334
2018-06-19,23.21999931335449,23.8700008392334,23.13999938964844,23.729999542236328,980400,0.0,0,0.005082546750640793,0.8468231626124415,23.7935001373291,24.773485454691684,22.813514819966517,23.890000343322754,23.789999961853027,21.579999923706055,20.619999885559082,26.06999969482422
2018-06-20,23.93000030517578,24.1299991607666,23.68000030517578,23.950000762939453,1071400,0.0,0,0.009271016643365382,0.8546740742470088,23.797000217437745,24.77871351583791,22.81528691903758,23.890000343322754,23.789999961853027,21.950000286102295,20.895000457763672,26.030000686645508
2018-06-21,23.75,24.200000762939453,23.36000061035156,23.459999084472656,886500,0.0,0,-0.020459359618269057,0.8371879900055781,23.784000205993653,24.77639196322662,22.791608448760687,23.890000343322754,23.789999961853027,22.062500476837158,20.895000457763672,27.290000915527344
2018-06-22,24.38999938964844,24.96999931335449,24.280000686645508,24.63999938964844,8016800,0.0,0,0.05029839519289614,0.879297202377625,23.818500137329103,24.878032086659488,22.75896818799872,23.890000343322754,23.789999961853027,22.18000030517578,21.039999961853027,27.36000061035156
2018-06-25,24.549999237060547,24.61000061035156,23.3700008392334,23.489999771118164,1718300,0.0,0,-0.046672063596454705,0.8382585874280718,23.847500133514405,24.834487574137345,22.860512692891465,23.789999961853024,23.789999961853027,22.59500026702881,21.199999809265137,26.809999465942383
2018-06-26,23.489999771118164,24.5,23.3799991607666,24.1299991607666,1465600,0.0,0,0.02724561072305076,0.8610974545863914,23.89400005340576,24.840978084367674,22.94702202244385,23.789999961853024,23.789999961853027,22.59500026702881,21.199999809265137,26.520000457763672
2018-06-27,24.5,25.520000457763672,24.3700008392334,24.899999618530277,1577600,0.0,0,0.03191050495416636,0.8885755091769905,23.941000080108644,24.985785602509843,22.896214557707445,24.065000534057617,23.96500015258789,22.84500026702881,21.199999809265137,26.280000686645508
2018-06-28,24.88999938964844,25.40999984741211,24.729999542236328,25.229999542236328,1500000,0.0,0,0.013253009187215836,0.9003518085636482,24.011000061035155,25.196416790634075,22.825583331436235,24.110000610351562,23.96500015258789,23.140000343322754,21.364999771118164,26.36000061035156
2018-06-29,25.38999938964844,25.71999931335449,25.170000076293945,25.459999084472656,1964200,0.0,0,0.0091161136111515,0.9085595179405201,24.10050001144409,25.432350960656123,22.768649062232058,24.429999351501465,24.0649995803833,23.192500114440918,21.364999771118164,26.46999931335449
2018-07-02,25.229999542236328,25.520000457763672,24.690000534057617,24.979999542236328,1855600,0.0,0,-0.01885308560474641,0.8914303675717804,24.17799997329712,25.525233493169484,22.830766453424754,24.539999961853024,24.0649995803833,23.192500114440918,21.364999771118164,26.420000076293945
2018-07-03,25.549999237060547,26.020000457763672,25.399999618530277,25.59000015258789,886400,0.0,0,0.024419560509605587,0.9131987053727995,24.273499965667725,25.733338385839094,22.813661545496355,24.690000534057617,24.30500030517578,23.03499984741211,21.364999771118164,26.1299991607666
2018-07-05,25.899999618530277,25.899999618530277,25.190000534057617,25.8700008392334,2358200,0.0,0,0.010941800897847687,0.9231907437871609,24.376500034332274,25.976541987337104,22.776458081327444,24.695000648498535,24.315000534057617,23.085000038146973,21.364999771118164,26.3799991607666
2018-07-06,25.63999938964844,26.399999618530277,25.600000381469727,26.34000015258789,852000,0.0,0,0.0181677347548328,0.9399630283484028,24.467500019073487,26.28463836647949,22.650361671667483,24.885000228881836,24.505000114440918,23.12249994277954,21.364999771118164,25.799999237060547
2018-07-09,26.5,26.989999771118164,26.3700008392334,26.729999542236328,1161800,0.0,0,0.01480635487430404,0.9538804545148548,24.589999961853028,26.656201807198773,22.523798116507283,25.184999465942383,24.800000190734863,23.12249994277954,21.364999771118164,26.229999542236328
2018-07-10,27.1200008392334,27.40999984741211,26.350000381469727,26.93000030517578,1048000,0.0,0,0.0074822583750302485,0.9610176345344262,24.70599994659424,27.012903710258094,22.399096182930386,25.890000343322754,25.010000228881836,23.12249994277954,21.364999771118164,25.459999084472656
2018-07-11,26.5,26.899999618530277,25.700000762939453,25.899999618530277,1279300,0.0,0,-0.03824733289912163,0.9242612731444616,24.774499893188477,27.137721422981016,22.411278363395937,26.050000190734863,25.010000228881836,23.21250009536743,21.364999771118164,25.6299991607666
2018-07-12,26.01000022888184,26.01000022888184,25.299999237060547,25.68000030517578,1092600,0.0,0,-0.00849418210790609,0.9164104295750874,24.85349988937378,27.22697289519208,22.480026883555478,26.050000190734863,25.010000228881836,23.082499980926514,21.364999771118164,25.40999984741211
2018-07-13,25.790000915527344,26.520000457763672,25.790000915527344,26.350000381469727,1465300,0.0,0,0.026090345340023413,0.9403198941559007,24.981499862670898,27.38800031293923,22.574999412402565,26.050000190734863,25.010000228881836,23.082499980926514,21.364999771118164,25.940000534057617
2018-07-16,25.90999984741211,26.36000061035156,25.600000381469727,26.309999465942383,1463500,0.0,0,-0.0015180612883586297,0.9388924309259091,25.163999843597413,27.38294894548943,22.945050741705394,26.300000190734863,25.010000228881836,23.16249990463257,21.364999771118164,26.82999992370605
2018-07-17,26.15999984741211,26.68000030517578,25.8799991607666,26.600000381469727,1671100,0.0,0,0.011022459954921127,0.9492413351477685,25.31349983215332,27.495705076625757,23.13129458768088,26.300000190734863,25.010000228881836,23.207499980926514,21.364999771118164,27.299999237060547
2018-07-18,26.479999542236328,26.729999542236328,26.049999237060547,26.43000030517578,1110100,0.0,0,-0.006390980220149611,0.9431747525506907,25.448499870300292,27.554059402763762,23.342940337836822,26.354999542236328,25.010000228881836,23.37750005722046,21.364999771118164,27.190000534057617
2018-07-19,26.190000534057617,26.959999084472656,26.09000015258789,26.850000381469727,1283200,0.0,0,0.01589103562029459,0.9581627761396363,25.593499851226806,27.665089874635772,23.52190982781784,26.354999542236328,25.010000228881836,23.74250030517578,21.44499969482422,27.59000015258789
2018-07-20,26.81999969482422,26.88999938964844,26.059999465942383,26.479999542236328,998900,0.0,0,-0.013780291768217268,0.9449590135229871,25.74449987411499,27.59864349167573,23.89035625655425,26.354999542236328,25.010000228881836,23.74250030517578,21.44499969482422,28.299999237060547
2018-07-23,26.530000686645508,26.989999771118164,26.049999237060547,26.600000381469727,1392700,0.0,0,0.004531753825825824,0.9492413351477684,25.842499923706054,27.65918244124485,24.025817406167256,26.144999504089355,25.010000228881836,23.96750020980835,21.52999973297119,28.100000381469727
2018-07-24,26.8799991607666,27.34000015258789,26.57999992370605,26.61000061035156,1986700,0.0,0,0.00037594844881283507,0.9495982009552663,25.998499965667726,27.482433366682017,24.514566564653435,26.31999969482422,25.05500030517578,23.84000015258789,21.585000038146973,28.489999771118164
2018-07-25,26.61000061035156,26.90999984741211,26.21999931335449,26.8700008392334,1871800,0.0,0,0.009770771248336585,0.9588765077546321,26.135500049591066,27.390021033989584,24.880979065192548,26.47000026702881,25.274999618530273,23.84000015258789,21.725000381469727,28.280000686645508
2018-07-26,26.420000076293945,26.959999084472656,26.01000022888184,26.06999969482422,1557500,0.0,0,-0.02977302268041182,0.9303278557415393,26.194000053405762,27.313025112482404,25.07497499432912,26.47000026702881,25.385000228881836,23.84000015258789,21.725000381469727,28.270000457763672
2018-07-27,26.11000061035156,26.670000076293945,25.96999931335449,26.030000686645508,1960000,0.0,0,-0.0015342926216701525,0.9289004605767408,26.23400011062622,27.26516012675367,25.202840094498768,26.609999656677246,25.385000228881836,23.84000015258789,21.880000114440918,28.06999969482422
2018-07-30,26.989999771118164,27.6299991607666,26.549999237060547,27.290000915527344,3202800,0.0,0,0.04840569326332256,0.9738645313435775,26.325500202178954,27.39028995467246,25.260710449685448,26.799999237060547,25.5,23.84000015258789,22.105000495910645,27.350000381469727
2018-07-31,27.239999771118164,27.65999984741211,26.84000015258789,27.36000061035156,1918300,0.0,0,0.002565030871229723,0.9763625239308695,26.444500255584718,27.407234003787874,25.48176650738156,26.8149995803833,25.515000343322754,23.84000015258789,22.265000343322754,26.51000022888184
2018-08-01,27.06999969482422,27.350000381469727,26.40999984741211,26.809999465942383,1881900,0.0,0,-0.020102380560659938,0.9567353129096448,26.50550022125244,27.394987150738004,25.616013291766876,26.8149995803833,25.519999504089355,23.789999961853027,22.34000015258789,26.399999618530277
2018-08-02,26.309999465942383,26.809999465942383,26.200000762939453,26.520000457763672,864000,0.0,0,-0.01081682260184702,0.9463864767529785,26.538000202178956,27.377822879446043,25.69817752491187,26.8149995803833,26.015000343322754,23.789999961853027,22.34000015258789,26.3700008392334
2018-08-03,26.399999618530277,26.96999931335449,26.09000015258789,26.280000686645508,972700,0.0,0,-0.009049764968910634,0.9378219015686087,26.535000228881835,27.378088353148705,25.691912104614964,26.8149995803833,26.175000190734863,24.015000343322754,22.515000343322754,26.5
2018-08-06,26.3700008392334,26.46999931335449,26.09000015258789,26.36000061035156,714300,0.0,0,0.003044137047785611,0.9406767599633984,26.5165002822876,27.357878574952178,25.67512198962302,26.8149995803833,26.175000190734863,24.037500381469727,22.515000343322754,26.770000457763672
2018-08-07,26.739999771118164,26.940000534057617,26.459999084472656,26.46999931335449,746400,0.0,0,0.004172940077995735,0.9446021477154888,26.493500232696533,27.31303952092867,25.673960944464397,26.8149995803833,26.175000190734863,24.247499465942383,22.714999198913574,26.100000381469727
2018-08-08,26.280000686645508,26.57999992370605,25.899999618530277,26.420000076293945,575200,0.0,0,-0.0018889020913316346,0.9428178867431927,26.519500255584717,27.293311278157812,25.74568923301162,26.77999973297119,26.425000190734863,24.302499771118164,22.714999198913574,25.76000022888184
2018-08-09,26.51000022888184,26.56999969482422,26.049999237060547,26.1299991607666,625300,0.0,0,-0.0109765675507153,0.9324689825213334,26.542000198364256,27.238359043717107,25.845641353011406,26.77999973297119,26.425000190734863,24.4975004196167,22.864999771118164,25.399999618530277
2018-08-10,26.049999237060547,26.450000762939453,25.90999984741211,26.3799991607666,607700,0.0,0,0.009567547188266579,0.9413904235132011,26.5435001373291,27.238309012987568,25.848691261670634,26.77999973297119,26.479999542236328,24.505000591278076,22.96500015258789,25.1200008392334
2018-08-13,26.32999992370605,26.32999992370605,25.729999542236328,25.799999237060547,429900,0.0,0,-0.02198635110529701,0.9206926831346757,26.51800012588501,27.28015172075179,25.75584853101823,26.539999961853027,26.479999542236328,24.695000171661377,23.229999542236328,25.729999542236328
2018-08-14,26.100000381469727,26.520000457763672,26.0,26.229999542236328,704000,0.0,0,0.01666667898804053,0.9360375725311191,26.49950008392334,27.27079898935105,25.72820117849563,26.34999942779541,26.479999542236328,24.992499828338623,23.524999618530273,26.450000762939453
2018-08-15,25.940000534057617,26.059999465942383,25.01000022888184,25.459999084472656,1036100,0.0,0,-0.029355717544859106,0.9085595179405199,26.451000022888184,27.34704225551411,25.554957790262257,25.989999771118164,26.335000038146973,25.450000286102295,23.734999656677246,27.26000022888184
2018-08-16,25.65999984741211,25.8799991607666,25.459999084472656,25.6299991607666,541500,0.0,0,0.006677143849452172,0.9146261005375977,26.38999996185303,27.33442580272257,25.445574120983487,25.975000381469727,26.335000038146973,25.53000020980835,23.914999961853027,27.729999542236328
2018-08-17,25.6200008392334,25.71999931335449,25.26000022888184,25.40999984741211,587800,0.0,0,-0.008583664477494701,0.9067752569682237,26.336499977111817,27.372314118498334,25.3006858357253,25.975000381469727,26.335000038146973,25.53000020980835,23.914999961853027,28.270000457763672
2018-08-20,25.479999542236328,26.020000457763672,25.46999931335449,25.940000534057617,863400,0.0,0,0.020857957096740654,0.9256887363744529,26.30349998474121,27.34573571163373,25.261264257848694,25.795000076293945,26.335000038146973,25.53000020980835,23.914999961853027,27.40999984741211
2018-08-21,26.25,27.07999992370605,26.25,26.82999992370605,1233700,0.0,0,0.034309921793560516,0.9574490445246403,26.314499950408937,27.374131569110574,25.2548683317073,26.045000076293945,26.335000038146973,25.65500020980835,23.949999809265137,27.88999938964844
2018-08-22,27.25,27.51000022888184,26.940000534057617,27.299999237060547,721400,0.0,0,0.01751767851997732,0.9742213290858824,26.33599987030029,27.456234786112883,25.2157649544877,26.26000022888184,26.335000038146973,25.65500020980835,23.949999809265137,27.600000381469727
2018-08-23,27.18000030517578,27.299999237060547,26.770000457763672,27.190000534057617,548200,0.0,0,-0.00402925663285747,0.9702959413337919,26.391999912261962,27.564773988522077,25.219225836001847,26.26000022888184,26.335000038146973,25.682499885559082,24.024999618530273,27.239999771118164
2018-08-24,27.450000762939453,27.690000534057617,27.31999969482422,27.59000015258789,628800,0.0,0,0.014711276597043188,0.9845702333077417,26.469999885559083,27.740623468457656,25.19937630266051,26.350000381469727,26.350000381469727,25.682499885559082,24.460000038146973,26.979999542236328
2018-08-27,27.649999618530277,28.420000076293945,27.649999618530277,28.299999237060547,1044800,0.0,0,0.02573392825465648,1.0099070930533536,26.520499801635744,27.985194634861763,25.055804968409724,26.71500015258789,26.71500015258789,25.682499885559082,24.460000038146973,27.399999618530277
2018-08-28,28.40999984741211,28.600000381469727,27.65999984741211,28.100000381469727,672800,0.0,0,-0.0070670975612221465,1.0027699810989752,26.55749979019165,28.13918446015182,24.975815120231477,26.93000030517578,26.80500030517578,25.577499866485596,24.90999984741211,27.06999969482422
2018-08-29,28.280000686645508,28.6200008392334,27.989999771118164,28.489999771118164,886100,0.0,0,0.013878981649609434,1.016687407265427,26.64149980545044,28.434650815403877,24.848348795497003,26.940000534057617,26.815000534057617,25.6875,24.90999984741211,26.690000534057617
2018-08-30,28.38999938964844,28.399999618530277,27.979999542236328,28.280000686645508,691300,0.0,0,-0.007370975295182158,1.0091934295035507,26.72949981689453,28.65924222616947,24.79975740761959,27.045000076293945,26.815000534057617,25.87249994277954,24.90999984741211,26.59000015258789
2018-08-31,28.13999938964844,28.309999465942383,27.75,28.270000457763672,948200,0.0,0,-0.000353614874081587,1.0088365636960528,26.82899980545044,28.859478406757916,24.798521204142965,27.4350004196167,26.815000534057617,25.927500247955322,24.90999984741211,27.049999237060547
2018-09-04,28.34000015258789,28.34000015258789,27.51000022888184,28.06999969482422,537100,0.0,0,-0.007074664297875066,1.0016993836764814,26.914499759674072,29.00260817045109,24.826391348897054,27.695000648498535,26.815000534057617,25.99749994277954,24.90999984741211,25.38999938964844
2018-09-05,27.81999969482422,27.899999618530277,27.09000015258789,27.350000381469727,864400,0.0,0,-0.025650136130469958,0.9760056581233718,26.958499813079833,29.044348951531305,24.87265067462836,27.695000648498535,26.815000534057617,26.149999618530273,25.019999504089355,24.65999984741211
2018-09-06,27.350000381469727,27.40999984741211,26.18000030517578,26.51000022888184,802900,0.0,0,-0.030712985041016938,0.9460296109454808,26.96299982070923,29.04451951370336,24.881480127715097,27.40000057220459,26.815000534057617,26.164999961853027,25.03499984741211,25.26000022888184
2018-09-07,26.26000022888184,26.5,25.940000534057617,26.399999618530277,866900,0.0,0,-0.004149400580982232,0.9421041551281972,26.976499843597413,29.039453506794846,24.91354618039998,27.280000686645508,26.815000534057617,26.167499542236328,25.03499984741211,25.700000762939453
2018-09-10,26.6200008392334,26.809999465942383,26.270000457763672,26.3700008392334,693300,0.0,0,-0.0011363174140284205,0.9410336257708966,26.975999927520753,29.03954269091764,24.912457164123868,27.280000686645508,26.815000534057617,26.414999961853027,25.03499984741211,26.26000022888184
2018-09-11,26.32999992370605,26.700000762939453,26.200000762939453,26.5,803000,0.0,0,0.004929812538086331,0.9456727451379827,27.010999965667725,29.015854781806933,25.006145149528518,27.280000686645508,26.815000534057617,26.494999885559082,25.03499984741211,25.530000686645508
2018-09-12,26.979999542236328,27.200000762939453,26.56999969482422,26.770000457763672,835500,0.0,0,0.01018869651938381,0.9553079177448462,27.03800001144409,29.014084623208483,25.061915399679698,27.170000076293945,26.815000534057617,26.494999885559082,25.03499984741211,23.809999465942383
2018-09-13,26.68000030517578,26.71999931335449,26.020000457763672,26.100000381469727,837900,0.0,0,-0.025028018858312517,0.931398453164033,27.070000076293944,28.960818741761116,25.17918141082677,27.140000343322754,26.815000534057617,26.494999885559082,25.03499984741211,23.540000915527344
2018-09-14,26.09000015258789,26.149999618530277,25.690000534057617,25.76000022888184,813400,0.0,0,-0.01302682557925472,0.9192652879698775,27.076500129699706,28.94806124865251,25.2049390107469,27.015000343322754,26.815000534057617,26.602499961853027,25.03499984741211,23.25
2018-09-17,25.81999969482422,26.030000686645508,25.399999618530277,25.399999618530277,1081000,0.0,0,-0.013975178849103154,0.9064183911607262,27.076000118255614,28.94936590245193,25.202634334059297,26.649999618530277,26.815000534057617,26.602499961853027,25.125,22.43000030517578
2018-09-18,25.709999084472656,25.920000076293945,25.100000381469727,25.1200008392334,1145400,0.0,0,-0.011023574153623539,0.8964264208115578,27.035000133514405,29.038831627490463,25.031168639538347,26.255000114440918,26.815000534057617,26.62999963760376,25.135000228881836,21.18000030517578
2018-09-19,25.13999938964844,25.989999771118164,25.059999465942383,25.729999542236328,1311200,0.0,0,0.02428338704711397,0.9181946905473839,26.98000011444092,29.06301360336295,24.89698662551889,26.130000114440918,26.815000534057617,26.509999752044678,25.135000228881836,19.26000022888184
2018-09-20,25.989999771118164,26.56999969482422,25.82999992370605,26.450000762939453,748200,0.0,0,0.027982947279934,0.9438884841656866,26.937500190734863,29.027412131970213,24.847588249499513,26.130000114440918,26.815000534057617,26.41499948501587,25.135000228881836,18.799999237060547
2018-09-21,26.46999931335449,27.309999465942383,26.3799991607666,27.26000022888184,2430200,0.0,0,0.030623797450974877,0.9727939339210843,26.941000175476074,29.032846365415566,24.84915398553658,26.184999465942383,26.84000015258789,26.16249990463257,25.135000228881836,17.739999771118164
2018-09-24,27.63999938964844,27.90999984741211,27.170000076293945,27.729999542236328,1456200,0.0,0,0.017241353976825247,0.9895662184823261,26.948000144958495,29.049506016284713,24.846494273632278,26.484999656677246,26.84000015258789,26.15500020980835,25.135000228881836,18.86000061035156
2018-09-25,28.0,28.440000534057617,27.850000381469727,28.270000457763672,929600,0.0,0,0.01947352774762412,1.008836563696053,26.94650020599365,29.04414146546631,24.84885894652099,26.75,26.84000015258789,26.15500020980835,25.135000228881836,18.940000534057617
2018-09-26,27.989999771118164,28.3799991607666,27.3700008392334,27.40999984741211,960900,0.0,0,-0.030420962024264253,0.9781467849031661,26.91200017929077,28.953983703963978,24.870016654617565,26.75,26.84000015258789,26.06500005722046,25.135000228881836,19.040000915527344
2018-09-27,27.540000915527344,28.01000022888184,27.25,27.88999938964844,882400,0.0,0,0.017511840383379385,0.995275935271906,26.882000160217284,28.845664966443113,24.918335353991456,26.75,26.84000015258789,26.19000005722046,25.135000228881836,18.959999084472656
2018-09-28,27.68000030517578,28.31999969482422,27.57999992370605,27.600000381469727,1168200,0.0,0,-0.01039795677752331,0.9849270991152397,26.848000144958498,28.73489659763568,24.961103692281316,26.75,26.84000015258789,26.297500133514404,25.135000228881836,18.57999992370605
2018-10-01,27.76000022888184,27.850000381469727,27.21999931335449,27.239999771118164,958100,0.0,0,-0.013043500194777624,0.9720802023060883,26.79650011062622,28.57747680127719,25.01552341997525,26.75,26.84000015258789,26.297500133514404,25.135000228881836,18.989999771118164
2018-10-02,27.239999771118164,27.46999931335449,26.8799991607666,26.979999542236328,606000,0.0,0,-0.009544795560442965,0.9628018955067226,26.742000102996826,28.426863274505035,25.057136931488618,27.135000228881836,26.84000015258789,26.350000381469727,25.15000057220459,18.96999931335449
2018-10-03,27.040000915527344,27.700000762939453,26.799999237060547,27.399999618530277,580900,0.0,0,0.015567089822831726,0.9777899190956684,26.744500064849852,28.4331495341307,25.055850595569005,27.40999984741211,26.84000015258789,26.71500015258789,25.515000343322754,18.56999969482422
2018-10-04,27.26000022888184,27.709999084472656,26.850000381469727,27.06999969482422,882500,0.0,0,-0.012043793003664205,0.9660136197090106,26.772500038146973,28.463260295436843,25.081739780857102,27.619999885559082,26.84000015258789,26.86750030517578,25.605000495910645,18.489999771118164
2018-10-05,27.0,27.229999542236328,26.309999465942383,26.690000534057617,496000,0.0,0,-0.014037649244571515,0.9524530593500565,26.78700008392334,28.469599577184198,25.10440059066248,27.375,26.75,26.877500534057617,25.660000801086426,17.709999084472656
2018-10-08,26.280000686645508,26.76000022888184,26.170000076293945,26.59000015258789,620600,0.0,0,-0.0037467358362215375,0.9488844693402708,26.798000049591064,28.47231785904041,25.12368224014172,27.274999618530273,26.75,26.93000030517578,25.880000114440918,16.780000686645508
2018-10-09,26.68000030517578,27.36000061035156,26.530000686645508,27.049999237060547,976700,0.0,0,0.017299702212596024,0.9652998880940147,26.825500011444092,28.497375167451338,25.153624855436846,27.244999885559082,26.75,27.125000476837158,25.99000072479248,16.920000076293945
2018-10-10,26.979999542236328,27.07999992370605,25.3700008392334,25.38999938964844,932800,0.0,0,-0.06136783342817176,0.9060615253532284,26.75649995803833,28.543098797736516,24.969901118340143,26.84500026702881,26.75,27.255000591278076,25.99000072479248,17.290000915527344
2018-10-11,25.01000022888184,25.59000015258789,24.540000915527344,24.65999984741211,679900,0.0,0,-0.02875145962130088,0.8800109339926208,26.68449993133545,28.6776171818611,24.6913826808098,26.195000648498535,26.49000072479248,27.255000591278076,25.9950008392334,17.40999984741211
2018-10-12,25.56999969482422,25.790000915527344,24.68000030517578,25.26000022888184,1001200,0.0,0,0.02433091586303049,0.9014224059861421,26.65949993133545,28.710709448328586,24.608290414342314,26.125,26.49000072479248,27.107500553131104,25.9950008392334,17.43000030517578
2018-10-15,25.38999938964844,26.020000457763672,25.209999084472656,25.700000762939453,704400,0.0,0,0.01741886500675971,0.9171241611900832,26.674499988555908,28.69240796673985,24.656592010371966,26.125,26.49000072479248,27.047500610351562,26.0,16.93000030517578
2018-10-16,25.799999237060547,26.270000457763672,25.420000076293945,26.26000022888184,817800,0.0,0,0.021789861841168934,0.9371081699536131,26.73149995803833,28.630175343918257,24.832824572158405,26.125,26.49000072479248,27.047500610351562,26.4950008392334,17.40999984741211
2018-10-17,26.0,26.229999542236328,25.399999618530277,25.530000686645508,602500,0.0,0,-0.02779891606525764,0.9110575785930054,26.72150001525879,28.6433865900431,24.79961344047448,25.950000762939453,26.49000072479248,27.047500610351562,26.655000686645508,16.639999389648438
2018-10-18,25.049999237060547,25.190000534057617,23.670000076293945,23.809999465942383,1441700,0.0,0,-0.06737176554808477,0.8496780210072317,26.589499950408936,28.896491950448166,24.282507950369705,25.515000343322754,26.05500030517578,26.99250030517578,26.655000686645508,17.280000686645508
2018-10-19,23.84000015258789,24.46999931335449,23.40999984741211,23.540000915527344,1019800,0.0,0,-0.011339712577534633,0.8400429164655612,26.40349998474121,29.043890962036873,23.763109007445546,25.385000228881836,25.925000190734863,26.977500438690186,26.655000686645508,17.020000457763672
2018-10-22,23.489999771118164,23.790000915527344,23.06999969482422,23.25,718300,0.0,0,-0.012319494657965557,0.8296940122437019,26.179500007629393,29.081857040499216,23.27714297475957,25.074999809265137,25.755000114440918,26.915000438690186,26.815000534057617,17.450000762939453
2018-10-23,22.559999465942383,22.899999618530277,22.18000030517578,22.43000030517578,1193200,0.0,0,-0.035268804078461,0.8004316966808065,25.8875,29.055750412773076,22.719249587226923,24.225000381469727,25.3100004196167,26.732500076293945,26.815000534057617,17.229999542236328
2018-10-24,22.729999542236328,23.059999465942383,21.170000076293945,21.18000030517578,1040700,0.0,0,-0.05572893370454213,0.7558244917214677,25.576000022888188,29.27159023266519,21.880409813111186,23.72000026702881,24.80500030517578,26.535000324249268,26.815000534057617,16.790000915527344
2018-10-25,21.979999542236328,22.290000915527344,19.200000762939453,19.26000022888184,2069300,0.0,0,-0.0906515603696545,0.6873078221813157,25.144500064849854,29.60404436586578,20.68495576383393,22.735000610351562,23.820000648498535,26.472500324249268,26.815000534057617,17.559999465942383
2018-10-26,18.780000686645508,19.75,18.07999992370605,18.799999237060547,2128400,0.0,0,-0.02388374799349613,0.6708923353623785,24.704500007629395,29.80589492786051,19.60310508739828,22.175000190734863,23.260000228881836,26.472500324249268,26.815000534057617,16.489999771118164
2018-10-29,18.709999084472656,18.75,17.5,17.739999771118164,1901700,0.0,0,-0.05638295260421078,0.6330654446151132,24.229500007629394,30.027695782242496,18.43130423301629,21.864999771118164,22.97000026702881,26.512499809265137,26.815000534057617,15.739999771118164
2018-10-30,17.56999969482422,18.920000076293945,17.540000915527344,18.86000061035156,1731900,0.0,0,0.0631342082121571,0.6730335302073656,23.823500061035155,29.926968706303292,17.720031415767018,21.34500026702881,22.97000026702881,26.66249990463257,26.815000534057617,15.59000015258789
2018-10-31,19.190000534057617,19.670000076293945,18.850000381469727,18.940000534057617,1508100,0.0,0,0.004241777365699084,0.6758883886021557,23.400500106811524,29.626608976057874,17.174391237565175,20.984999656677246,22.9399995803833,26.795000076293945,26.815000534057617,15.050000190734863
2018-11-01,19.09000015258789,19.399999618530277,18.299999237060547,19.040000915527344,1210400,0.0,0,0.00527985103748585,0.6794569786119414,22.99900016784668,29.262741691238396,16.735258644454966,20.645000457763672,22.90999984741211,26.795000076293945,26.815000534057617,14.649999618530272
2018-11-02,19.059999465942383,19.399999618530277,18.81999969482422,18.959999084472656,1332000,0.0,0,-0.0042017766390675115,0.6766020521519583,22.61250009536743,28.871436608055035,16.353563582679826,20.27999973297119,22.90999984741211,26.795000076293945,26.815000534057617,15.220000267028809
2018-11-05,19.149999618530277,19.34000015258789,18.270000457763672,18.57999992370605,1158900,0.0,0,-0.020042150797243807,0.6630414917930042,22.21200008392334,28.426075731256383,15.997924436590296,20.27999973297119,22.675000190734863,26.795000076293945,26.815000534057617,14.579999923706056
2018-11-06,18.61000061035156,19.1200008392334,18.31999969482422,18.989999771118164,733600,0.0,0,0.022066730306548488,0.6776726495744521,21.809000110626222,27.752440250004007,15.865559971248437,19.895000457763672,22.604999542236328,26.795000076293945,26.815000534057617,14.3100004196167
2018-11-07,19.299999237060547,19.540000915527344,18.479999542236328,18.96999931335449,1102000,0.0,0,-0.0010532100055152815,0.6769589179594562,21.488000106811523,27.314203730459784,15.661796483163261,18.625,22.604999542236328,26.987500190734863,26.815000534057617,14.56999969482422
2018-11-08,18.670000076293945,19.0,18.34000015258789,18.56999969482422,963400,0.0,0,-0.021085905799093974,0.6626846259855065,21.18350009918213,26.950383961726768,15.416616236637491,18.585000038146973,22.604999542236328,27.125,26.815000534057617,14.210000038146973
2018-11-09,18.229999542236328,18.57999992370605,17.799999237060547,18.489999771118164,826800,0.0,0,-0.004308019656475981,0.6598297675907164,20.845000076293946,26.4038238028989,15.286176349688994,18.605000495910645,22.43000030517578,27.230000019073486,26.815000534057617,13.9399995803833
2018-11-12,18.6200008392334,18.6200008392334,17.68000030517578,17.709999084472656,760400,0.0,0,-0.042185002504104285,0.6319948471926196,20.445499992370607,25.687301357522877,15.203698627218337,18.675000190734863,22.43000030517578,27.0625,26.815000534057617,11.65999984741211
2018-11-13,17.649999618530273,17.809999465942383,16.760000228881836,16.780000686645508,879200,0.0,0,-0.05251261693415499,0.5988071438776337,19.97150001525879,24.709519486942533,15.233480543575048,18.15000057220459,22.0600004196167,27.012499809265137,26.815000534057617,11.289999961853027
2018-11-14,17.200000762939453,17.40999984741211,16.530000686645508,16.920000076293945,1151600,0.0,0,0.008343229077449221,0.6038031290522179,19.540999984741212,23.70454125734149,15.377458712140935,18.035000801086426,21.80500030517578,26.99749994277954,26.815000534057617,10.960000038146973
2018-11-15,16.780000686645508,17.34000015258789,16.729999542236328,17.290000915527344,740300,0.0,0,0.021867661794623405,0.6170068916688671,19.215000057220458,22.989260078006883,15.440740036434033,18.035000801086426,21.40000057220459,26.797500133514404,26.815000534057617,11.800000190734863
2018-11-16,17.270000457763672,18.07999992370605,17.170000076293945,17.40999984741211,1562600,0.0,0,0.006940365849084529,0.6212891452284556,18.908500003814698,22.185970435224746,15.63102957240465,18.035000801086426,21.40000057220459,26.342500686645508,26.58000087738037,11.90999984741211
2018-11-19,17.229999542236328,17.719999313354492,17.110000610351562,17.43000030517578,668000,0.0,0,0.0011487913807561867,0.6220028768434515,18.617500019073486,21.268983697921897,15.966016340225076,18.035000801086426,21.40000057220459,26.30750036239624,26.58000087738037,12.029999732971191
2018-11-20,16.969999313354492,17.610000610351562,16.770000457763672,16.93000030517578,1085200,0.0,0,-0.02868617276223029,0.6041599948597159,18.342500019073487,20.43091185830736,16.254088179839613,17.765000343322754,21.40000057220459,26.30750036239624,26.58000087738037,12.100000381469728
2018-11-21,17.309999465942383,17.59000015258789,17.15999984741211,17.40999984741211,470200,0.0,0,0.028352010253040794,0.6212891452284557,18.153999996185302,19.817034662601873,16.49096532976873,17.575000762939453,21.380000114440918,26.30750036239624,26.58000087738037,12.640000343322754
2018-11-23,16.75,16.81999969482422,16.459999084472656,16.639999389648438,260100,0.0,0,-0.04422748216612582,0.5938110906378566,18.022999954223632,19.729581775627334,16.31641813281993,17.539999961853027,20.824999809265137,26.220000743865967,26.58000087738037,12.800000190734863
2018-11-26,16.899999618530273,17.3799991607666,16.84000015258789,17.280000686645508,905400,0.0,0,0.03846161781683777,0.6166500258613695,17.94700002670288,19.643648335272154,16.250351718133608,17.269999504089355,20.464999198913574,25.785000324249268,26.145000457763672,13.579999923706056
2018-11-27,17.25,17.479999542236328,16.889999389648438,17.020000457763672,611200,0.0,0,-0.015046308943886366,0.6073717190620038,17.911000061035157,19.65411744672709,16.167882675343225,17.269999504089355,20.125,25.65500020980835,26.015000343322754,14.470000267028809
2018-11-28,17.059999465942383,17.5,16.649999618530273,17.450000762939453,649400,0.0,0,0.025264412080531873,0.6227166084584473,17.84050006866455,19.537331440756667,16.143668696572433,17.269999504089355,19.75999927520752,25.414999961853027,25.84500026702881,15.050000190734863
2018-11-29,17.469999313354492,17.579999923706055,17.110000610351562,17.229999542236328,573600,0.0,0,-0.012607519259848154,0.6148656968238801,17.755000019073485,19.392255853103364,16.117744185043605,17.269999504089355,19.75999927520752,24.767500400543213,25.40000057220459,15.43000030517578
2018-11-30,17.06999969482422,17.079999923706055,16.6200008392334,16.790000915527344,866600,0.0,0,-0.02553677529882714,0.599164009685132,17.642500019073488,19.218523565485466,16.06647647266151,17.089999198913574,19.375,24.262500286102295,24.895000457763672,15.470000267028809
2018-12-03,17.440000534057617,17.6299991607666,16.84000015258789,17.559999465942383,1459200,0.0,0,0.04586054249127214,0.626641996210538,17.572500038146973,19.026615087791125,16.11838498850282,17.04499912261963,18.104999542236328,23.27750062942505,23.910000801086426,15.760000228881836
2018-12-04,17.459999084472656,17.469999313354492,16.450000762939453,16.489999771118164,1142600,0.0,0,-0.060933925248658594,0.5884582396557748,17.46800003051758,18.917822344688325,16.018177716346834,17.039999961853027,18.0600004196167,22.71750020980835,23.350000381469727,15.8100004196167
2018-12-06,16.09000015258789,16.09000015258789,15.550000190734863,15.739999771118164,993200,0.0,0,-0.045482111001214576,0.5616939166801715,17.305500030517578,18.76514711814539,15.845852942889767,16.589999675750732,17.610000133514404,22.417500019073486,23.0600004196167,15.789999961853027
2018-12-07,16.200000762939453,16.489999771118164,15.359999656677246,15.59000015258789,1121400,0.0,0,-0.009529836131606073,0.5563410656980895,17.136500072479247,18.568257323594803,15.704742821363693,16.494999408721924,17.514999866485596,22.15750026702881,23.0600004196167,15.390000343322754
2018-12-10,15.34000015258789,15.729999542236328,14.84000015258789,15.050000190734863,1052300,0.0,0,-0.03463758541165818,0.537070754516959,16.96050009727478,18.506272782520682,15.414727412028881,16.234999656677246,17.190000534057617,21.962499618530273,23.0600004196167,15.609999656677246
2018-12-11,15.350000381469728,15.350000381469728,14.170000076293944,14.649999618530272,1338200,0.0,0,-0.026578110773104235,0.5227964285104125,16.768500089645386,18.455722035813615,15.081278143477157,15.899999618530273,16.855000495910645,21.77750015258789,23.0600004196167,15.899999618530272
2018-12-12,14.93000030517578,15.859999656677246,14.93000030517578,15.220000267028809,1505600,0.0,0,0.038907895108581725,0.5431373371140368,16.644000148773195,18.40173554274083,14.886264754805559,15.899999618530273,16.855000495910645,21.59499979019165,23.0600004196167,15.970000267028809
2018-12-13,15.149999618530272,15.149999618530272,14.369999885559082,14.579999923706056,1434500,0.0,0,-0.042049956116570475,0.5202984359231206,16.53400011062622,18.508414165095555,14.559586056156885,15.899999618530273,16.855000495910645,21.477499961853027,23.0600004196167,15.050000190734863
2018-12-14,14.43000030517578,14.6899995803833,14.239999771118164,14.3100004196167,991100,0.0,0,-0.018518484602346064,0.5106632973488536,16.40350012779236,18.594249578952777,14.212750676631941,15.899999618530273,16.855000495910645,21.25,23.0600004196167,15.600000381469728
2018-12-17,14.329999923706056,15.050000190734863,14.199999809265137,14.56999969482422,1317900,0.0,0,0.018169061326588354,0.5199415701156228,16.2675000667572,18.557783222404563,13.977216911109837,15.819999694824219,16.585000038146973,20.614999771118164,23.0600004196167,16.18000030517578
2018-12-18,14.640000343322754,14.6899995803833,14.0600004196167,14.210000038146973,1518900,0.0,0,-0.024708281689609923,0.5070947073390679,16.107500076293945,18.502053654509677,13.712946498078216,15.275000095367432,16.34000062942505,20.59499979019165,23.0600004196167,15.399999618530272
2018-12-19,14.229999542236328,14.729999542236328,13.789999961853027,13.9399995803833,1530900,0.0,0,-0.01900073589295226,0.4974595347322044,15.93300004005432,18.42438912388008,13.441610956228562,15.139999866485596,16.205000400543213,20.517500400543213,23.0600004196167,15.489999771118164
2018-12-20,13.5600004196167,13.770000457763672,11.600000381469728,11.65999984741211,2895000,0.0,0,-0.16355809193708015,0.4160960024154974,15.669500017166138,18.738205697862252,12.600794336470024,13.730000019073486,14.84000015258789,20.552500247955322,22.97000026702881,15.800000190734863
2018-12-21,11.449999809265137,11.979999542236328,11.210000038146973,11.289999961853027,4125800,0.0,0,-0.031732409125305616,0.40289227383144466,15.363500022888184,18.871178457981177,11.855821587795191,13.53499984741211,14.644999980926512,20.105000495910645,22.600000381469727,15.6899995803833
2018-12-24,11.300000190734863,11.75,10.9399995803833,10.960000038146973,1210700,0.0,0,-0.029229399895577268,0.39111597444478696,15.07950005531311,19.025233513710834,11.133766596915388,13.399999618530273,14.509999752044676,19.920000553131104,22.485000610351562,15.880000114440918
2018-12-26,11.09000015258789,11.8100004196167,10.739999771118164,11.800000190734863,2150000,0.0,0,0.07664234942191772,0.42109202162267817,14.805500030517578,18.86268506112803,10.748314999907127,12.944999694824219,14.409999847412108,19.717500686645508,22.485000610351562,16.010000228881836
2018-12-27,11.529999732971191,11.920000076293944,11.489999771118164,11.90999984741211,1672000,0.0,0,0.00932200465247579,0.4250174434073652,14.55,18.661006169409657,10.438993830590345,12.894999980926514,14.229999542236328,19.717500686645508,22.485000610351562,15.640000343322754
2018-12-28,11.979999542236328,12.460000038146973,11.739999771118164,12.029999732971191,2046500,0.0,0,0.010075557270905922,0.4292997309995501,14.278999948501587,18.302302274542942,10.255697622460232,12.894999980926514,14.184999465942383,19.717500686645508,22.485000610351562,15.710000038146973
2018-12-31,12.119999885559082,12.18000030517578,11.539999961853027,12.100000381469728,1235900,0.0,0,0.005818840403352787,0.4317977576194388,14.022499990463256,17.91096610000783,10.13403388091868,12.734999656677246,14.184999465942383,19.582500457763672,22.485000610351562,15.029999732971191
2019-01-02,11.850000381469728,12.640000343322754,11.630000114440918,12.640000343322754,2088600,0.0,0,0.04462809461394701,0.45106806880056927,13.814999961853028,17.52767048947123,10.102329434234825,12.734999656677246,14.184999465942383,19.477500438690186,22.485000610351562,14.829999923706056
2019-01-03,12.68000030517578,13.210000038146973,12.460000038146973,12.800000190734863,1943700,0.0,0,0.012658215432457043,0.45677778559014925,13.576999998092651,16.882670125296013,10.27132987088929,12.255000114440918,14.184999465942383,19.182499885559082,22.449999809265137,15.18000030517578
2019-01-04,13.149999618530272,13.8100004196167,12.899999618530272,13.579999923706056,1543000,0.0,0,0.06093747823033535,0.4846126719556498,13.431500005722047,16.452452888790084,10.410547122654009,12.275000095367432,14.184999465942383,18.867499351501465,22.449999809265137,15.260000228881836
2019-01-07,13.619999885559082,14.600000381469728,13.470000267028809,14.470000267028809,1557900,0.0,0,0.06553758087797301,0.5163730141384337,13.368000030517578,16.240352084008062,10.495647977027094,12.670000076293945,14.184999465942383,18.697499752044678,22.449999809265137,15.460000038146973
2019-01-08,14.800000190734863,15.149999618530272,14.380000114440918,15.050000190734863,1684500,0.0,0,0.040082924188165725,0.5370707545169592,13.341000032424926,16.137642776060495,10.544357288789357,12.944999694824219,14.184999465942383,18.514999389648438,22.449999809265137,16.1200008392334
2019-01-09,15.40999984741211,15.649999618530272,15.149999618530272,15.43000030517578,1008000,0.0,0,0.025249176719270183,0.5506313489085096,13.360000038146973,16.208079897218774,10.51192017907517,13.569999694824219,14.184999465942383,18.514999389648438,22.449999809265137,16.649999618530273
2019-01-10,15.119999885559082,15.479999542236328,14.770000457763672,15.470000267028809,1290600,0.0,0,0.0025923500364164465,0.5520587781059046,13.4010000705719,16.345225933104963,10.456774208038837,13.59499979019165,14.184999465942383,18.232499599456787,22.449999809265137,16.239999771118164
2019-01-11,15.210000038146973,15.850000381469728,15.119999885559082,15.760000228881836,1141800,0.0,0,0.018745957132987545,0.5624076482951674,13.42800006866455,16.44821226805996,10.407787869269137,13.695000171661377,14.104999542236328,17.57499933242798,22.449999809265137,16.610000610351562
2019-01-14,15.520000457763672,15.970000267028809,15.40999984741211,15.8100004196167,1238000,0.0,0,0.003172600888877719,0.5641919433000603,13.489500093460084,16.649447679715767,10.3295525072044,13.800000190734863,13.614999771118164,17.550000190734863,22.445000648498535,15.960000038146973
2019-01-15,15.970000267028809,16.110000610351562,15.65999984741211,15.789999961853027,567800,0.0,0,-0.0012650510583703811,0.5634782116850645,13.5635000705719,16.8645686996497,10.2624314414941,14.285000324249268,13.614999771118164,17.09999990463257,21.99500036239624,15.800000190734863
2019-01-16,15.670000076293944,16.020000457763672,15.3100004196167,15.390000343322754,1101000,0.0,0,-0.025332464819292633,0.5492039197111147,13.604500102996827,16.974953352360586,10.234046853633068,14.505000114440918,13.425000190734863,17.00499963760376,21.90000009536743,16.1200008392334
2019-01-17,15.140000343322754,15.6899995803833,14.90999984741211,15.609999656677246,895100,0.0,0,0.01429495181590057,0.5570547632804889,13.67450008392334,17.1500178301808,10.19898233766588,14.790000438690186,13.425000190734863,16.71250009536743,21.609999656677246,15.989999771118164
2019-01-18,15.979999542236328,16.010000228881836,15.579999923706056,15.899999618530272,820700,0.0,0,0.018577832686176743,0.5674036334697515,13.77250008583069,17.38186962674825,10.163130544913125,15.24500036239624,13.425000190734863,16.37750005722046,21.244999885559082,15.6899995803833
2019-01-22,15.56999969482422,16.020000457763672,15.350000381469728,15.970000267028809,1852400,0.0,0,0.004402556614967246,0.5699016600896403,13.988000106811523,17.58158131825828,10.394418895364767,15.440000534057617,13.425000190734863,16.37750005722046,21.244999885559082,15.449999809265137
2019-01-23,16.079999923706055,16.079999923706055,15.010000228881836,15.050000190734863,874300,0.0,0,-0.0576080188422633,0.5370707545169592,14.176000118255615,17.571167543840396,10.780832692670836,15.440000534057617,13.425000190734863,16.37750005722046,21.010000228881836,15.470000267028809
2019-01-24,15.050000190734863,15.699999809265137,14.920000076293944,15.600000381469728,361000,0.0,0,0.0365448627086038,0.5566979315055877,14.408000135421753,17.510954812395326,11.305045458448182,15.510000228881836,13.425000190734863,16.37750005722046,20.9399995803833,15.279999732971191
2019-01-25,15.81999969482422,16.290000915527344,15.760000228881836,16.18000030517578,748100,0.0,0,0.037179481379692625,0.577395671884113,14.6270001411438,17.575564293107142,11.678435989180457,15.600000381469727,13.515000343322754,16.202499866485596,20.9399995803833,14.960000038146973
2019-01-28,15.779999732971191,15.920000076293944,15.18000030517578,15.399999618530272,602500,0.0,0,-0.04820770531110541,0.549560751486016,14.801500129699708,17.48461940999845,12.118380849400964,15.600000381469727,13.515000343322754,15.80750036239624,20.884999752044678,14.800000190734863
2019-01-29,15.579999923706056,15.739999771118164,15.460000038146973,15.489999771118164,646500,0.0,0,0.005844165897225029,0.5527724756883039,14.974500131607055,17.34534091476279,12.60365934845132,15.600000381469727,13.515000343322754,15.672500133514404,20.575000286102295,14.359999656677246
2019-01-30,15.65999984741211,15.899999618530272,15.25,15.800000190734863,634100,0.0,0,0.020012938941077918,0.5638350774925625,15.159500122070312,17.14686737347088,13.172132870669746,15.600000381469727,13.515000343322754,14.285000085830688,19.480000495910645,14.06999969482422
2019-01-31,15.90999984741211,16.010000228881836,15.460000038146973,15.6899995803833,831800,0.0,0,-0.006962063862256618,0.5599096216752788,15.31200008392334,16.933423235547952,13.690576932298729,15.605000495910645,13.515000343322754,14.089999914169312,19.285000324249268,14.4399995803833
2019-02-01,15.739999771118164,16.15999984741211,15.710000038146973,15.880000114440918,817600,0.0,0,0.012109658326260764,0.5666899358873524,15.466000080108643,16.615998831522123,14.316001328695164,15.605000495910645,13.515000343322754,13.954999685287476,19.009999752044678,14.949999809265137
2019-02-04,15.640000343322754,16.030000686645508,15.510000228881836,16.010000228881836,754400,0.0,0,0.008186405132497354,0.5713290892870352,15.587500095367432,16.364320274362434,14.810679916372429,15.605000495910645,13.890000343322754,13.677499771118164,18.505000114440918,15.220000267028809
2019-02-05,15.979999542236328,16.09000015258789,15.600000381469728,15.640000343322754,845300,0.0,0,-0.02311054842407856,0.5581253607029825,15.646000099182128,16.227096149173203,15.064904049191053,15.605000495910645,13.915000438690186,13.562499761581421,18.505000114440918,15.600000381469728
2019-02-06,15.40999984741211,15.75,15.270000457763672,15.710000038146973,1024700,0.0,0,0.004475683714041834,0.5606233532902746,15.679000091552734,16.191129164248395,15.166871018857075,15.735000610351562,13.915000438690186,13.539999723434448,18.505000114440918,15.8100004196167
2019-02-07,15.619999885559082,15.619999885559082,14.539999961853027,15.029999732971191,1020100,0.0,0,-0.04328455146560195,0.5363570229019633,15.659000062942505,16.236308681661196,15.081691444223816,15.349999904632568,13.96000051498413,13.459999561309814,18.505000114440918,16.8700008392334
2019-02-08,15.010000228881836,15.270000457763672,14.65999984741211,14.829999923706056,999100,0.0,0,-0.013306707439681209,0.5292198769149885,15.627000045776366,16.30587775534709,14.948122336205643,15.349999904632568,14.375000476837158,13.459999561309814,18.484999656677246,16.489999771118164
2019-02-11,14.600000381469728,15.369999885559082,14.5,15.18000030517578,1020800,0.0,0,0.023600835014856658,0.5417099079166419,15.598000049591064,16.30106249966963,14.8949375995125,15.329999923706055,14.595000267028809,13.21999979019165,17.96500015258789,16.670000076293945
2019-02-12,15.460000038146973,15.600000381469728,15.140000343322754,15.260000228881836,902700,0.0,0,0.005270087094713771,0.5445647663114319,15.570500040054322,16.281309694672963,14.85969038543568,15.329999923706055,14.880000591278076,13.229999780654907,17.604999542236328,16.81999969482422
2019-02-13,15.31999969482422,15.65999984741211,15.25,15.460000038146973,1273700,0.0,0,0.013106147199565932,0.5517019122984068,15.554000043869019,16.25889485558347,14.84910523215457,15.329999923706055,15.33500051498413,13.427499771118164,17.265000343322754,15.5600004196167
2019-02-14,15.449999809265137,16.530000686645508,15.109999656677246,16.1200008392334,1839800,0.0,0,0.042690866717846054,0.575254545104319,15.59050006866455,16.332675300388555,14.848324836940547,15.515000343322754,15.515000343322754,13.5649995803833,16.899999618530273,15.739999771118164
2019-02-15,16.329999923706055,16.729999542236328,16.18000030517578,16.649999618530273,1399500,0.0,0,0.03287833447297017,0.594167956445355,15.642500066757203,16.518158915186635,14.76684121832777,15.614999771118164,15.614999771118164,13.8774995803833,16.899999618530273,15.989999771118164
2019-02-19,16.389999389648438,16.780000686645508,16.200000762939453,16.239999771118164,1318600,0.0,0,-0.02462461602436361,0.5795367986639074,15.659500074386596,16.56745724180554,14.751542906967654,15.640000343322754,15.640000343322754,13.889999628067017,16.515000343322754,15.630000114440918
2019-02-20,16.40999984741211,16.899999618530273,16.09000015258789,16.610000610351562,1441600,0.0,0,0.02278330322956168,0.5927405612805566,15.691500091552735,16.68317571778466,14.699824465320809,15.699999809265137,15.699999809265137,13.899999856948853,15.244999885559082,15.989999771118164
2019-02-21,16.469999313354492,16.68000030517578,15.75,15.960000038146973,948900,0.0,0,-0.03913308538950333,0.5695447942821424,15.73700008392334,16.68906087094781,14.784939296898871,15.699999809265137,15.699999809265137,13.707499980926514,15.204999923706055,15.770000457763672
2019-02-22,16.200000762939453,16.239999771118164,15.720000267028809,15.800000190734863,734400,0.0,0,-0.010025053072035384,0.5638350774925625,15.747000074386596,16.697275286632077,14.796724862141113,15.699999809265137,15.699999809265137,13.950000047683716,15.204999923706055,16.149999618530273
2019-02-25,15.789999961853027,16.43000030517578,15.720000267028809,16.1200008392334,1716800,0.0,0,0.02025320535667996,0.5752545451043188,15.744000101089478,16.689097332890352,14.798902869288604,16.00499963760376,15.699999809265137,13.96500015258789,15.204999923706055,15.770000457763672
2019-02-26,16.100000381469727,16.469999313354492,15.970000267028809,15.989999771118164,915100,0.0,0,-0.008064581969427276,0.5706153576720394,15.773500108718872,16.71051610251398,14.836484114923763,16.00499963760376,15.699999809265137,14.107500314712524,15.140000343322754,15.25
2019-02-27,16.100000381469727,16.309999465942383,15.670000076293944,15.6899995803833,1135700,0.0,0,-0.018761738275740125,0.5599096216752788,15.78350009918213,16.712345547155007,14.854654651209252,16.00499963760376,15.699999809265137,14.335000276565552,15.140000343322754,15.390000343322754
2019-02-28,15.710000038146973,15.729999542236328,15.109999656677246,15.449999809265137,1400600,0.0,0,-0.015296352934147217,0.5513450464909089,15.766000080108643,16.706185388219136,14.82581477199815,16.00499963760376,15.699999809265137,14.43250036239624,15.140000343322754,16.360000610351562
2019-03-01,15.579999923706056,15.81999969482422,15.420000076293944,15.470000267028809,1637500,0.0,0,0.001294528026575037,0.5520587781059046,15.755000114440918,16.703686715436998,14.806313513444836,16.00499963760376,15.699999809265137,14.43250036239624,15.140000343322754,16.920000076293945
2019-03-04,15.550000190734863,15.699999809265137,15.140000343322754,15.279999732971191,2271900,0.0,0,-0.012281870121396476,0.5452784638938311,15.725000095367431,16.693930802127124,14.756069388607738,16.00499963760376,15.699999809265137,14.46750020980835,15.140000343322754,16.579999923706055
2019-03-05,15.329999923706056,15.329999923706056,14.890000343322754,14.960000038146973,1708400,0.0,0,-0.02094238877070942,0.5338590303146712,15.672500085830688,16.687184525824918,14.657815645836457,15.785000324249268,15.699999809265137,14.55750036239624,14.869999885559082,16.950000762939453
2019-03-06,14.850000381469728,15.039999961853027,14.670000076293944,14.800000190734863,1337000,0.0,0,-0.010695176938778084,0.5281493135250913,15.630500078201294,16.71500718735719,14.545992969045397,15.569999694824219,15.699999809265137,14.55750036239624,14.680000305175781,16.90999984741211
2019-03-07,14.829999923706056,14.970000267028809,14.350000381469728,14.359999656677246,766200,0.0,0,-0.029729765431561805,0.51244755832115,15.563000059127807,16.78071172726697,14.345288390988648,15.40999984741211,15.625,14.55750036239624,14.680000305175781,16.81999969482422
2019-03-08,14.029999732971191,14.15999984741211,13.699999809265137,14.06999969482422,880800,0.0,0,-0.020194983898775942,0.5020986881318873,15.515000057220458,16.881292633288,14.148707481152917,15.084999561309814,15.299999713897705,14.55750036239624,14.409999847412108,16.700000762939453
2019-03-11,14.15999984741211,14.720000267028809,14.06999969482422,14.4399995803833,1061000,0.0,0,0.026297078435274512,0.51530241671594,15.49550004005432,16.911127383249113,14.079872696859528,15.00499963760376,15.299999713897705,14.5600004196167,14.409999847412108,17.059999465942383
2019-03-12,14.489999771118164,15.0600004196167,14.489999771118164,14.949999809265137,889000,0.0,0,0.03531857643366343,0.5335021645071735,15.48400001525879,16.913512396298024,14.054487634219555,14.759999752044678,15.299999713897705,14.5600004196167,14.409999847412108,17.219999313354492
2019-03-13,15.079999923706056,15.390000343322754,15.010000228881836,15.220000267028809,1323900,0.0,0,0.01806023151895575,0.543137337114037,15.482000017166138,16.912886526787332,14.051113507544942,14.759999752044678,15.299999713897705,14.7475004196167,14.409999847412108,17.25
2019-03-14,15.239999771118164,15.729999542236328,15.239999771118164,15.600000381469728,1452800,0.0,0,0.02496715556990603,0.5566979315055877,15.489000034332275,16.920766600800516,14.057233467864034,14.714999675750732,15.299999713897705,14.760000467300415,14.229999542236328,17.850000381469727
2019-03-15,15.699999809265137,16.309999465942383,15.6899995803833,15.8100004196167,2427800,0.0,0,0.013461540577679454,0.5641919433000604,15.47350001335144,16.8839303253351,14.063069701367782,15.00499963760376,15.299999713897705,14.825000524520874,14.184999465942383,17.920000076293945
2019-03-18,15.84000015258789,16.889999389648438,15.8100004196167,16.8700008392334,1435500,0.0,0,0.06704619806976564,0.6020188680799222,15.484500074386597,16.934767769919006,14.034232378854188,15.294999599456787,15.299999713897705,14.65500020980835,14.184999465942383,17.450000762939453
2019-03-19,17.049999237060547,17.190000534057617,16.360000610351562,16.489999771118164,960900,0.0,0,-0.022525254843585585,0.588458239655775,15.497000074386596,16.977425159195096,14.016574989578096,15.445000171661377,15.445000171661377,14.862500190734863,14.184999465942383,16.979999542236328
2019-03-20,16.540000915527344,17.010000228881836,16.309999465942383,16.670000076293945,748600,0.0,0,0.01091572514700978,0.5948816880603507,15.500000047683717,16.989749726711807,14.010250368655626,15.445000171661377,15.445000171661377,14.962500095367432,14.184999465942383,17.239999771118164
2019-03-21,16.59000015258789,16.8799991607666,16.530000686645508,16.81999969482422,786100,0.0,0,0.008998177435139088,0.6002345390424327,15.543000030517579,17.130888126429138,13.95511193460602,15.630000114440918,15.445000171661377,15.105000257492065,14.184999465942383,17.309999465942383
2019-03-22,16.559999465942383,16.649999618530273,15.529999732971191,15.5600004196167,934600,0.0,0,-0.0749107787198855,0.5552705023081926,15.53100004196167,17.114512058587636,13.947488025335707,15.84000015258789,15.445000171661377,15.332500219345093,14.184999465942383,19.200000762939453
2019-03-25,15.449999809265137,15.760000228881836,15.140000343322754,15.739999771118164,971800,0.0,0,0.011568081404068398,0.5616939166801718,15.511999988555909,17.075565894364875,13.948434082746942,16.100000381469727,15.445000171661377,15.515000343322754,14.184999465942383,19.459999084472656
2019-03-26,16.049999237060547,16.420000076293945,15.739999771118164,15.989999771118164,934100,0.0,0,0.01588310061215714,0.5706153576720395,15.511999988555909,17.075565894364875,13.948434082746942,16.165000438690186,15.445000171661377,15.614999771118164,14.184999465942383,19.40999984741211
2019-03-27,15.890000343322754,16.030000686645508,15.510000228881836,15.630000114440918,964700,0.0,0,-0.022514050145735043,0.5577684948954846,15.509000015258788,17.071405563983266,13.946594466534313,16.165000438690186,15.445000171661377,15.640000343322754,14.184999465942383,19.149999618530277
2019-03-28,15.489999771118164,16.010000228881836,15.470000267028809,15.989999771118164,732100,0.0,0,0.023032607424272156,0.5706153576720395,15.53600001335144,17.11214659962977,13.959853427073112,16.165000438690186,15.445000171661377,15.699999809265137,14.104999542236328,19.61000061035156
2019-03-29,16.239999771118164,16.309999465942383,15.640000343322754,15.770000457763672,898400,0.0,0,-0.01375855637921053,0.5627645141026654,15.551000022888184,17.13008792606039,13.971912119715979,16.165000438690186,15.445000171661377,15.699999809265137,13.819999694824219,19.200000762939453
2019-04-01,15.93000030517578,16.149999618530273,15.779999732971191,16.149999618530273,752000,0.0,0,0.02409633162562952,0.5763250744616194,15.594500017166137,17.189355310232255,13.999644724100019,16.075000286102295,15.445000171661377,15.699999809265137,13.819999694824219,19.350000381469727
2019-04-02,16.15999984741211,16.290000915527344,15.6899995803833,15.770000457763672,748900,0.0,0,-0.023529360355562856,0.5627645141026654,15.635000038146973,17.203999268706177,14.06600080758777,16.009999752044678,15.445000171661377,15.852499723434448,13.819999694824219,19.020000457763672
2019-04-03,15.850000381469728,16.040000915527344,15.220000267028809,15.25,1656300,0.0,0,-0.03297402933857696,0.5442079005039341,15.65750002861023,17.19005001318441,14.124950044036046,15.894999980926514,15.445000171661377,15.852499723434448,13.819999694824219,18.709999084472656
2019-04-04,15.279999732971191,15.460000038146973,15.220000267028809,15.390000343322754,760700,0.0,0,0.009180350381819968,0.5492039197111148,15.709000062942504,17.127472744735297,14.290527381149712,15.78000020980835,15.445000171661377,15.852499723434448,13.819999694824219,17.649999618530273
2019-04-05,15.479999542236328,16.399999618530273,15.479999542236328,16.360000610351562,1490800,0.0,0,0.06302795616568413,0.5838191202886889,15.823500108718871,17.048894652439543,14.598105564998198,15.820000171661377,15.445000171661377,15.852499723434448,13.819999694824219,18.3700008392334
2019-04-08,16.479999542236328,16.959999084472656,16.40999984741211,16.920000076293945,1014600,0.0,0,0.03422979492971723,0.6038031290522186,15.947500133514405,17.085702121835517,14.809298145193292,16.089999675750732,15.445000171661377,15.852499723434448,13.819999694824219,19.1299991607666
2019-04-09,16.8700008392334,16.899999618530273,16.34000015258789,16.579999923706055,960500,0.0,0,-0.020094571575342557,0.5916699638580629,16.02900013923645,17.100611584673715,14.957388693799189,16.089999675750732,15.445000171661377,15.852499723434448,13.819999694824219,18.979999542236328
2019-04-10,16.700000762939453,17.1200008392334,16.65999984741211,16.950000762939453,1100000,0.0,0,0.02231609414571656,0.6048737264747122,16.11550016403198,17.191265442971297,15.039734885092667,16.170000553131104,15.445000171661377,15.742500066757202,13.819999694824219,18.420000076293945
2019-04-11,16.899999618530273,17.010000228881836,16.520000457763672,16.90999984741211,768200,0.0,0,-0.0023599359130888065,0.6034462632447206,16.1810001373291,17.282735248899673,15.079265025758527,16.170000553131104,15.445000171661377,15.634999752044678,13.819999694824219,18.549999237060547
2019-04-12,17.399999618530273,17.440000534057617,16.739999771118164,16.81999969482422,1085500,0.0,0,-0.005322303571851594,0.6002345390424327,16.231500101089477,17.3532113703151,15.10978883186385,16.330000400543213,15.570000171661377,15.517499923706055,13.819999694824219,18.530000686645508
2019-04-15,16.690000534057617,16.93000030517578,16.540000915527344,16.700000762939453,467000,0.0,0,-0.007134300479309186,0.5959522854828444,16.22300009727478,17.327488171092742,15.118512023456818,16.330000400543213,15.755000114440918,15.19249963760376,13.819999694824219,17.700000762939453
2019-04-16,16.84000015258789,17.1299991607666,16.459999084472656,17.059999465942383,1192200,0.0,0,0.02155680757822709,0.6087991142268028,16.25150008201599,17.410742487319602,15.09225767671238,16.330000400543213,15.96500015258789,15.152499675750732,13.819999694824219,16.920000076293945
2019-04-17,17.25,17.469999313354492,17.049999237060547,17.219999313354492,718800,0.0,0,0.00937865488985068,0.6145088310163828,16.27900004386902,17.501712105998916,15.05628798173912,16.47499942779541,16.239999771118164,15.029999732971191,13.819999694824219,16.790000915527344
2019-04-18,17.25,17.549999237060547,17.229999542236328,17.25,1024200,0.0,0,0.00174220022310001,0.6155794284388765,16.300500059127806,17.575102393146512,15.0258977251091,16.94499969482422,16.34499979019165,15.029999732971191,14.194999694824219,16.670000076293945
2019-04-22,17.56999969482422,17.940000534057617,17.219999313354492,17.850000381469727,1272900,0.0,0,0.03478263080983912,0.6369909004323977,16.41500005722046,17.810053666035323,15.0199464484056,17.140000343322754,16.540000438690186,15.007499694824219,14.21999979019165,16.920000076293945
2019-04-23,17.829999923706055,18.239999771118164,17.649999618530273,17.920000076293945,1297400,0.0,0,0.003921551446961713,0.6394888930196898,16.524000072479247,18.02865015222473,15.019349992733762,17.34999942779541,16.69000005722046,15.152499675750732,14.21999979019165,16.56999969482422
2019-04-24,17.860000610351562,18.0,17.31999969482422,17.450000762939453,1458800,0.0,0,-0.026227640142493458,0.6227166084584479,16.597000122070312,18.13262369317895,15.061376550961677,17.34999942779541,16.69000005722046,15.297499656677246,14.264999866485596,16.399999618530273
2019-04-25,17.440000534057617,17.459999084472656,16.979999542236328,16.979999542236328,1067600,0.0,0,-0.026934166197936205,0.605944255832013,16.664500093460084,18.141087028975463,15.187913157944706,17.34999942779541,16.69000005722046,15.445000171661377,14.825000286102295,16.34000015258789
2019-04-26,16.790000915527344,17.309999465942383,16.549999237060547,17.239999771118164,1723500,0.0,0,0.015312145812201416,0.6152225626313786,16.727000093460084,18.18970027299086,15.264299913929309,17.34999942779541,16.69000005722046,15.445000171661377,15.045000076293945,16.719999313354492
2019-04-29,17.18000030517578,17.639999389648438,17.110000610351562,17.309999465942383,1496600,0.0,0,0.004060307178280098,0.6177205552186708,16.804000043869017,18.217882345219547,15.390117742518488,17.34999942779541,16.69000005722046,15.537500143051147,15.330000400543213,16.81999969482422
2019-04-30,18.36000061035156,19.6299991607666,18.020000457763672,19.200000762939453,2007400,0.0,0,0.10918552023734418,0.6851666954015224,16.95650010108948,18.682557223376644,15.23044297880231,18.089999198913574,17.384999752044678,15.642500162124634,15.445000171661377,16.3799991607666
2019-05-01,19.479999542236328,20.0,19.36000061035156,19.459999084472656,1734500,0.0,0,0.013541578708426982,0.694444934135695,17.141000032424927,19.096558029549644,15.185442035300209,18.274999618530273,17.610000133514404,15.772500276565552,15.445000171661377,16.530000686645508
2019-05-02,19.25,19.700000762939453,19.030000686645508,19.40999984741211,1214100,0.0,0,-0.0025693339883269273,0.6926606731633986,17.349000024795533,19.340781964213523,15.357218085377543,18.274999618530273,17.610000133514404,15.805000305175781,15.445000171661377,17.149999618530273
2019-05-03,19.489999771118164,19.68000030517578,19.1299991607666,19.149999618530277,845500,0.0,0,-0.01339516903275495,0.683382366364033,17.53699998855591,19.46161810341961,15.612381873692206,18.274999618530273,17.610000133514404,15.805000305175781,15.445000171661377,17.170000076293945
2019-05-06,18.8799991607666,19.75,18.739999771118164,19.61000061035156,917700,0.0,0,0.02402093999919286,0.6997978531829699,17.699499988555907,19.745508330871257,15.653491646240557,18.274999618530273,17.610000133514404,15.805000305175781,15.445000171661377,16.280000686645508
2019-05-07,19.61000061035156,19.780000686645508,18.90999984741211,19.200000762939453,1341600,0.0,0,-0.02090769172111495,0.6851666954015223,17.813500022888185,19.926784846734638,15.700215199041732,18.274999618530273,17.610000133514404,15.805000305175781,15.445000171661377,17.209999084472656
2019-05-08,19.270000457763672,19.81999969482422,19.270000457763672,19.350000381469727,1258000,0.0,0,0.007812479821345031,0.6905195463836044,17.952000045776366,20.08697160551974,15.817028486032992,18.274999618530273,17.610000133514404,15.760000228881836,15.445000171661377,16.6299991607666
2019-05-09,19.1299991607666,19.170000076293945,18.520000457763672,19.020000457763672,1082300,0.0,0,-0.0170542592868409,0.6787432469969467,18.055500030517578,20.186792850452058,15.924207210583099,18.55500030517578,17.610000133514404,15.727499961853027,15.445000171661377,17.639999389648438
2019-05-10,18.899999618530277,19.1299991607666,18.280000686645508,18.709999084472656,1246900,0.0,0,-0.016298704828078936,0.6676806111600916,18.145499992370606,20.226595623351717,16.064404361389496,19.010000228881836,17.610000133514404,15.670000076293945,15.445000171661377,18.3700008392334
2019-05-13,18.399999618530277,18.86000061035156,17.3799991607666,17.649999618530273,1295000,0.0,0,-0.05665416984558125,0.6298537204128263,18.186999988555907,20.191594533434653,16.182405443677162,18.6899995803833,17.739999771118164,15.612500190734863,15.445000171661377,19.40999984741211
2019-05-14,17.850000381469727,18.549999237060547,17.850000381469727,18.3700008392334,662400,0.0,0,0.040793271176460255,0.6555475140311291,18.270499992370606,20.154618229416265,16.386381755324948,18.59999942779541,18.170000076293945,15.632500171661377,15.445000171661377,19.299999237060547
2019-05-15,18.049999237060547,19.239999771118164,17.969999313354492,19.1299991607666,1008400,0.0,0,0.041371708590782985,0.6826686347490372,18.373999977111815,20.206942449622662,16.541057504600968,18.59999942779541,18.170000076293945,15.767499923706055,15.445000171661377,19.1200008392334
2019-05-16,19.229999542236328,19.239999771118164,18.81999969482422,18.979999542236328,742200,0.0,0,-0.007841067700510185,0.6773157837669551,18.46199998855591,20.23212847931973,16.69187149779209,18.59999942779541,18.229999542236328,15.767499923706055,15.445000171661377,18.56999969482422
2019-05-17,18.75,18.979999542236328,18.38999938964844,18.420000076293945,660800,0.0,0,-0.029504714407195376,0.6573317750034254,18.520499992370606,20.200639172796258,16.840360811944954,18.59999942779541,18.229999542236328,15.80750036239624,15.445000171661377,19.049999237060547
2019-05-20,18.32999992370605,18.65999984741211,18.209999084472656,18.549999237060547,556700,0.0,0,0.007057500555274432,0.6619708943705116,18.555499935150145,20.206921056287875,16.904078814012415,18.59999942779541,18.229999542236328,15.80750036239624,15.445000171661377,19.690000534057617
2019-05-21,18.68000030517578,18.84000015258789,18.43000030517578,18.530000686645508,930100,0.0,0,-0.0010780890155016598,0.661257230820709,18.585999965667725,20.21139382178149,16.96060610955396,18.309999465942383,18.229999542236328,15.950000286102295,15.570000171661377,19.559999465942383
2019-05-22,18.309999465942383,18.559999465942383,17.299999237060547,17.700000762939453,1240300,0.0,0,-0.04479222304099706,0.6316380494503157,18.598499965667724,20.19194486494718,17.005055066388266,18.269999504089355,18.229999542236328,16.042500257492065,15.570000171661377,20.38999938964844
2019-05-23,17.15999984741211,17.350000381469727,16.600000381469727,16.920000076293945,1172500,0.0,0,-0.04406783350420451,0.6038031290522187,18.595499992370605,20.201434929735278,16.989565055005933,17.920000076293945,18.274999618530273,16.14750027656555,15.570000171661377,20.149999618530277
2019-05-24,17.209999084472656,17.209999084472656,16.739999771118164,16.790000915527344,560300,0.0,0,-0.007683165495296795,0.5991640096851324,18.573000049591066,20.26550809583584,16.88049200334629,17.920000076293945,18.274999618530273,16.357499599456787,15.584999561309814,19.739999771118164
2019-05-28,16.829999923706055,17.020000457763672,16.549999237060547,16.670000076293945,959200,0.0,0,-0.0071471609702190575,0.5948816880603509,18.541000080108642,20.34934925396918,16.732650906248104,17.894999504089355,18.274999618530273,16.644999742507935,15.624999523162842,19.76000022888184
2019-05-29,16.360000610351562,16.969999313354492,16.280000686645508,16.920000076293945,878000,0.0,0,0.014997000531242977,0.6038031290522187,18.427000045776367,20.34038650425359,16.513613587299144,17.760000228881836,18.140000343322754,16.84000039100647,15.820000171661377,19.850000381469727
2019-05-30,16.8700008392334,17.139999389648438,16.440000534057617,16.56999969482422,751600,0.0,0,-0.020685601648436247,0.5913130980505651,18.282500076293946,20.296972471275634,16.268027681312258,17.630000114440918,18.140000343322754,17.019999742507935,15.96999979019165,19.420000076293945
2019-05-31,16.229999542236328,16.600000381469727,16.100000381469727,16.399999618530273,800600,0.0,0,-0.010259509923047583,0.5852465154534873,18.132000064849855,20.235804313094867,16.028195816604843,17.47000026702881,18.050000190734863,17.019999742507935,15.96999979019165,19.600000381469727
2019-06-03,16.549999237060547,16.739999771118164,16.25,16.34000015258789,1181500,0.0,0,-0.0036585041059751244,0.5831053886736931,17.991500091552734,20.1791739758794,15.803826207226066,17.47000026702881,18.050000190734863,17.019999742507935,15.96999979019165,20.31999969482422
2019-06-04,16.600000381469727,16.8799991607666,16.489999771118164,16.719999313354492,810900,0.0,0,0.023255762375645972,0.5966659490326472,17.84700002670288,19.968018650831965,15.725981402573796,17.329999923706055,18.050000190734863,17.019999742507935,15.96999979019165,20.18000030517578
2019-06-05,16.579999923706055,16.90999984741211,16.280000686645508,16.81999969482422,733300,0.0,0,0.005980884304813028,0.600234539042433,17.72799997329712,19.797922874262156,15.658077072332082,16.725000381469727,18.050000190734863,17.019999742507935,15.96999979019165,19.549999237060547
2019-06-06,16.799999237060547,17.1200008392334,16.329999923706055,16.3799991607666,1088400,0.0,0,-0.026159366352010882,0.5845327838384916,17.579499912261962,19.587202208796832,15.571797615727093,16.65499973297119,18.050000190734863,17.737499475479126,16.66499948501587,19.049999237060547
2019-06-07,16.530000686645508,16.639999389648438,16.020000457763672,16.530000686645508,1522400,0.0,0,0.009157602781701524,0.5898857028857667,17.454999923706055,19.396993352931997,15.513006494480113,16.579999923706055,17.920000076293945,17.94249987602234,16.84999990463257,18.8799991607666
2019-06-10,16.520000457763672,17.510000228881836,16.520000457763672,17.149999618530273,1000400,0.0,0,0.03750749583366075,0.6120108384290907,17.376999950408937,19.233634471360748,15.520365429457124,16.765000343322754,17.920000076293945,17.94249987602234,16.84999990463257,17.979999542236328
2019-06-11,17.399999618530273,17.56999969482422,16.959999084472656,17.170000076293945,813200,0.0,0,0.0011662074757168295,0.6127245700440864,17.35299997329712,19.20728074752467,15.49871919906957,16.795000076293945,17.920000076293945,17.94249987602234,16.84999990463257,18.100000381469727
2019-06-12,16.950000762939453,16.950000762939453,16.15999984741211,16.280000686645508,887400,0.0,0,-0.05183455944634674,0.5809642618938989,17.248499965667726,19.097245914028868,15.399754017306583,16.795000076293945,17.920000076293945,17.94249987602234,16.84999990463257,17.899999618530273
2019-06-13,16.739999771118164,17.270000457763672,16.489999771118164,17.209999084472656,1336900,0.0,0,0.057125206302357734,0.6141519652088849,17.152499961853028,18.785024098565753,15.519975825140303,16.795000076293945,17.920000076293945,17.94249987602234,16.84999990463257,18.6299991607666
2019-06-14,17.229999542236328,17.229999542236328,16.489999771118164,16.6299991607666,1093100,0.0,0,-0.03370133379201323,0.5934542248303594,17.034999942779542,18.445404629860516,15.62459525569857,16.795000076293945,17.630000114440918,17.94249987602234,16.84999990463257,18.86000061035156
2019-06-17,16.579999923706055,17.760000228881836,16.579999923706055,17.639999389648438,1108300,0.0,0,0.060733630778805114,0.6294968546053284,16.995999908447267,18.287995285981232,15.7040045309133,16.890000343322754,17.630000114440918,18.082500219345093,16.84999990463257,19.31999969482422
2019-06-18,17.780000686645508,18.5,17.770000457763672,18.3700008392334,1016700,0.0,0,0.041383303562546825,0.6555475140311292,16.986999988555908,18.236945392685726,15.737054584426092,17.260000228881836,17.630000114440918,18.31000018119812,16.84999990463257,15.640000343322754
2019-06-19,18.459999084472656,19.559999465942383,18.280000686645508,19.40999984741211,1369000,0.0,0,0.05661398806022655,0.6926606731633987,17.03099994659424,18.534393313700892,15.527606579487585,17.789999961853027,17.789999961853027,18.214999675750732,16.84999990463257,16.079999923706055
2019-06-20,19.88999938964844,20.1299991607666,19.229999542236328,19.299999237060547,1099200,0.0,0,-0.005667213354781597,0.6887352173461151,17.110999870300294,18.895590248795596,15.326409491804991,18.144999504089355,18.074999809265137,18.384999752044678,16.84999990463257,14.979999542236328
2019-06-21,19.26000022888184,19.540000915527344,18.96999931335449,19.1200008392334,2186600,0.0,0,-0.00932634222500428,0.6823118370067325,17.220999908447265,19.20707915018613,15.2349206667084,18.144999504089355,18.074999809265137,18.384999752044678,16.84999990463257,15.479999542236328
2019-06-24,19.06999969482422,19.46999931335449,18.559999465942383,18.56999969482422,1234300,0.0,0,-0.028765748967991778,0.6626846259855075,17.309999847412108,19.369821608765477,15.25017808605874,18.144999504089355,18.074999809265137,18.41499948501587,16.84999990463257,15.449999809265137
2019-06-25,18.57999992370605,19.350000381469727,18.40999984741211,19.049999237060547,1295300,0.0,0,0.025848117938855664,0.6798137763542473,17.428999805450438,19.60038952129563,15.25761008960525,18.309999465942383,18.074999809265137,18.41499948501587,16.84999990463257,15.029999732971191
2019-06-26,19.36000061035156,19.82999992370605,19.030000686645508,19.690000534057617,1233500,0.0,0,0.03359586995426178,0.7026527115777602,17.567499828338622,19.937858159285874,15.197141497391373,18.309999465942383,18.074999809265137,18.41499948501587,16.84999990463257,14.390000343322754
2019-06-27,19.63999938964844,20.020000457763672,19.38999938964844,19.559999465942383,1059700,0.0,0,-0.006602390278779957,0.6980135241454808,17.716999816894532,20.19283146970958,15.241168164079482,18.354999542236328,18.074999809265137,18.269999504089355,16.84999990463257,13.5
2019-06-28,19.770000457763672,20.420000076293945,19.71999931335449,20.38999938964844,1779900,0.0,0,0.04243353509038905,0.7276327055158742,17.91649980545044,20.57407990924619,15.258919701654687,19.09500026702881,18.22000026702881,18.249999523162842,17.03499984741211,12.970000267028809
2019-07-01,21.290000915527344,21.290000915527344,20.149999618530277,20.149999618530277,1014300,0.0,0,-0.011770464850529017,0.7190681303315043,18.106999778747557,20.831352288171622,15.382647269323492,19.785000801086426,18.655000686645508,18.09749984741211,17.244999885559082,13.020000457763672
2019-07-02,20.170000076293945,20.299999237060547,19.51000022888184,19.739999771118164,1285000,0.0,0,-0.020347387353549684,0.7044369725500564,18.25799980163574,20.992977765274357,15.523021837997124,19.850000381469727,18.655000686645508,18.09749984741211,17.505000114440918,13.09000015258789
2019-07-03,19.76000022888184,19.76000022888184,18.96999931335449,19.76000022888184,453000,0.0,0,0.001013194427334163,0.7051507041650523,18.404999828338624,21.130943032417367,15.67905662425988,19.850000381469727,18.655000686645508,18.084999561309814,17.570000171661377,12.350000381469728
2019-07-05,19.549999237060547,19.96999931335449,19.309999465942383,19.850000381469727,440000,0.0,0,0.004554663539747317,0.70836242836734,18.57849988937378,21.205687044175402,15.95131273457216,19.850000381469727,18.655000686645508,17.950000286102295,17.570000171661377,12.380000114440918
2019-07-08,19.729999542236328,19.989999771118164,19.25,19.420000076293945,1027300,0.0,0,-0.021662483471647342,0.6930175389708965,18.722999858856202,21.195325562139253,16.25067415557315,19.850000381469727,18.655000686645508,17.885000228881836,17.570000171661377,12.59000015258789
2019-07-09,19.26000022888184,19.700000762939453,19.229999542236328,19.600000381469727,1461400,0.0,0,0.00926881073473873,0.6994409873754721,18.845499897003172,21.23441989806566,16.456579895940685,20.130000114440918,18.655000686645508,17.760000228881836,17.570000171661377,11.93000030517578
2019-07-10,19.850000381469727,20.479999542236328,19.200000762939453,20.31999969482422,1712000,0.0,0,0.0367346581296597,0.7251347129285817,19.00299987792969,21.34364322513211,16.66235653072727,20.130000114440918,18.655000686645508,17.760000228881836,17.570000171661377,11.579999923706056
2019-07-11,20.38999938964844,20.520000457763672,19.920000076293945,20.18000030517578,781800,0.0,0,-0.006889733846014656,0.7201387277539975,19.1979998588562,21.224268867492675,17.171730850219724,20.130000114440918,18.655000686645508,17.69000005722046,17.570000171661377,12.06999969482422
2019-07-12,20.290000915527344,20.43000030517578,19.479999542236328,19.549999237060547,1554400,0.0,0,-0.031219081198608833,0.6976566583379825,19.314999866485596,21.125077243909253,17.50492248906194,20.130000114440918,18.655000686645508,17.387500286102295,17.570000171661377,12.720000267028809
2019-07-15,19.61000061035156,19.950000762939453,18.979999542236328,19.049999237060547,1197000,0.0,0,-0.025575448568415315,0.679813776354247,19.435999870300293,20.76781954105976,18.104180199540824,19.744999885559082,18.655000686645508,17.352499961853027,17.570000171661377,13.010000228881836
2019-07-16,19.030000686645508,19.34000015258789,18.709999084472656,18.8799991607666,971800,0.0,0,-0.008923888876762875,0.6737471937571692,19.4979998588562,20.57897977016831,18.41701994754409,19.614999771118164,18.725000381469727,17.25,17.610000133514404,13.279999732971191
2019-07-17,18.76000022888184,18.86000061035156,17.860000610351562,17.979999542236328,988100,0.0,0,-0.047669473439411414,0.6416300197994839,19.478499794006346,20.65137146409821,18.30562812391448,19.190000534057617,18.725000381469727,17.34250020980835,17.610000133514404,13.279999732971191
2019-07-18,17.959999084472656,18.15999984741211,17.68000030517578,18.100000381469727,1733700,0.0,0,0.0066741291595424634,0.6459123414242655,19.412999820709228,20.73267518817564,18.093324453242815,19.100000381469727,18.725000381469727,17.357500076293945,17.610000133514404,12.550000190734863
2019-07-19,18.030000686645508,18.030000686645508,17.68000030517578,17.899999618530273,1231800,0.0,0,-0.011049765675375856,0.6387751614046939,19.342999839782713,20.82015681613891,17.86584286342652,19.100000381469727,18.890000343322754,17.357500076293945,17.610000133514404,12.4399995803833
2019-07-22,18.11000061035156,18.739999771118164,18.059999465942383,18.6299991607666,1425000,0.0,0,0.04078209820075207,0.6648257527653014,19.318499755859374,20.825914064418875,17.811085447299874,19.100000381469727,18.890000343322754,17.357500076293945,17.610000133514404,12.289999961853027
2019-07-23,18.65999984741211,18.989999771118164,18.36000061035156,18.86000061035156,952900,0.0,0,0.012345757377666633,0.6730335302073664,19.332999801635744,20.81646706691931,17.84953253635218,19.100000381469727,18.9350004196167,17.21250009536743,17.610000133514404,12.640000343322754
2019-07-24,18.729999542236328,19.459999084472656,18.670000076293945,19.31999969482422,895400,0.0,0,0.024390194569780865,0.6894489489611106,19.346499824523924,20.824261340213237,17.86873830883461,19.05500030517578,19.485000610351562,17.260000228881836,17.610000133514404,13.18000030517578
2019-07-25,17.860000610351562,18.0,15.359999656677246,15.640000343322754,3416000,0.0,0,-0.1904761599187461,0.5581253607029827,19.143999814987183,21.32844677551967,16.959552854454696,17.65500020980835,18.325000286102295,17.445000171661377,17.610000133514404,12.960000038146973
2019-07-26,15.56999969482422,16.18000030517578,14.670000076293944,16.079999923706055,2691500,0.0,0,0.028132964880090316,0.5738270818743274,18.969999837875367,21.521972172575474,16.41802750317526,17.0649995803833,17.980000495910645,17.789999961853027,17.739999771118164,12.390000343322754
2019-07-29,15.789999961853027,16.010000228881836,14.630000114440918,14.979999542236328,1828500,0.0,0,-0.06840798424681849,0.5345727278970706,18.69949984550476,21.704139632014453,15.694860058995069,17.044999599456787,17.96000051498413,18.109999656677246,18.074999809265137,12.9399995803833
2019-07-30,14.779999732971191,15.520000457763672,14.609999656677246,15.479999542236328,1703400,0.0,0,0.033377838136125604,0.5524156098808061,18.465999841690063,21.702930179600127,15.22906950378,17.03499937057495,17.950000286102295,18.109999656677246,18.074999809265137,13.5
2019-07-31,15.529999732971191,16.239999771118164,15.34000015258789,15.449999809265137,1896000,0.0,0,-0.0019379673035091471,0.551345046490909,18.25149984359741,21.686999902978858,14.815999784215963,17.03499937057495,17.950000286102295,18.109999656677246,18.074999809265137,13.5
2019-08-01,14.6899995803833,15.449999809265137,14.609999656677246,15.029999732971191,2144400,0.0,0,-0.02718447129313728,0.5363570229019634,18.01499981880188,21.650205516491223,14.379794121112534,17.03499937057495,17.950000286102295,18.19249963760376,18.074999809265137,14.729999542236328
2019-08-02,15.0600004196167,15.1899995803833,14.079999923706056,14.390000343322754,1024300,0.0,0,-0.04258146380698036,0.5135181557436437,17.74199981689453,21.600680717192198,13.883318916596863,16.769999504089355,17.6850004196167,18.19249963760376,18.074999809265137,15.050000190734863
2019-08-05,13.84000015258789,13.970000267028809,13.420000076293944,13.5,1328600,0.0,0,-0.061848528289697446,0.48175781356085967,17.445999813079833,21.641727031437785,13.250272594721881,16.4399995803833,17.355000495910645,18.214999675750732,18.074999809265137,15.199999809265137
2019-08-06,13.56999969482422,13.84000015258789,12.56999969482422,12.970000267028809,1043900,0.0,0,-0.03925923947934751,0.462844368187227,17.114499807357788,21.616990570907184,12.612009043808392,15.28499984741211,16.93000030517578,18.65750026702881,18.22000026702881,14.760000228881836
2019-08-07,12.5,13.15999984741211,12.300000190734863,13.020000457763672,1313800,0.0,0,0.0038550647421318196,0.4646286631921199,16.74949984550476,21.337074088191947,12.161925602817576,14.269999980926514,16.410000324249268,19.220000743865967,18.655000686645508,14.770000457763672
2019-08-08,13.1899995803833,13.270000457763672,12.699999809265137,13.09000015258789,769400,0.0,0,0.005376320457997963,0.4671266557794119,16.394999837875368,20.962923779389847,11.82707589636089,14.269999980926514,16.410000324249268,19.252500534057617,18.655000686645508,15.579999923706056
2019-08-09,13.0600004196167,13.25,12.34000015258789,12.350000381469728,1123200,0.0,0,-0.05653168544630338,0.4407191986113066,16.034999895095826,20.686610821538792,11.383388968652858,14.269999980926514,16.410000324249268,19.252500534057617,18.655000686645508,14.8100004196167
2019-08-12,12.220000267028809,12.470000267028809,11.920000076293944,12.380000114440918,907100,0.0,0,0.0024291281007733367,0.4417897620012036,15.701499938964844,20.39733126780174,11.005668610127948,14.079999923706055,16.22000026702881,19.252500534057617,18.655000686645508,14.460000038146973
2019-08-13,12.1899995803833,13.0,12.06999969482422,12.59000015258789,1344700,0.0,0,0.01696284622017208,0.44928377379567647,15.386999988555909,20.03088325461519,10.743116722496627,13.684999942779541,16.22000026702881,19.252500534057617,18.655000686645508,13.920000076293944
2019-08-14,12.140000343322754,12.31999969482422,11.760000228881836,11.93000030517578,1466600,0.0,0,-0.052422544830267315,0.42573117502236096,15.08450002670288,19.80175608439181,10.367243969013952,13.474999904632568,16.140000343322754,19.392500400543213,18.655000686645508,13.789999961853027
2019-08-15,11.739999771118164,11.739999771118164,11.380000114440918,11.579999923706056,1501000,0.0,0,-0.029337835081016506,0.41324114402070755,14.758500003814698,19.498477140032417,10.018522867596978,12.675000190734863,15.950000286102295,19.392500400543213,18.655000686645508,14.210000038146973
2019-08-16,11.630000114440918,12.119999885559082,11.489999771118164,12.06999969482422,984200,0.0,0,0.042314315573962924,0.43072716019694524,14.467000007629395,19.113481882986704,9.820518132272085,12.610000133514404,15.90500020980835,19.392500400543213,18.655000686645508,13.4399995803833
2019-08-19,12.369999885559082,12.890000343322754,12.199999809265137,12.720000267028809,944100,0.0,0,0.05385257569503654,0.45392292719535937,14.171500062942505,18.45515690650954,9.887843219375469,12.325000286102295,15.665000438690186,19.392500400543213,18.655000686645508,13.949999809265137
2019-08-20,12.640000343322754,13.119999885559082,12.529999732971191,13.010000228881836,1269300,0.0,0,0.02279873866077886,0.4642717973846221,13.879000043869018,17.598136775466614,10.159863312271423,12.325000286102295,15.419999599456787,19.200000286102295,18.655000686645508,13.699999809265137
2019-08-21,13.3100004196167,13.449999809265137,13.029999732971191,13.279999732971191,920600,0.0,0,0.020753228235151244,0.47390693595888905,13.577000045776368,16.32472646126358,10.829273630289153,12.414999961853027,15.419999599456787,19.170000076293945,18.655000686645508,13.300000190734863
2019-08-22,13.380000114440918,13.550000190734863,13.220000267028809,13.279999732971191,1203700,0.0,0,0.0,0.47390693595888905,13.45900001525879,16.037956643260387,10.880043387257194,12.46500015258789,15.419999599456787,18.957500457763672,18.655000686645508,13.550000190734863
2019-08-23,12.920000076293944,13.09000015258789,12.449999809265137,12.550000190734863,1472100,0.0,0,-0.05496984615322742,0.4478563445982815,13.28250002861023,15.58535487040752,10.979645186812938,12.46500015258789,15.419999599456787,18.912500381469727,18.655000686645508,13.079999923706056
2019-08-26,12.6899995803833,12.760000228881836,12.369999885559082,12.4399995803833,1224200,0.0,0,-0.008764988739424218,0.44393088878099785,13.155500030517578,15.346121803096437,10.964878257938718,12.46500015258789,15.419999599456787,18.99500036239624,18.655000686645508,13.079999923706056
2019-08-27,12.600000381469728,12.699999809265137,12.0,12.289999961853027,1043300,0.0,0,-0.01205784755546202,0.4385780377989158,12.996000051498413,14.933760866225905,11.058239236770921,12.46500015258789,15.419999599456787,18.99500036239624,18.655000686645508,13.270000457763672
2019-08-28,12.359999656677246,12.890000343322754,12.289999961853027,12.640000343322754,916700,0.0,0,0.028478468881700136,0.4510680688005693,12.855500078201294,14.431288137960001,11.279712018442586,12.519999980926514,15.419999599456787,19.017500400543213,18.655000686645508,13.039999961853027
2019-08-29,12.84000015258789,13.460000038146973,12.84000015258789,13.18000030517578,689000,0.0,0,0.04272151480899988,0.4703383799816998,12.763000106811523,13.993348197835477,11.53265201578757,12.775000095367432,14.690000057220459,19.270000457763672,18.655000686645508,12.84000015258789
2019-08-30,13.229999542236328,13.369999885559082,12.850000381469728,12.960000038146973,669000,0.0,0,-0.01669197738503947,0.4624875023797292,12.691500091552735,13.674204800226349,11.70879538287912,12.775000095367432,13.809999942779541,17.990000247955322,18.325000286102295,12.489999771118164
2019-09-03,12.5600004196167,12.779999732971191,12.229999542236328,12.390000343322754,941200,0.0,0,-0.04398145780451079,0.44214662780870156,12.636000108718871,13.552224152694652,11.71977606474309,12.775000095367432,13.809999942779541,17.522500038146973,17.980000495910645,13.039999961853027
2019-09-04,12.8100004196167,12.9399995803833,12.539999961853027,12.9399995803833,1067300,0.0,0,0.04439057480389441,0.4617737707647334,12.634500074386597,13.54860477679195,11.720395371981244,12.775000095367432,13.809999942779541,17.50250005722046,17.96000051498413,13.479999542236328
2019-09-05,13.220000267028809,13.640000343322754,13.170000076293944,13.5,1106300,0.0,0,0.04327669534592915,0.4817578135608597,12.658500051498413,13.635571613885102,11.681428489111724,12.820000171661377,13.809999942779541,17.492499828338623,17.950000286102295,14.239999771118164
2019-09-06,13.359999656677246,13.579999923706056,13.170000076293944,13.5,892800,0.0,0,0.0,0.4817578135608597,12.679000043869019,13.707833438350452,11.650166649387586,12.820000171661377,13.414999961853027,17.492499828338623,17.950000286102295,14.199999809265137
2019-09-09,13.699999809265137,14.729999542236328,13.619999885559082,14.729999542236328,1379500,0.0,0,0.09111107720269107,0.5256512869052029,12.798000001907349,14.150730193588803,11.445269810225895,13.364999771118164,13.28499984741211,17.492499828338623,17.950000286102295,14.0600004196167
2019-09-10,14.90999984741211,15.710000038146973,14.850000381469728,15.050000190734863,1280300,0.0,0,0.02172441673069825,0.5370707545169594,12.931500005722047,14.589175215872519,11.273824795571574,13.96999979019165,13.545000076293945,17.227499961853027,17.6850004196167,13.989999771118164
2019-09-11,15.050000190734863,15.390000343322754,14.670000076293944,15.199999809265137,1366500,0.0,0,0.00996675193549934,0.5424236054990415,13.061999988555907,14.98447914502455,11.139520832087266,13.96999979019165,13.545000076293945,16.897500038146973,17.355000495910645,13.760000228881836
2019-09-12,14.699999809265137,15.199999809265137,13.869999885559082,14.760000228881836,1215500,0.0,0,-0.028947341177932073,0.5267218843276966,13.20349998474121,15.188146984270748,11.218852985211672,13.96999979019165,13.545000076293945,16.107500076293945,16.93000030517578,13.289999961853027
2019-09-13,15.0,15.270000457763672,14.640000343322754,14.770000457763672,911100,0.0,0,0.0006775222714610063,0.5270787501351946,13.363000011444091,15.312149777549404,11.413850245338779,13.96999979019165,13.545000076293945,15.34000015258789,16.795000553131104,13.619999885559082
2019-09-16,15.789999961853027,15.899999618530272,15.010000228881836,15.579999923706056,1561100,0.0,0,0.05484085584551335,0.5559841998905921,13.538500022888183,15.619457449688023,11.457542596088343,14.21999979019165,13.639999866485596,15.34000015258789,16.795000553131104,14.020000457763672
2019-09-17,15.329999923706056,15.390000343322754,14.670000076293944,14.8100004196167,1160400,0.0,0,-0.04942230474069187,0.5285061793325895,13.643000030517578,15.759046302813434,11.526953758221723,14.534999847412108,13.639999866485596,15.34000015258789,16.795000553131104,14.199999809265137
2019-09-18,14.649999618530272,15.010000228881836,14.260000228881836,14.460000038146973,1881300,0.0,0,-0.023632705709186297,0.5160161483309359,13.715500020980835,15.839256331988105,11.591743709973565,14.534999847412108,13.639999866485596,15.150000095367432,16.605000495910645,13.729999542236328
2019-09-19,14.699999809265137,14.760000228881836,13.880000114440918,13.920000076293944,1831700,0.0,0,-0.037344395603627456,0.4967458371498053,13.747500038146972,15.863228821744638,11.631771254549307,14.759999752044678,13.639999866485596,14.952500104904175,16.605000495910645,13.869999885559082
2019-09-20,13.9399995803833,14.210000038146973,13.65999984741211,13.789999961853027,4093400,0.0,0,-0.009339088629913839,0.4921066837501225,13.773000049591065,15.877721927144812,11.668278172037319,14.779999732971191,13.639999866485596,14.807500123977661,16.52500057220459,13.710000038146973
2019-09-23,13.640000343322754,14.3100004196167,13.640000343322754,14.210000038146973,1147300,0.0,0,0.03045685840868617,0.5070947073390681,13.85600004196167,15.890253676931373,11.821746406991966,14.769999980926514,13.694999694824219,14.312500238418579,16.33500051498413,13.989999771118164
2019-09-24,14.109999656677246,14.140000343322754,13.390000343322754,13.4399995803833,1367500,0.0,0,-0.05418722418695243,0.47961665274846904,13.90600004196167,15.84447033455354,11.9675297493698,14.644999980926514,13.949999809265137,14.257500171661377,16.33500051498413,13.579999923706056
2019-09-25,13.210000038146973,14.039999961853027,13.210000038146973,13.949999809265137,1179900,0.0,0,0.037946446786071286,0.49781640053970244,13.989000034332275,15.77846696133612,12.19953310732843,14.554999828338623,13.949999809265137,13.99500036239624,16.33500051498413,14.15999984741211
2019-09-26,13.81999969482422,13.859999656677246,13.470000267028809,13.699999809265137,1034400,0.0,0,-0.017921147198436405,0.4888949595478347,14.042000007629394,15.727163366222761,12.356836649036026,14.554999828338623,13.949999809265137,13.872499942779541,16.33500051498413,14.649999618530272
2019-09-27,13.539999961853027,13.81999969482422,13.15999984741211,13.300000190734863,1230900,0.0,0,-0.02919705285395402,0.4746206675738848,14.048000001907349,15.721532967786429,12.37446703602827,14.275000095367432,13.949999809265137,13.917499780654907,16.33500051498413,14.880000114440918
2019-09-30,13.1899995803833,13.640000343322754,13.1899995803833,13.550000190734863,1348800,0.0,0,0.018796992211636,0.48354210856575264,14.077500009536744,15.692429320090916,12.46257069898257,14.085000038146973,13.949999809265137,13.942499876022339,16.33500051498413,14.56999969482422
2019-10-01,13.670000076293944,13.979999542236328,13.010000228881836,13.079999923706056,1351600,0.0,0,-0.03468636608213338,0.46676978997191426,14.111999988555908,15.60484877443222,12.619151202679596,13.885000228881836,13.949999809265137,13.942499876022339,16.33500051498413,14.399999618530272
2019-10-02,12.970000267028809,13.25,12.760000228881836,13.079999923706056,1088300,0.0,0,0.0,0.46676978997191426,14.119000005722047,15.590737618360004,12.64726239308409,13.535000324249268,13.949999809265137,13.942499876022339,16.33500051498413,14.43000030517578
2019-10-03,12.9399995803833,13.369999885559082,12.84000015258789,13.270000457763672,1031000,0.0,0,0.014526034798613363,0.47355010418398774,14.107500028610229,15.602071508564508,12.61292854865595,13.535000324249268,14.0649995803833,13.942499876022339,16.33500051498413,14.289999961853027
2019-10-04,13.34000015258789,13.420000076293944,12.84000015258789,13.039999961853027,600700,0.0,0,-0.017332365333573296,0.4653423607745192,14.08450002670288,15.629618713072642,12.539381340333119,13.450000286102295,14.0649995803833,13.96999979019165,16.33500051498413,14.010000228881836
2019-10-07,13.010000228881836,13.31999969482422,12.829999923706056,12.84000015258789,1145800,0.0,0,-0.015337408730844548,0.4582052147875443,13.99000005722046,15.59629408868081,12.383706025760109,13.400000095367432,14.0649995803833,13.732500076293945,16.33500051498413,14.0600004196167
2019-10-08,12.65999984741211,12.949999809265137,12.1899995803833,12.489999771118164,1433200,0.0,0,-0.027258596363737952,0.44571518378589076,13.862000036239625,15.51779995969577,12.20620011278348,13.084999561309814,14.044999599456787,13.292500019073486,16.33500051498413,13.460000038146973
2019-10-09,12.979999542236328,13.100000381469728,12.800000190734863,13.039999961853027,942100,0.0,0,0.04403524426050698,0.46534236077451924,13.754000043869018,15.32535438980867,12.182645697929367,13.084999561309814,14.044999599456787,13.292500019073486,16.33500051498413,13.4399995803833
2019-10-10,13.109999656677246,13.579999923706056,13.0600004196167,13.479999542236328,1336400,0.0,0,0.033742299207857984,0.48104408194586407,13.690000009536742,15.194376169977396,12.185623849096089,13.084999561309814,14.044999599456787,13.292500019073486,16.33500051498413,13.720000267028809
2019-10-11,13.720000267028809,14.470000267028809,13.609999656677246,14.239999771118164,1164700,0.0,0,0.056379840852409435,0.5081652707289653,13.663499975204468,15.107673142968707,12.219326807440229,13.329999923706055,14.044999599456787,13.315000057220459,16.33500051498413,13.40999984741211
2019-10-14,13.920000076293944,14.3100004196167,13.720000267028809,14.199999809265137,879200,0.0,0,-0.002808986130333757,0.5067378415315704,13.594499969482422,14.770061104675273,12.418938834289571,13.329999923706055,14.044999599456787,13.117500066757202,16.33500051498413,13.34000015258789
2019-10-15,14.270000457763672,14.59000015258789,13.989999771118164,14.0600004196167,821500,0.0,0,-0.009859112079500965,0.5017418563569863,13.556999969482423,14.61593664755271,12.498063291412135,13.389999866485596,14.044999599456787,13.324999809265137,16.33500051498413,13.31999969482422
2019-10-16,13.989999771118164,14.369999885559082,13.949999809265137,13.989999771118164,1013100,0.0,0,-0.004978708848462743,0.4992438297370977,13.533499956130981,14.529569646848655,12.537430265413308,13.389999866485596,14.044999599456787,13.757499933242798,16.33500051498413,13.550000190734863
2019-10-17,14.079999923706056,14.220000267028809,13.720000267028809,13.760000228881836,879600,0.0,0,-0.016440282058556854,0.49103612036022565,13.525499963760376,14.511433678244245,12.539566249276508,13.389999866485596,14.044999599456787,13.757499933242798,16.33500051498413,13.479999542236328
2019-10-18,13.779999732971191,13.989999771118164,13.220000267028809,13.289999961853027,1378100,0.0,0,-0.03415699558218699,0.47426380176638716,13.500499963760376,14.483661280102778,12.517338647417974,13.389999866485596,14.044999599456787,13.757499933242798,16.33500051498413,13.989999771118164
2019-10-21,13.420000076293944,13.880000114440918,13.359999656677246,13.619999885559082,1004500,0.0,0,0.02483069410483596,0.48604010115304486,13.470999956130981,14.400620387139112,12.541379525122851,13.695000171661377,14.044999599456787,13.757499933242798,15.950000286102295,13.579999923706056
2019-10-22,13.65999984741211,14.25,13.380000114440918,14.020000457763672,1119700,0.0,0,0.02936861788293399,0.5003144271595912,13.5,14.459968343561004,12.540031656438996,13.825000286102295,13.789999961853027,13.929999828338623,15.950000286102295,13.770000457763672
2019-10-23,13.949999809265137,14.43000030517578,13.789999961853027,14.199999809265137,892300,0.0,0,0.012838755037400063,0.5067378415315703,13.5125,14.501962901242848,12.52303709875715,13.90500020980835,13.599999904632568,14.087499856948853,15.950000286102295,13.40999984741211
2019-10-24,14.229999542236328,14.31999969482422,13.649999618530272,13.729999542236328,929500,0.0,0,-0.033098610798723116,0.4899655229377318,13.51399998664856,14.50469888685849,12.52330108643863,13.90500020980835,13.474999904632568,14.087499856948853,15.950000286102295,13.5600004196167
2019-10-25,13.789999961853027,14.18000030517578,13.75,13.869999885559082,978900,0.0,0,0.010196675017510648,0.49496154214491256,13.54249997138977,14.539778751622539,12.545221191157001,13.90500020980835,13.389999866485596,14.199999809265137,15.950000286102295,13.1899995803833
2019-10-28,14.0,14.109999656677246,13.460000038146973,13.710000038146973,784900,0.0,0,-0.011535677630300167,0.4892518253553326,13.550499963760377,14.55048369992286,12.550516227597893,13.825000286102295,13.389999866485596,14.209999799728394,15.950000286102295,13.40999984741211
2019-10-29,13.529999732971191,14.119999885559082,13.34000015258789,13.989999771118164,990800,0.0,0,0.020423029335675746,0.49924382973709747,13.595999956130981,14.588920906322123,12.60307900593984,13.825000286102295,13.389999866485596,14.232499837875366,15.950000286102295,13.239999771118164
2019-10-30,13.920000076293944,13.920000076293944,13.239999771118164,13.579999923706056,1171400,0.0,0,-0.029306637177974548,0.48461267195564983,13.620999956130982,14.585148408575654,12.65685150368631,13.825000286102295,13.389999866485596,14.297499895095825,15.90500020980835,13.6899995803833
2019-10-31,13.649999618530272,14.5600004196167,13.449999809265137,14.15999984741211,4320100,0.0,0,0.042709862073973204,0.5053104123341753,13.665499925613403,14.642948095835251,12.688051755391555,13.900000095367432,13.389999866485596,14.25249981880188,15.665000438690186,13.359999656677246
2019-11-01,14.300000190734863,14.9399995803833,14.0600004196167,14.649999618530272,2733700,0.0,0,0.03460450398293724,0.5227964285104129,13.745999908447265,14.768772390828959,12.723227426065572,14.089999675750732,13.5649995803833,14.25249981880188,15.419999599456787,13.15999984741211
2019-11-04,14.899999618530272,15.300000190734863,14.789999961853027,14.880000114440918,20401800,0.0,0,0.015699692962430234,0.5310041719198815,13.847999906539917,14.895871329240833,12.800128483839,14.269999980926514,13.744999885559082,14.112499952316284,15.419999599456787,13.470000267028809
2019-11-05,14.989999771118164,15.140000343322754,14.510000228881836,14.56999969482422,1923100,0.0,0,-0.020833361373152504,0.519941570115623,13.95199990272522,14.83903110152708,13.064968703923359,14.269999980926514,13.744999885559082,14.017499923706055,15.419999599456787,14.43000030517578
2019-11-06,14.489999771118164,14.710000038146973,14.09000015258789,14.399999618530272,1523300,0.0,0,-0.01166781605042444,0.5138749875185451,14.019999885559082,14.820334940026402,13.219664831091762,14.269999980926514,13.744999885559082,13.917500019073486,15.419999599456787,14.1899995803833
2019-11-07,14.670000076293944,15.079999923706056,14.25,14.43000030517578,1430900,0.0,0,0.0020833810722398205,0.5149455849410387,14.067499923706055,14.846243770780076,13.288756076632035,14.269999980926514,13.744999885559082,13.742500066757202,15.419999599456787,14.3100004196167
2019-11-08,14.289999961853027,14.31999969482422,13.920000076293944,14.289999961853027,1015700,0.0,0,-0.009702033289114786,0.5099495657338581,14.069999933242798,14.851287307811171,13.288712558674424,14.269999980926514,13.744999885559082,13.799999952316284,15.419999599456787,14.8100004196167
2019-11-11,13.949999809265137,14.130000114440918,13.699999809265137,14.010000228881836,660500,0.0,0,-0.01959410312936649,0.4999575613520932,14.060499954223634,14.83983036593381,13.281169542513457,14.269999980926514,13.744999885559082,13.757499933242798,15.419999599456787,15.050000190734863
2019-11-12,14.119999885559082,14.420000076293944,13.890000343322754,14.0600004196167,1061000,0.0,0,0.0035688929277664094,0.501741856356986,14.060499954223634,14.83983036593381,13.281169542513457,14.375,13.744999885559082,13.732499837875366,14.690000057220459,15.079999923706056
2019-11-13,13.880000114440918,13.93000030517578,13.460000038146973,13.460000038146973,766800,0.0,0,-0.04267427905852672,0.48033038436346476,14.033999967575074,14.85644799587053,13.211551939279618,14.380000114440918,14.050000190734863,13.5649995803833,13.809999942779541,14.75
2019-11-14,13.43000030517578,13.670000076293944,13.399999618530272,13.4399995803833,708000,0.0,0,-0.001485918106016948,0.479616652748469,14.017999935150147,14.87330445116369,13.162695419136604,14.349999904632568,14.180000305175781,13.5649995803833,13.809999942779541,15.09000015258789
2019-11-15,13.56999969482422,13.8100004196167,13.449999809265137,13.720000267028809,955500,0.0,0,0.020833385073477872,0.48960869116283035,14.039499950408935,14.839796512093242,13.239203388724627,14.269999980926514,14.260000228881836,13.5649995803833,13.809999942779541,15.140000343322754
2019-11-18,13.550000190734863,13.579999923706056,13.220000267028809,13.40999984741211,711900,0.0,0,-0.022594782331140095,0.4785460893585718,14.028999948501587,14.856386855013744,13.20161304198943,14.150000095367432,14.260000228881836,13.687499761581421,13.809999942779541,15.09000015258789
2019-11-19,13.420000076293944,13.510000228881836,13.100000381469728,13.34000015258789,1073400,0.0,0,-0.005219962387824184,0.4760480967712797,13.994999933242799,14.875830010511537,13.11416985597406,14.090000152587892,14.200000286102295,13.687499761581421,13.639999866485596,14.880000114440918
2019-11-20,13.3100004196167,13.600000381469728,13.109999656677246,13.31999969482422,1083500,0.0,0,-0.0014992846727809317,0.47533436515628397,13.950999927520751,14.873853376468613,13.02814647857289,13.760000228881836,14.200000286102295,13.717499732971191,13.639999866485596,14.899999618530272
2019-11-21,13.420000076293944,13.65999984741211,13.260000228881836,13.550000190734863,1132200,0.0,0,0.017267304893408886,0.48354210856575247,13.94199995994568,14.876862516692752,13.007137403198607,13.760000228881836,14.200000286102295,13.717499732971191,13.639999866485596,14.90999984741211
2019-11-22,13.640000343322754,13.859999656677246,13.279999732971191,13.479999542236328,852800,0.0,0,-0.005166099447467154,0.48104408194586384,13.922499942779542,14.878814954694825,12.966184930864259,13.760000228881836,14.200000286102295,13.717499732971191,13.639999866485596,14.779999732971191
2019-11-25,13.449999809265137,14.0,13.329999923706056,13.989999771118164,790400,0.0,0,0.0378338461573291,0.49924382973709724,13.9364999294281,14.888096972123812,12.984902886732389,13.550000190734863,14.200000286102295,13.717499732971191,13.639999866485596,15.109999656677246
2019-11-26,13.9399995803833,14.050000190734863,13.539999961853027,13.579999923706056,780300,0.0,0,-0.029306637177974548,0.4846126719556496,13.915999937057496,14.879823330097643,12.952176544017348,13.575000286102295,14.200000286102295,13.869999885559082,13.639999866485596,14.850000381469728
2019-11-27,13.630000114440918,13.800000190734863,13.420000076293944,13.770000457763672,739400,0.0,0,0.013991202881079579,0.49139298616772314,13.925499963760377,14.879477968938495,12.971521958582258,13.575000286102295,14.200000286102295,13.807500123977661,13.639999866485596,14.979999542236328
2019-11-29,13.619999885559082,13.640000343322754,13.390000343322754,13.40999984741211,313500,0.0,0,-0.026143834305291547,0.4785460893585718,13.887999963760375,14.86113866008366,12.914861267437091,13.575000286102295,14.200000286102295,13.752500057220459,13.639999866485596,14.850000381469728
2019-12-02,13.539999961853027,13.68000030517578,13.3100004196167,13.5600004196167,1940400,0.0,0,0.011185725123892265,0.48389897437325036,13.833500003814697,14.749655104082315,12.917344903547079,13.575000286102295,14.200000286102295,13.690000057220459,13.639999866485596,15.5600004196167
2019-12-03,13.31999969482422,13.420000076293944,12.899999618530272,13.1899995803833,1424000,0.0,0,-0.027286196739207513,0.4706952117566011,13.748999977111817,14.569220289122777,12.928779665100857,13.474999904632568,14.099999904632568,13.647500038146973,13.639999866485596,15.960000038146973
2019-12-04,13.289999961853027,13.8100004196167,13.010000228881836,13.40999984741211,1541600,0.0,0,0.01667932327731103,0.47854608935857185,13.690999984741211,14.429992534768779,12.952007434713643,13.474999904632568,14.099999904632568,13.607500076293945,13.639999866485596,15.720000267028809
2019-12-05,13.5600004196167,13.619999885559082,13.170000076293944,13.239999771118164,1924300,0.0,0,-0.012677112470419027,0.47247950676149403,13.632999992370605,14.320019324744296,12.945980659996914,13.474999904632568,14.099999904632568,13.607500076293945,13.694999694824219,15.4399995803833
2019-12-06,13.329999923706056,13.760000228881836,13.329999923706056,13.6899995803833,1408300,0.0,0,0.03398790158945242,0.4885380937403367,13.595999956130981,14.177965448511545,13.014034463750418,13.474999904632568,14.099999904632568,13.607500076293945,13.949999809265137,14.850000381469728
2019-12-09,13.550000190734863,13.68000030517578,13.279999732971191,13.359999656677246,952000,0.0,0,-0.024105181433235257,0.476761794353679,13.549499940872192,14.043280851139981,13.055719030604402,13.474999904632568,14.099999904632568,13.644999980926514,13.949999809265137,14.949999809265137
2019-12-10,13.369999885559082,13.529999732971191,13.06999969482422,13.15999984741211,572100,0.0,0,-0.014970045988375258,0.4696246483667041,13.506999921798705,13.980617185423597,13.033382658173814,13.355000019073486,14.099999904632568,13.827499628067017,13.949999809265137,14.770000457763672
2019-12-11,13.1899995803833,13.510000228881836,13.100000381469728,13.470000267028809,739600,0.0,0,0.023556263161937707,0.48068725017096264,13.47749991416931,13.87654818560671,13.078451642731912,13.355000019073486,14.019999980926514,14.007499933242798,13.949999809265137,14.399999618530272
2019-12-12,13.800000190734863,14.84000015258789,13.789999961853027,14.43000030517578,1707700,0.0,0,0.07126948916970788,0.5149455849410387,13.525999927520752,14.103151041658329,12.948848813383176,13.869999885559082,13.989999771118164,14.007499933242798,13.949999809265137,14.329999923706056
2019-12-13,14.3100004196167,14.640000343322754,14.09000015258789,14.1899995803833,1479900,0.0,0,-0.01663206650843896,0.5063809757240724,13.563499927520752,14.207755980005855,12.919243875035649,13.869999885559082,13.989999771118164,14.007499933242798,13.949999809265137,14.25
2019-12-16,14.3100004196167,14.68000030517578,14.25,14.3100004196167,1007700,0.0,0,0.00845671901211964,0.5106632973488539,13.592999935150146,14.313602019876052,12.87239785042424,13.925000190734863,13.869999885559082,14.007499933242798,13.949999809265137,13.329999923706056
2019-12-17,14.8100004196167,14.970000267028809,14.489999771118164,14.8100004196167,1569200,0.0,0,0.03494059995376242,0.5285061793325894,13.662999963760376,14.553023836432263,12.772976091088488,14.019999980926514,13.934999942779541,14.007499933242798,14.044999599456787,12.670000076293944
2019-12-18,14.75,15.260000228881836,14.75,15.050000190734863,1287500,0.0,0,0.016205250797985737,0.5370707545169592,13.748499965667724,14.811727668737287,12.685272262598161,14.164999961853027,14.079999923706055,14.007499933242798,14.044999599456787,12.93000030517578
2019-12-19,15.010000228881836,15.210000038146973,14.960000038146973,15.079999923706056,1333800,0.0,0,0.001993337713687371,0.5381413179068564,13.836499977111817,15.02833622926987,12.644663724953764,14.164999961853027,14.079999923706055,14.059999942779541,14.044999599456787,12.8100004196167
2019-12-20,15.199999809265137,15.199999809265137,14.640000343322754,14.75,2785600,0.0,0,-0.02188328417610197,0.5263650185201986,13.896499967575073,15.14471605771522,12.648283877434926,14.164999961853027,14.079999923706055,14.21500015258789,14.044999599456787,12.850000381469728
2019-12-23,14.729999542236328,15.109999656677246,14.649999618530272,15.09000015258789,952300,0.0,0,0.02305085780256877,0.5384981837143541,13.976999998092651,15.312953442127673,12.64104655405763,14.180000305175781,14.079999923706055,14.265000104904175,14.044999599456787,12.40999984741211
2019-12-24,15.119999885559082,15.40999984741211,15.029999732971191,15.140000343322754,286500,0.0,0,0.0033134652239408258,0.540282478719247,14.034500026702881,15.464480103536063,12.6045199498697,14.599999904632568,14.154999732971191,14.265000104904175,14.044999599456787,12.75
2019-12-26,15.260000228881836,15.350000381469728,15.0,15.09000015258789,404200,0.0,0,-0.0033025224307154932,0.5384981837143541,14.110000038146973,15.595019030035099,12.624981046258847,14.75,14.154999732971191,14.205000162124634,14.044999599456787,13.130000114440918
2019-12-27,15.149999618530272,15.210000038146973,14.84000015258789,14.880000114440918,674900,0.0,0,-0.013916503381277812,0.5310041719198814,14.165500020980835,15.678553439960204,12.652446602001465,14.829999923706055,14.154999732971191,14.145000219345093,14.044999599456787,13.729999542236328
2019-12-30,14.859999656677246,15.09000015258789,14.829999923706056,14.899999618530272,1018900,0.0,0,0.0013440526838399691,0.5317178695022805,14.240000009536743,15.743515866407426,12.73648415266606,14.949999809265137,14.154999732971191,13.980000257492065,14.044999599456787,13.75
2019-12-31,14.710000038146973,15.149999618530272,14.649999618530272,14.90999984741211,1590000,0.0,0,0.0006711563179773172,0.5320747353097784,14.307499980926513,15.803964461839374,12.811035500013652,15.025000095367432,14.154999732971191,13.980000257492065,14.044999599456787,12.829999923706056
2020-01-02,15.0600004196167,15.130000114440918,14.359999656677246,14.779999732971191,2081400,0.0,0,-0.008718988314643239,0.5274355819100955,14.386999988555909,15.803507148506412,12.970492828605405,14.884999752044678,14.154999732971191,13.980000257492065,14.044999599456787,12.529999732971191
2020-01-03,15.06999969482422,15.40999984741211,14.829999923706056,15.109999656677246,1523600,0.0,0,0.022327464794866803,0.5392118812967532,14.471999979019165,15.846761992703708,13.097237965334621,14.884999752044678,14.154999732971191,13.875000238418579,14.044999599456787,12.869999885559082
2020-01-06,15.029999732971191,15.239999771118164,14.539999961853027,14.850000381469728,1471100,0.0,0,-0.017207100007617937,0.5299336085299842,14.552500009536743,15.811772565681286,13.2932274533922,14.884999752044678,14.154999732971191,13.887500286102295,14.044999599456787,13.239999771118164
2020-01-07,14.789999961853027,15.079999923706056,14.5600004196167,14.979999542236328,1373200,0.0,0,0.008754152015296723,0.5345727278970704,14.617000007629395,15.823434980131466,13.410565035127323,14.884999752044678,14.154999732971191,13.887500286102295,13.789999961853027,13.029999732971191
2020-01-08,14.970000267028809,15.140000343322754,14.699999809265137,14.850000381469728,1219400,0.0,0,-0.008678181891799475,0.5299336085299843,14.691500043869018,15.751947366454605,13.631052721283432,14.884999752044678,14.154999732971191,13.887500286102295,13.744999885559082,13.479999542236328
2020-01-09,14.850000381469728,15.56999969482422,14.779999732971191,15.5600004196167,1229400,0.0,0,0.04781144915207736,0.5552705023081925,14.811500072479248,15.674398703583662,13.948601441374834,14.964999675750732,14.234999656677246,13.887500286102295,13.744999885559082,13.270000457763672
2020-01-10,15.489999771118164,16.0,15.380000114440918,15.960000038146973,1444900,0.0,0,0.0257069156647316,0.5695447942821423,14.936000061035156,15.700688367157554,14.171311754912757,15.179999828338623,14.505000114440918,13.787499904632568,13.744999885559082,13.390000343322754
2020-01-13,15.90999984741211,15.9399995803833,15.539999961853027,15.720000267028809,1399000,0.0,0,-0.015037579608052964,0.5609802190977725,15.000500059127807,15.800771472881843,14.200228645373771,15.179999828338623,14.53499984741211,13.787499904632568,13.744999885559082,13.56999969482422
2020-01-14,15.5,15.600000381469728,15.15999984741211,15.4399995803833,1188200,0.0,0,-0.017811748211784884,0.550988180683411,15.063000059127807,15.791610155562466,14.334389962693148,15.179999828338623,14.53499984741211,13.787499904632568,13.744999885559082,12.970000267028809
2020-01-15,15.199999809265137,15.359999656677246,14.729999542236328,14.850000381469728,1258500,0.0,0,-0.03821238438783203,0.5299336085299843,15.09000005722046,15.739965222031469,14.44003489240945,15.269999980926514,14.53499984741211,13.787499904632568,13.744999885559082,11.920000076293944
2020-01-16,14.989999771118164,15.350000381469728,14.880000114440918,14.949999809265137,994600,0.0,0,0.0067339680287274994,0.5335021645071734,15.097000026702881,15.737599656369383,14.45640039703638,15.269999980926514,14.53499984741211,13.787499904632568,13.744999885559082,11.109999656677246
2020-01-17,15.039999961853027,15.079999923706056,14.729999542236328,14.770000457763672,936500,0.0,0,-0.012040090555045513,0.5270787501351942,15.083000040054321,15.739314394693585,14.426685685415057,15.28000020980835,14.550000190734863,13.727499961853027,13.744999885559082,10.9399995803833
2020-01-21,14.56999969482422,14.729999542236328,14.3100004196167,14.399999618530272,1164600,0.0,0,-0.025050834649020914,0.5138749875185449,15.049000024795532,15.770381594592202,14.327618454998863,15.15500020980835,14.894999980926514,13.6875,13.744999885559082,10.229999542236328
2020-01-22,14.31999969482422,14.5,14.15999984741211,14.329999923706056,1164300,0.0,0,-0.004861090047123207,0.5113769949312529,15.028000020980835,15.805853615944915,14.250146426016755,15.079999923706055,15.045000076293945,13.929999828338623,13.744999885559082,10.539999961853027
2020-01-23,14.15999984741211,14.369999885559082,13.800000190734863,14.25,1149800,0.0,0,-0.005582688355337151,0.5085221365364628,14.98600001335144,15.834249863530717,14.137750163172162,14.900000095367432,14.900000095367432,13.929999828338623,13.744999885559082,10.729999542236328
2020-01-24,14.18000030517578,14.18000030517578,13.09000015258789,13.329999923706056,1191500,0.0,0,-0.06456140886273287,0.4756912309637818,14.895499992370606,16.007293378151275,13.783706606589938,14.514999866485596,14.545000076293945,13.897500038146973,13.744999885559082,10.579999923706056
2020-01-27,12.949999809265137,13.020000457763672,12.670000076293944,12.670000076293944,1168400,0.0,0,-0.04951236693095329,0.4521386321904662,14.774499988555908,16.247810758919012,13.301189218192802,14.135000228881836,14.335000038146973,13.977499961853027,13.744999885559082,10.380000114440918
2020-01-28,12.779999732971191,13.0,12.600000381469728,12.93000030517578,1063700,0.0,0,0.020520933489835302,0.4614169389898318,14.67699999809265,16.355641631411288,12.998358364774013,13.980000019073486,14.300000190734863,14.122499942779541,13.744999885559082,9.369999885559082
2020-01-29,13.039999961853027,13.199999809265137,12.789999961853027,12.8100004196167,909800,0.0,0,-0.009280733389545603,0.457134651397647,14.572500038146973,16.434862310893582,12.710137765400367,13.975000381469728,14.300000190734863,14.122499942779541,13.744999885559082,8.170000076293945
2020-01-30,12.539999961853027,12.890000343322754,12.470000267028809,12.850000381469728,1018400,0.0,0,0.00312255741941847,0.458562080595042,14.469500064849854,16.470089795136442,12.468910334563265,13.775000095367432,14.235000133514404,14.122499942779541,14.050000190734863,4.809999942779541
2020-01-31,12.539999961853027,12.59000015258789,12.050000190734863,12.40999984741211,1503900,0.0,0,-0.034241285680591815,0.4428603253911006,14.3510000705719,16.538161986728205,12.163838154415593,13.389999866485596,14.025000095367432,14.130000114440918,14.099999904632568,4.570000171661377
2020-02-03,12.350000381469728,12.9399995803833,12.329999923706056,12.75,1188100,0.0,0,0.027397272906396708,0.45499349058525623,14.233000087738038,16.497761986681397,11.968238188794679,13.275000095367432,14.025000095367432,14.37749981880188,14.154999732971191,3.569999933242798
2020-02-04,13.09000015258789,13.220000267028809,12.90999984741211,13.130000114440918,1104900,0.0,0,0.029803930544385793,0.46855408497680684,14.147000074386597,16.4422675364304,11.851732612342795,13.210000038146973,14.025000095367432,14.452499866485596,14.154999732971191,3.150000095367432
2020-02-05,13.449999809265137,13.869999885559082,13.329999923706056,13.729999542236328,1064100,0.0,0,0.04569683340181441,0.48996552293773155,14.084500074386597,16.353270316689144,11.815729832084047,13.115000247955322,14.025000095367432,14.492499828338623,14.154999732971191,3.2300000190734863
2020-02-06,13.789999961853027,13.93000030517578,13.399999618530272,13.75,958000,0.0,0,0.0014566976278582722,0.49067925455272726,14.029500055313111,16.274322504026017,11.784677606600205,12.990000247955322,14.025000095367432,14.552499771118164,14.154999732971191,2.3299999237060547
2020-02-07,13.5600004196167,13.630000114440918,12.81999969482422,12.829999923706056,698500,0.0,0,-0.06690909645774135,0.4578483489800462,13.893000030517578,16.079590588146967,11.706409472888188,12.990000247955322,14.025000095367432,14.589999914169312,14.154999732971191,2.259999990463257
2020-02-10,12.68000030517578,12.68000030517578,12.3100004196167,12.529999732971191,869900,0.0,0,-0.023382711809729062,0.44714261298328556,13.721500015258789,15.764539537717614,11.678460492799964,12.990000247955322,14.025000095367432,14.519999742507935,14.154999732971191,2.0799999237060547
2020-02-11,12.970000267028809,13.300000190734863,12.760000228881836,12.869999885559082,809500,0.0,0,0.027134889052967903,0.4592757781774412,13.578999996185303,15.431282056115153,11.726717936255453,12.990000247955322,14.025000095367432,14.519999742507935,14.154999732971191,2.859999895095825
2020-02-12,13.270000457763672,13.579999923706056,13.079999923706056,13.239999771118164,1330200,0.0,0,0.028749020112598833,0.4724795067614939,13.469000005722046,15.1136908871557,11.824309124288392,12.990000247955322,14.025000095367432,14.519999742507935,14.154999732971191,2.890000104904175
2020-02-13,13.149999618530272,13.359999656677246,12.770000457763672,13.029999732971191,1135800,0.0,0,-0.01586103034571562,0.46498549496702113,13.377999973297118,14.902755549872115,11.853244396722122,13.12000036239624,14.025000095367432,14.519999742507935,14.154999732971191,2.950000047683716
2020-02-14,13.079999923706056,13.5,12.960000038146973,13.479999542236328,888700,0.0,0,0.034535672946059526,0.4810440819458638,13.304499959945678,14.648185292200134,11.960814627691223,13.12000036239624,14.025000095367432,14.519999742507935,14.154999732971191,4.179999828338623
2020-02-18,13.270000457763672,13.40999984741211,12.789999961853027,13.270000457763672,845500,0.0,0,-0.015578567626406414,0.4735501041839876,13.229499959945679,14.390854319778388,12.06814560011297,13.12000036239624,14.025000095367432,14.59999966621399,14.234999656677246,3.910000085830689
2020-02-19,13.390000343322754,13.579999923706056,13.09000015258789,13.390000343322754,1344400,0.0,0,0.009042945095670607,0.4778323917761725,13.178999996185302,14.211775937477857,12.146224054892748,13.12000036239624,13.994999885559082,14.84249997138977,14.449999809265137,3.849999904632568
2020-02-20,13.43000030517578,13.869999885559082,13.399999618530272,13.56999969482422,1138900,0.0,0,0.013442819035566878,0.48425580614815167,13.14099998474121,14.048654658877544,12.233345310604877,13.09000015258789,13.825000286102295,14.857499837875366,14.449999809265137,3.819999933242798
2020-02-21,13.31999969482422,13.359999656677246,12.380000114440918,12.970000267028809,1672300,0.0,0,-0.04421513937279309,0.46284436818722685,13.076999998092651,13.828343366108323,12.32565663007698,13.09000015258789,13.704999923706055,14.857499837875366,14.449999809265137,3.470000028610229
2020-02-24,12.260000228881836,12.470000267028809,11.43000030517578,11.920000076293944,1494100,0.0,0,-0.0809560654677921,0.42537430921486286,13.006500005722046,13.902121007116628,12.110879004327463,12.650000095367432,13.390000343322754,14.902499914169312,14.449999809265137,2.940000057220459
2020-02-25,13.5,13.6899995803833,11.050000190734863,11.109999656677246,2958800,0.0,0,-0.06795305490203785,0.39646882542686884,12.928499984741212,14.14581580852003,11.711184160962393,12.460000038146973,13.065000057220459,14.902499914169312,14.449999809265137,2.740000009536743
2020-02-26,11.199999809265137,11.300000190734863,10.729999542236328,10.9399995803833,1635500,0.0,0,-0.015301537493007333,0.390402242829791,12.828999948501586,14.326099493439974,11.331900403563198,12.299999713897705,12.729999542236328,14.915000200271606,14.449999809265137,3.0199999809265137
2020-02-27,10.510000228881836,10.720000267028809,10.0600004196167,10.229999542236328,1818700,0.0,0,-0.06489945753015258,0.36506534905158267,12.699999904632568,14.581406665618326,10.81859314364681,11.96500015258789,12.28000020980835,15.025000095367432,14.449999809265137,2.8399999141693115
2020-02-28,9.829999923706056,10.539999961853027,9.739999771118164,10.539999961853027,2208300,0.0,0,0.030303072677257514,0.37612795085584116,12.584499883651734,14.68795705804774,10.481042709255728,11.804999828338623,12.054999828338623,15.0625,14.449999809265137,3.359999895095825
2020-03-02,10.760000228881836,10.760000228881836,10.100000381469728,10.729999542236328,1896100,0.0,0,0.018026525718307207,0.3829082310353182,12.500499868392945,14.755540145603014,10.245459591182875,11.804999828338623,11.960000038146973,14.900000095367432,14.449999809265137,3.7200000286102295
2020-03-03,10.68000030517578,10.850000381469728,10.119999885559082,10.579999923706056,2318300,0.0,0,-0.013979461782810954,0.3775553800532362,12.391999864578247,14.7942395021806,9.989760226975894,11.804999828338623,11.835000038146973,14.52999997138977,14.449999809265137,3.839999914169312
2020-03-04,10.800000190734863,10.8100004196167,10.0,10.380000114440918,1721000,0.0,0,-0.01890357379086638,0.37041823406626123,12.254499864578246,14.784850220739585,9.724149508416907,11.714999675750732,11.835000038146973,14.235000133514404,14.335000038146973,4.110000133514404
2020-03-05,10.050000190734863,10.140000343322754,9.239999771118164,9.369999885559082,1775000,0.0,0,-0.09730252579445531,0.33437560429129226,12.036499881744385,14.766443935093434,9.306555828395336,11.464999675750732,11.585000038146973,14.140000104904175,14.300000190734863,3.809999942779541
2020-03-06,8.869999885559082,9.15999984741211,8.149999618530273,8.170000076293945,1561300,0.0,0,-0.12806828430324324,0.2915526943368463,11.757499885559081,14.850536145944213,8.66446362517395,10.919999599456787,11.039999961853027,14.137500286102295,14.300000190734863,3.7699999809265137
2020-03-09,5.28000020980835,5.659999847412109,3.829999923706055,4.809999942779541,4779800,0.0,0,-0.4112607224158753,0.17164852264158,11.356499886512756,15.651065087904769,7.061934685120743,7.565000057220459,8.880000114440918,14.005000114440918,14.235000133514404,3.3399999141693115
2020-03-10,5.309999942779541,5.340000152587891,4.320000171661377,4.570000171661377,5421200,0.0,0,-0.049896002905038705,0.16308394745721014,10.958499908447266,16.13889156814143,5.7781082487530995,7.3400001525878915,8.880000114440918,13.707499980926514,14.025000095367432,2.9100000858306885
2020-03-11,4.639999866485596,4.639999866485596,3.5,3.569999933242798,5192200,0.0,0,-0.21881842469494683,0.12739817498158992,10.493499910831451,16.515196729169524,4.471803092493378,7.175000190734864,8.71500015258789,13.650000095367432,14.025000095367432,3.490000009536743
2020-03-12,3.220000028610229,3.430000066757202,3.009999990463257,3.150000095367432,5191700,0.0,0,-0.11764701561040658,0.1124101599007935,9.988999927043915,16.668064823699197,3.3099350303886315,6.930000185966493,8.470000147819519,13.617500066757202,14.025000095367432,3.200000047683716
2020-03-13,3.4600000381469727,3.5899999141693115,2.650000095367432,3.2300000190734863,4395100,0.0,0,0.025396800407627484,0.11526501829558344,9.49899994134903,16.640851985732045,2.3571478969660165,6.75000023841858,8.290000200271606,13.570000171661377,14.025000095367432,3.400000095367432
2020-03-16,3.0299999713897705,3.25,2.240000009536743,2.3299999237060547,4392400,0.0,0,-0.27863779877796824,0.08314782732159984,8.941499960422515,16.48711350942412,1.3958864114209115,6.525000214576721,8.054999947547913,13.507500171661377,14.025000095367432,3.630000114440918
2020-03-17,2.3299999237060547,2.4100000858306885,2.009999990463257,2.259999990463257,3811100,0.0,0,-0.03004289078750577,0.08064982622615863,8.390999937057495,16.197973680442196,0.5840261936727948,6.075000166893005,7.939999938011169,13.507500171661377,14.025000095367432,4.199999809265137
2020-03-18,2.0899999141693115,2.440000057220459,2.009999990463257,2.0799999237060547,3312600,0.0,0,-0.07964604757379024,0.07422638632973208,7.8254999160766605,15.741048329608354,-0.09004849745503218,5.584999918937683,7.939999938011169,13.507500171661377,14.025000095367432,4.460000038146973
2020-03-19,2.119999885559082,3.190000057220459,2.0299999713897705,2.859999895095825,3792100,0.0,0,0.375,0.1020612812033816,7.289999926090241,15.023655221615018,-0.443655369434536,3.834999918937683,7.939999938011169,13.507500171661377,14.025000095367432,4.25
2020-03-20,3.0799999237060547,3.490000009536743,2.869999885559082,2.890000104904175,4862300,0.0,0,0.010489584233828841,0.10313186160957696,6.785999917984009,14.280898609994157,-0.7088987740261379,3.6750000715255737,7.939999938011169,13.507500171661377,14.025000095367432,4.590000152587891
2020-03-23,3.0,3.309999942779541,2.930000066757202,2.950000047683716,2220800,0.0,0,0.020761225121661564,0.10527300540566943,6.337499916553497,13.618020800653799,-0.9430209675468033,3.3249999284744263,7.939999938011169,13.572500228881836,14.025000095367432,5.190000057220459
2020-03-24,3.240000009536743,4.210000038146973,3.109999895095825,4.179999828338623,2229000,0.0,0,0.4169490714485513,0.14916648725816162,5.990999925136566,12.980736039683556,-0.9987361894104243,3.1100000143051147,7.939999938011169,13.572500228881836,14.025000095367432,5.139999866485596
2020-03-25,4.599999904632568,5.150000095367432,3.849999904632568,3.910000085830689,3665200,0.0,0,-0.06459324248710507,0.1395313401757455,5.639499950408935,12.293839890144877,-1.0148399893270064,3.5800000429153442,7.939999938011169,13.572500228881836,14.025000095367432,4.159999847412109
2020-03-26,3.910000085830689,4.119999885559082,3.430000066757202,3.849999904632568,2342800,0.0,0,-0.015345314547575928,0.13739018787150387,5.320499968528748,11.665225185885387,-1.0242252488278911,3.5800000429153442,7.939999938011169,13.557500123977661,14.025000095367432,4.579999923706055
2020-03-27,3.700000047683716,3.900000095367432,3.3499999046325684,3.819999933242798,2504700,0.0,0,-0.0077922005539979855,0.13631961597345765,4.984499967098236,10.879069996648244,-0.9100700624517728,3.5800000429153442,7.849999785423279,13.457500219345093,14.025000095367432,4.730000019073486
2020-03-30,3.5799999237060547,3.700000047683716,3.25,3.470000028610229,2067300,0.0,0,-0.09162301328509548,0.12382960198810243,4.621499991416931,9.913233598129798,-0.6702336152959365,3.5800000429153442,7.849999785423279,13.397500038146973,14.025000095367432,4.230000019073486
2020-03-31,3.509999990463257,3.7799999713897705,2.7799999713897705,2.940000057220459,3103200,0.0,0,-0.1527377426570341,0.10491614810632069,4.2394999980926515,8.800811093943013,-0.3218110977577098,3.590000033378601,7.849999785423279,13.020000219345093,13.71500015258789,4.420000076293945
2020-04-01,2.8499999046325684,2.930000066757202,2.450000047683716,2.740000009536743,3235200,0.0,0,-0.06802722577930842,0.09777899361119664,3.8574999928474427,7.469478947939461,0.24552103775542422,3.8000000715255737,6.65500009059906,12.762500047683716,13.525000095367432,4.71999979019165
2020-04-02,2.799999952316284,3.200000047683716,2.7100000381469727,3.0199999809265137,2334600,0.0,0,0.10218977022453024,0.10777100650111064,3.5399999976158143,6.116141630306106,0.9638583649255228,3.8000000715255737,6.430000185966493,12.514999628067017,13.364999771118164,4.730000019073486
2020-04-03,3.119999885559082,3.25,2.680000066757202,2.8399999141693115,2136500,0.0,0,-0.0596026714880904,0.1013475666046841,3.2734999895095824,4.727482058607761,1.8195179204114045,3.8000000715255737,6.430000185966493,12.12250018119812,13.03000020980835,4.880000114440918
2020-04-06,3.009999990463257,3.369999885559082,3.0,3.359999895095825,1730900,0.0,0,0.18309859036689846,0.11990416318711711,3.200999987125397,4.472607676343049,1.9293922979077442,3.8000000715255737,6.430000185966493,11.929999828338623,12.869999885559082,4.639999866485596
2020-04-07,3.680000066757202,4.050000190734863,3.5,3.7200000286102295,3166400,0.0,0,0.10714290022444706,0.1327510429799702,3.1584999799728393,4.292170239467222,2.024829720478457,3.284999966621399,6.430000185966493,11.882499933242798,12.869999885559082,4.769999980926514
2020-04-08,3.900000095367432,4.0,3.5899999141693115,3.839999914169312,1500600,0.0,0,0.032258033504347416,0.13703333057215514,3.171999979019165,4.331370239960471,2.012629718077859,3.2500001192092896,6.410000205039978,11.819999933242798,12.869999885559082,4.710000038146973
2020-04-09,4.099999904632568,4.449999809265137,3.759999990463257,4.110000133514404,2970000,0.0,0,0.07031255869272601,0.1466684946708695,3.219999980926514,4.449886116096163,1.9901138457568646,3.4499999284744263,6.075000166893005,11.774999856948853,12.869999885559082,5.760000228881836
2020-04-13,4.260000228881836,4.400000095367432,3.7100000381469727,3.809999942779541,2253500,0.0,0,-0.07299274476624829,0.1359627586741089,3.2489999771118163,4.505813808598597,1.9921861456250356,3.4499999284744263,5.584999918937683,11.524999856948853,12.619999885559082,5.03000020980835
2020-04-14,3.849999904632568,3.9800000190734863,3.569999933242798,3.7699999809265137,1959200,0.0,0,-0.010498677809387513,0.13453532947671393,3.3209999799728394,4.522140750456404,2.1198592094892748,3.4499999284744263,3.834999918937683,10.979999780654907,12.074999809265137,5.360000133514404
2020-04-15,3.5,3.5299999713897705,3.259999990463257,3.3399999141693115,1072400,0.0,0,-0.11405837372219974,0.11919044858841962,3.374999976158142,4.472001124730295,2.2779988275859893,3.5649999380111694,3.6750000715255737,8.222500085830688,9.914999961853027,5.420000076293945
2020-04-16,3.369999885559082,3.4200000762939453,2.9100000858306885,2.9100000858306885,1772700,0.0,0,-0.12874246688283764,0.10384557620827445,3.416499984264374,4.365756888152318,2.46724308037643,3.5649999380111694,3.5800000429153442,8.110000133514404,9.914999961853027,5.269999980926514
2020-04-17,3.039999961853028,3.539999961853028,2.970000028610229,3.490000009536743,2530900,0.0,0,0.19931268268003777,0.12454331658679993,3.4479999899864198,4.362085305344615,2.5339146746282246,3.6799999475479126,3.5800000429153442,7.945000171661377,9.75,5.849999904632568
2020-04-20,3.220000028610229,3.509999990463257,3.059999942779541,3.200000047683716,1997900,0.0,0,-0.08309454471649746,0.11419444639753719,3.4634999871253966,4.348972404505274,2.5780275697455193,3.6799999475479126,3.5800000429153442,7.700000166893005,9.504999995231628,6.019999980926514
2020-04-21,3.0299999713897705,3.470000028610229,2.950000047683716,3.400000095367432,1494700,0.0,0,0.06250001396983862,0.12133160089266125,3.4859999895095823,4.340116928832861,2.631883050186303,3.6799999475479126,3.5800000429153442,7.520000219345093,9.325000047683716,6.289999961853027
2020-04-22,3.559999942779541,3.7100000381469727,3.490000009536743,3.630000114440918,1678100,0.0,0,0.06764706253592911,0.1295393272858315,3.4585000038146974,4.25428173112168,2.6627182765077144,3.6799999475479126,3.5800000429153442,7.290000081062317,9.120000004768372,6.420000076293945
2020-04-23,3.759999990463257,4.300000190734863,3.690000057220459,4.199999809265137,2366300,0.0,0,0.15702470436753924,0.1498802018568591,3.4729999899864197,4.311075029169475,2.634924950803365,3.65500009059906,3.5800000429153442,7.007500052452087,9.004999995231628,6.159999847412109
2020-04-24,4.559999942779541,4.980000019073486,4.079999923706055,4.460000038146973,3743600,0.0,0,0.06190481921172464,0.15915850865622477,3.50349999666214,4.434541239795601,2.572458753528679,3.9450000524520874,3.590000033378601,6.762499928474426,9.004999995231628,6.429999828338623
2020-04-27,4.010000228881836,4.329999923706055,3.700000047683716,4.25,2818400,0.0,0,-0.04708520994412879,0.15166449686175199,3.525,4.503461726283453,2.546538273716547,3.9450000524520874,3.8000000715255737,5.887499928474426,9.004999995231628,6.440000057220459
2020-04-28,4.360000133514404,4.690000057220459,4.309999942779541,4.590000152587891,1602200,0.0,0,0.08000003590303306,0.1637976620559076,3.581000006198883,4.66424643346582,2.4977535789319463,3.9450000524520874,3.8000000715255737,5.807500004768372,9.004999995231628,6.949999809265137
2020-04-29,4.840000152587891,5.25,4.599999904632568,5.190000057220459,2040500,0.0,0,0.13071892912558658,0.18520911703313056,3.693500006198883,4.9435449380979835,2.4434550742997825,4.100000023841858,3.850000023841858,5.632499933242798,9.004999995231628,7.829999923706055
2020-04-30,5.599999904632568,5.599999904632568,4.650000095367432,5.139999866485596,2900000,0.0,0,-0.009633948012255145,0.1834248220282377,3.813499999046326,5.133959114321889,2.493040883770763,4.274999976158142,4.024999976158142,5.524999976158142,9.004999995231628,8.84000015258789
2020-05-01,5.010000228881836,5.110000133514404,4.050000190734863,4.159999847412109,2792700,0.0,0,-0.1906614872625566,0.14845277265946416,3.8704999923706054,5.1462124470919,2.594787537649311,4.274999976158142,4.024999976158142,5.759999990463257,9.004999995231628,8.229999542236328
2020-05-04,4.050000190734863,4.619999885559082,3.950000047683716,4.579999923706055,2052700,0.0,0,0.1009615605046772,0.16344079624840974,3.957499992847443,5.175655920202337,2.7393440654925483,4.544999957084656,4.024999976158142,5.759999990463257,8.974999785423279,7.539999961853027
2020-05-05,4.849999904632568,5.210000038146973,4.659999847412109,4.730000019073486,2699100,0.0,0,0.03275111307121037,0.16879366424679007,4.025999999046325,5.256204981822679,2.795795016269972,4.644999980926514,4.024999976158142,5.7149999141693115,8.805000185966492,6.590000152587891
2020-05-06,4.75,4.800000190734863,4.170000076293945,4.230000019073486,1147500,0.0,0,-0.1057082448168658,0.15095078226305453,4.051499998569488,5.276349758552378,2.8266502385865984,4.649999976158142,4.024999976158142,5.7149999141693115,8.684999823570251,6.989999771118164
2020-05-07,4.440000057220459,4.53000020980835,4.25,4.420000076293945,1127100,0.0,0,0.044917271007973936,0.1577310794588298,4.08050000667572,5.311462022141192,2.8495379912102488,4.649999976158142,4.024999976158142,5.71999990940094,8.680000185966492,7.230000019073486
2020-05-08,4.559999942779541,4.800000190734863,4.320000171661377,4.71999979019165,1864200,0.0,0,0.06787323726682981,0.16843679843929216,4.110999989509582,5.37354392831535,2.848456050703815,4.774999976158142,4.139999985694885,5.227500081062317,8.544999957084656,7.340000152587891
2020-05-11,4.71999979019165,4.760000228881836,4.289999961853027,4.730000019073486,1631400,0.0,0,0.002118692653888754,0.16879366424679002,4.15699999332428,5.439424685695346,2.8745753009532136,4.774999976158142,4.139999985694885,5.115000128746033,8.369999766349792,6.760000228881836
2020-05-12,4.760000228881836,5.210000038146973,4.46999979019165,4.880000114440918,2347200,0.0,0,0.031712493607307435,0.17414653224517035,4.2125,5.519238621781619,2.905761378218382,4.774999976158142,4.254999995231628,5.115000128746033,8.254999995231628,6.869999885559082
2020-05-13,4.880000114440918,4.909999847412109,4.380000114440918,4.639999866485596,1799700,0.0,0,-0.049180377526039876,0.1655819400445022,4.277499997615815,5.531897921917638,3.023102073313991,4.580000042915344,4.254999995231628,5.115000128746033,8.18999993801117,6.679999828338623
2020-05-14,4.539999961853027,5.25,4.320000171661377,4.769999980926514,2301200,0.0,0,0.028017266849488465,0.170221093444185,4.370499992370606,5.470261829459419,3.270738155281792,4.600000023841858,4.254999995231628,4.857500076293945,8.095000147819519,6.710000038146973
2020-05-15,4.690000057220459,4.940000057220459,4.539999961853027,4.710000038146973,1445700,0.0,0,-0.012578604406595195,0.16807994964809253,4.431499993801117,5.461538863434299,3.401461124167934,4.710000038146973,4.254999995231628,4.830000162124634,7.970000147819518,6.78000020980835
2020-05-18,5.0,5.78000020980835,4.889999866485596,5.760000228881836,2646700,0.0,0,0.22292997499591505,0.20555000862045647,4.559500002861023,5.581720360742517,3.537279644979529,4.9750001430511475,4.345000147819519,4.762500047683716,7.970000147819518,6.059999942779541
2020-05-19,5.800000190734863,5.800000190734863,5.0,5.03000020980835,2220200,0.0,0,-0.12673610938643975,0.17949940024355066,4.6410000085830685,5.530382798050969,3.751617219115168,5.025000095367432,4.355000138282776,4.517499923706055,7.970000147819518,6.400000095367432
2020-05-20,5.170000076293945,5.539999961853027,5.150000095367432,5.360000133514404,1559000,0.0,0,0.06560634392471099,0.19127569963020838,4.727500009536743,5.539046155371919,3.915953863701567,5.045000076293945,4.355000138282776,3.6424999237060547,7.970000147819518,6.019999980926514
2020-05-21,5.389999866485596,5.449999809265137,5.150000095367432,5.420000076293945,1365200,0.0,0,0.011194018896451219,0.19341684342630086,4.788500022888184,5.6157006736546276,3.9612993721217404,5.045000076293945,4.355000138282776,3.6200000047683716,7.970000147819518,6.050000190734863
2020-05-22,5.340000152587891,5.369999885559082,5.110000133514404,5.269999980926514,947400,0.0,0,-0.027675293958666858,0.18806397542792055,4.829000020027161,5.667263360041321,3.9907366800130006,5.06000018119812,4.3750001192092896,3.572499990463257,7.970000147819518,6.389999866485596
2020-05-26,5.5,5.889999866485596,5.480000019073486,5.849999904632568,2127600,0.0,0,0.11005691191749967,0.20876171580644604,4.909000015258789,5.814424513007026,4.003575517510551,5.105000019073486,4.419999957084656,3.6299999952316284,7.970000147819518,6.03000020980835
2020-05-27,6.010000228881836,6.119999885559082,5.639999866485596,6.019999980926514,1493900,0.0,0,0.029059842575266392,0.21482829840352385,4.980500006675721,5.99445877110138,3.9665412422500608,5.2200000286102295,4.534999966621399,3.6299999952316284,7.970000147819518,6.03000020980835
2020-05-28,6.139999866485596,6.639999866485596,6.03000020980835,6.289999961853027,2011900,0.0,0,0.04485049531261942,0.2244634539940891,5.035500001907349,6.198993997800995,3.8720060060137027,5.5899999141693115,5.064999938011169,3.6299999952316284,7.970000147819518,6.28000020980835
2020-05-29,6.139999866485596,6.480000019073486,5.869999885559082,6.420000076293945,2568000,0.0,0,0.020667744869527827,0.22910260739377192,5.099500012397766,6.411945028548753,3.7870549962467797,5.764999866485596,5.164999961853027,3.6299999952316284,7.939999938011169,5.989999771118164
2020-06-01,6.480000019073486,6.53000020980835,6.079999923706055,6.159999847412109,2345400,0.0,0,-0.04049847753770208,0.21982430059440627,5.199500012397766,6.51517616741498,3.8838238573805524,5.819999933242798,5.169999957084656,3.617500066757202,7.939999938011169,6.170000076293945
2020-06-02,6.210000038146973,6.610000133514404,6.210000038146973,6.429999828338623,1801000,0.0,0,0.0438311668205551,0.22945945618497154,5.292000007629395,6.679425260584952,3.9045747546738374,5.875,5.169999957084656,3.7675000429153442,7.939999938011169,5.679999828338623
2020-06-03,6.599999904632568,6.71999979019165,6.400000095367432,6.440000057220459,2267900,0.0,0,0.001555245590795007,0.22981632199246943,5.377500009536743,6.825945289429021,3.9290547296444656,5.914999961853027,5.334999918937683,3.8725000619888306,7.939999938011169,5.820000171661377
2020-06-04,6.389999866485596,7.090000152587891,6.329999923706055,6.949999809265137,2080000,0.0,0,0.07919250737783323,0.24801605276740457,5.513499999046326,7.015808462355334,4.011191535737318,6.1000001430511475,5.520000100135803,3.8725000619888306,7.939999938011169,5.389999866485596
2020-06-05,7.650000095367432,8.100000381469727,7.519999980926514,7.829999923706055,2361400,0.0,0,0.1266187249771975,0.2794195291426907,5.683999991416931,7.411018743145841,3.9569812396880204,6.7900002002716064,6.025000214576721,3.975000023841858,7.939999938011169,5.75
2020-06-08,8.319999694824219,8.949999809265137,8.300000190734863,8.84000015258789,2204200,0.0,0,0.12899109051380275,0.31546215891765966,5.8900000095367435,8.043363155919275,3.7366368631542124,7.294999837875366,6.449999928474426,4.149999976158142,7.939999938011169,6.090000152587891
2020-06-09,8.149999618530273,8.5,7.980000019073486,8.229999542236328,1841200,0.0,0,-0.06900459274007886,0.2936938211166405,6.064999985694885,8.377611909455288,3.7523880619344827,7.409999847412109,6.449999928474426,4.149999976158142,7.939999938011169,6.059999942779541
2020-06-10,8.029999732971191,8.279999732971191,7.400000095367432,7.539999961853027,1378100,0.0,0,-0.08383956485565103,0.26907065895342797,6.197999978065491,8.528796480036089,3.8672034760948937,7.409999847412109,6.559999942779541,4.284999966621399,7.939999938011169,5.800000190734863
2020-06-11,6.789999961853027,7.170000076293945,6.199999809265137,6.590000152587891,2080200,0.0,0,-0.12599467030125355,0.23516918999084976,6.295499992370606,8.51686281723401,4.074137167507201,7.514999866485596,6.559999942779541,4.334999978542328,7.849999785423279,5.489999771118164
2020-06-12,7.150000095367432,7.28000020980835,6.690000057220459,6.989999771118164,1246500,0.0,0,0.06069796802253391,0.24944348196479957,6.406499981880188,8.53055883816427,4.282441125596106,7.574999809265137,6.599999904632568,4.337499976158142,7.849999785423279,6.210000038146973
2020-06-15,6.480000019073486,7.300000190734863,6.409999847412109,7.230000019073486,1287700,0.0,0,0.03433480054562721,0.2580080741654677,6.532499980926514,8.533154404035717,4.531845557817311,7.574999809265137,6.619999885559082,4.337499976158142,7.849999785423279,5.75
2020-06-16,7.849999904632568,7.900000095367432,7.130000114440918,7.340000152587891,1952700,0.0,0,0.015214402935575633,0.261933512966453,6.611499977111817,8.60863844112571,4.614361513097924,7.574999809265137,6.619999885559082,4.457499980926514,6.65500009059906,5.809999942779541
2020-06-17,7.360000133514404,7.360000133514404,6.760000228881836,6.760000228881836,932600,0.0,0,-0.0790190615325208,0.24123577258792753,6.697999978065491,8.557316965995616,4.838682990135366,7.574999809265137,6.634999990463257,4.457499980926514,6.430000185966493,5.909999847412109
2020-06-18,6.630000114440918,7.090000152587891,6.5,6.869999885559082,733700,0.0,0,0.016272138010776427,0.24516119437261455,6.773499965667725,8.5279292794802,5.019070651855249,7.574999809265137,6.634999990463257,4.514999985694885,6.430000185966493,5.980000019073486
2020-06-19,7.130000114440918,7.230000019073486,6.650000095367432,6.679999828338623,2529300,0.0,0,-0.027656486227873756,0.23838089717683925,6.836499953269959,8.477638764154301,5.195361142385616,7.349999904632568,6.634999990463257,4.417500019073486,6.430000185966493,5.71999979019165
2020-06-22,6.730000019073486,6.840000152587891,6.440000057220459,6.710000038146973,1024900,0.0,0,0.004491049487917564,0.23945147758303462,6.9084999561309814,8.38479662068951,5.432203291572453,7.239999771118164,6.744999885559082,4.427500009536743,6.430000185966493,6.199999809265137
2020-06-23,6.880000114440918,6.880000114440918,6.590000152587891,6.78000020980835,944400,0.0,0,0.010432216283668971,0.24194948718662496,6.95499997138977,8.350531818084484,5.559468124695058,7.049999952316284,6.919999837875366,4.4825000166893005,6.410000205039978,5.659999847412109
2020-06-24,6.579999923706055,6.610000133514404,5.829999923706055,6.059999942779541,1235000,0.0,0,-0.10619472636405136,0.21625572760091877,6.956999969482422,8.347213156191138,5.566786782773705,6.865000009536743,6.974999904632568,4.660000145435333,6.075000166893005,5.619999885559082
2020-06-25,5.900000095367432,6.429999828338623,5.820000171661377,6.400000095367432,1631800,0.0,0,0.05610563627034337,0.22838889279507438,6.962499976158142,8.3428432517318,5.582156700584484,6.860000133514404,7.0299999713897705,4.690000116825104,5.584999918937683,5.489999771118164
2020-06-26,6.269999980926514,6.269999980926514,5.909999847412109,6.019999980926514,1541700,0.0,0,-0.05937501699663672,0.2148282984035238,6.94249997138977,8.365113977147852,5.519885965631689,6.860000133514404,7.0299999713897705,4.700000107288361,3.90500009059906,5.599999904632568
2020-06-29,6.03000020980835,6.25,5.929999828338623,6.050000190734863,1243500,0.0,0,0.0049834235719934394,0.21589887880971917,6.936999988555908,8.372604940359889,5.501395036751928,6.590000152587891,7.0299999713897705,4.700000107288361,3.90500009059906,6.090000152587891
2020-06-30,5.980000019073486,6.5,5.809999942779541,6.389999866485596,1671300,0.0,0,0.05619829174078661,0.2280320269875765,6.934999990463257,8.373565145359342,5.496434835567172,6.519999980926514,7.2149999141693115,4.717500150203705,3.90500009059906,5.659999847412109
2020-07-01,6.380000114440918,6.550000190734863,5.949999809265137,6.03000020980835,1109700,0.0,0,-0.05633797561802467,0.21518516421102166,6.914499998092651,8.392277719742626,5.436722276442676,6.519999980926514,7.294999837875366,4.762499988079071,3.9499999284744263,5.869999885559082
2020-07-02,6.25,6.380000114440918,5.96999979019165,6.03000020980835,981600,0.0,0,0.0,0.21518516421102166,6.868500018119812,8.395980435218597,5.341019601021027,6.3450000286102295,7.379999876022339,4.877499997615814,4.064999938011169,6.139999866485596
2020-07-06,6.239999771118164,6.420000076293945,5.96999979019165,6.28000020980835,1197700,0.0,0,0.04145936837503794,0.22410660520288944,6.791000032424927,8.271544719336221,5.310455345513633,6.3450000286102295,7.379999876022339,5.3274999260902405,4.324999928474426,6.21999979019165
2020-07-07,6.050000190734863,6.190000057220459,5.960000038146973,5.989999771118164,738500,0.0,0,-0.046178412261396296,0.21375771799732843,6.64850001335144,7.827800998272136,5.469199028430745,6.210000038146973,7.379999876022339,5.4649999141693115,4.324999928474426,6.139999866485596
2020-07-08,5.96999979019165,6.21999979019165,5.820000171661377,6.170000076293945,979500,0.0,0,0.030050135568232328,0.22018116640190413,6.545500040054321,7.48807082442425,5.602929255684392,6.180000066757202,7.379999876022339,5.494999945163727,4.324999928474426,6.039999961853027
2020-07-09,6.119999885559082,6.119999885559082,5.650000095367432,5.679999828338623,1835400,0.0,0,-0.07941657080977615,0.20269513320936822,6.452500033378601,7.349691042361823,5.555309024395378,6.1000001430511475,7.299999952316284,5.522499978542328,4.334999918937683,6.070000171661377
2020-07-10,5.679999828338623,5.840000152587891,5.559999942779541,5.820000171661377,1141000,0.0,0,0.02464794851300267,0.20769115241654895,6.414000034332275,7.349960650943791,5.47803941772076,6.055000066757202,7.254999876022339,5.624999940395355,4.584999918937683,6.119999885559082
2020-07-13,5.920000076293945,5.920000076293945,5.380000114440918,5.389999866485596,1603600,0.0,0,-0.0738832117685374,0.1923462630201055,6.334000039100647,7.331532781344863,5.336467296856431,5.965000152587891,7.164999961853027,5.810000121593475,4.770000100135803,5.909999847412109
2020-07-14,5.360000133514404,5.760000228881836,5.25,5.75,2156400,0.0,0,0.06679037892984829,0.2051931428129586,6.2600000381469725,7.197851191178404,5.322148885115541,5.900000095367432,7.099999904632568,6.407500207424164,5.275000214576721,5.760000228881836
2020-07-15,5.989999771118164,6.179999828338623,5.900000095367432,6.090000152587891,1457800,0.0,0,0.059130461319633065,0.2173263080071142,6.1975000381469725,6.993601883671855,5.40139819262209,5.835000038146973,6.875,6.872499883174896,5.699999928474426,5.340000152587891
2020-07-16,6.0,6.150000095367432,5.769999980926514,6.059999942779541,822500,0.0,0,-0.004926142702246339,0.2162557276009188,6.162500023841858,6.916604191573336,5.4083958561103795,5.835000038146973,6.764999866485596,6.929999887943268,5.699999928474426,5.019999980926514
2020-07-17,6.050000190734863,6.159999847412109,5.769999980926514,5.800000190734863,740100,0.0,0,-0.042904249917438686,0.20697743781785144,6.109000039100647,6.8035938318015905,5.414406246399704,5.734999895095825,6.575000047683716,6.984999895095825,5.699999928474426,5.400000095367432
2020-07-20,5.739999771118164,5.760000228881836,5.380000114440918,5.489999771118164,1528000,0.0,0,-0.05344834645210972,0.1959148360135929,6.049500036239624,6.742099262544723,5.356900809934524,5.734999895095825,6.575000047683716,7.037499904632568,5.699999928474426,5.360000133514404
2020-07-21,5.670000076293945,6.28000020980835,5.559999942779541,6.210000038146973,3163700,0.0,0,0.13114759509036622,0.2216085955992991,6.024500036239624,6.652327672238827,5.396672400240422,5.765000104904175,6.575000047683716,7.0874998569488525,5.699999928474426,5.179999828338623
2020-07-22,5.960000038146973,5.960000038146973,5.550000190734863,5.75,2133100,0.0,0,-0.0740740797618793,0.20519314281295856,5.973000025749206,6.505232696272161,5.440767355226251,5.765000104904175,6.575000047683716,7.097499847412109,5.699999928474426,5.289999961853027
2020-07-23,5.670000076293945,5.889999866485596,5.610000133514404,5.809999942779541,2096700,0.0,0,0.01043477265731152,0.20733428660905104,5.960500025749207,6.495739581326451,5.4252604701719624,5.765000104904175,6.305000066757202,7.097499847412109,5.814999938011169,5.420000076293945
2020-07-24,5.809999942779541,6.050000190734863,5.690000057220459,5.909999847412109,1414200,0.0,0,0.017211687713843293,0.21090285960253852,5.936000013351441,6.431494463831375,5.440505562871507,5.765000104904175,6.240000009536743,7.104999899864197,5.814999938011169,5.389999866485596
2020-07-27,5.900000095367432,6.059999942779541,5.739999771118164,5.980000019073486,1671100,0.0,0,0.011844360993009007,0.21340086920612888,5.934000015258789,6.428432383158909,5.439567647358669,5.830000162124634,6.240000009536743,7.104999899864197,5.929999947547913,5.349999904632568
2020-07-28,5.929999828338623,6.090000152587891,5.670000076293945,5.71999979019165,1207400,0.0,0,-0.043478299005443644,0.20412256240676324,5.917499995231628,6.417401246375252,5.4175987440880045,5.830000162124634,6.065000057220459,6.992499947547913,5.929999947547913,5.199999809265137
2020-07-29,5.699999809265137,6.199999809265137,5.639999866485596,6.199999809265137,1391200,0.0,0,0.08391609032863334,0.22125172979180127,5.9079999923706055,6.37760858687273,5.438391397868481,5.830000162124634,6.065000057220459,6.992499828338623,5.929999947547913,5.329999923706055
2020-07-30,5.949999809265137,5.980000019073486,5.420000076293945,5.659999847412109,2173200,0.0,0,-0.0870967707202287,0.20198141861067076,5.889499974250794,6.367594441323075,5.411405507178512,5.830000162124634,5.930000066757202,6.984999895095825,5.929999947547913,5.320000171661377
2020-07-31,5.949999809265137,5.949999809265137,5.5,5.619999885559082,1672900,0.0,0,-0.007067131259962167,0.2005539894132758,5.86899995803833,6.3564101669757065,5.381589749100954,5.8500001430511475,5.900000095367432,6.919999957084656,5.929999947547913,4.690000057220459
2020-08-03,5.550000190734863,5.659999847412109,5.420000076293945,5.489999771118164,1776300,0.0,0,-0.02313169343205168,0.19591483601359297,5.8294999361038204,6.305050163894029,5.353949708313612,5.809999942779541,5.900000095367432,6.945000052452087,5.929999947547913,4.440000057220459
2020-08-04,5.53000020980835,5.690000057220459,5.480000019073486,5.599999904632568,1345800,0.0,0,0.020036455027392597,0.19984027481457833,5.809999942779541,6.289636577767234,5.330363307791848,5.809999942779541,5.900000095367432,6.945000052452087,5.929999947547913,4.070000171661377
2020-08-05,5.769999980926514,6.090000152587891,5.699999809265137,6.090000152587891,1635600,0.0,0,0.08750004576785297,0.21732630800711425,5.8059999465942385,6.27465174097974,5.337348152208737,5.809999942779541,5.900000095367432,6.810000061988831,5.929999947547913,3.990000009536743
2020-08-06,6.039999961853027,6.070000171661377,5.610000133514404,5.659999847412109,1185800,0.0,0,-0.07060760170803226,0.2019814186106708,5.804999947547913,6.274819456685354,5.335180438410471,5.809999942779541,5.900000095367432,6.867499947547913,5.949999928474426,3.950000047683716
2020-08-07,5.639999866485596,5.880000114440918,5.619999885559082,5.869999885559082,1265700,0.0,0,0.03710248123822657,0.20947543040514358,5.807499933242798,6.278152514960079,5.336847351525516,5.809999942779541,5.835000038146973,6.90749990940094,5.949999928474426,4.190000057220459
2020-08-10,5.889999866485596,6.300000190734863,5.880000114440918,6.139999866485596,1126700,0.0,0,0.04599659049240312,0.21911058599570885,5.844999933242798,6.2954859757968515,5.394513890688745,5.860000133514404,5.835000038146973,6.862499952316284,5.949999928474426,4.420000076293945
2020-08-11,6.400000095367432,6.550000190734863,6.199999809265137,6.21999979019165,1170300,0.0,0,0.01302930381851053,0.2219654443904988,5.86849992275238,6.3452730442701295,5.391726801234631,5.985000133514404,5.900000095367432,6.862499952316284,6.21999990940094,4.25
2020-08-12,6.389999866485596,6.389999866485596,6.090000152587891,6.139999866485596,992300,0.0,0,-0.012861724502339578,0.21911058599570885,5.870999908447265,6.3529452163083215,5.389054600586209,5.985000133514404,5.900000095367432,6.794999957084656,6.319999933242798,4.170000076293945
2020-08-13,6.199999809265137,6.199999809265137,5.960000038146973,6.039999961853027,700400,0.0,0,-0.016286629773138106,0.2155420130022214,5.86999990940094,6.350436752681893,5.389563066119988,5.985000133514404,5.900000095367432,6.7799999713897705,6.324999928474426,3.920000076293945
2020-08-14,5.900000095367432,6.150000095367432,5.880000114440918,6.070000171661377,544600,0.0,0,0.004966922185069889,0.21661259340841674,5.8834999084472654,6.3705106470914314,5.3964891698030995,6.015000104904175,5.900000095367432,6.700000047683716,6.324999928474426,3.940000057220459
2020-08-17,5.96999979019165,6.159999847412109,5.920000076293945,6.119999885559082,953200,0.0,0,0.008237184923179264,0.2183968713970113,5.914999914169312,6.3767015744527376,5.453298253885886,6.080000162124634,5.900000095367432,6.6549999713897705,6.449999928474426,3.5899999141693115
2020-08-18,6.070000171661377,6.150000095367432,5.889999866485596,5.909999847412109,749900,0.0,0,-0.03431373236501101,0.21090285960253854,5.899999904632568,6.341211951674443,5.458787857590694,6.080000162124634,5.900000095367432,6.565000057220459,6.449999928474426,3.619999885559082
2020-08-19,5.869999885559082,5.989999771118164,5.659999847412109,5.760000228881836,909100,0.0,0,-0.025380646768706105,0.2055500086204565,5.90049991607666,6.341045824485212,5.459954007668108,6.085000038146973,5.965000152587891,6.5,6.449999928474426,3.549999952316284
2020-08-20,5.659999847412109,5.679999828338623,5.320000171661377,5.340000152587891,1277100,0.0,0,-0.07291667701469484,0.19056198503151092,5.876999926567078,6.380697630856606,5.37330222227755,5.93500018119812,5.93500018119812,6.355000019073486,6.449999928474426,3.680000066757202
2020-08-21,5.300000190734863,5.349999904632568,4.949999809265137,5.019999980926514,1426900,0.0,0,-0.05992512406695294,0.1791425344360528,5.832499933242798,6.460179246461546,5.20482062002405,5.75,5.75,6.299999952316284,6.449999928474426,3.5299999713897705
2020-08-24,5.090000152587891,5.429999828338623,4.960000038146973,5.400000095367432,1759300,0.0,0,0.07569723423998576,0.1927031288276034,5.803499937057495,6.454654588976705,5.152345285138285,5.669999837875366,5.75,6.1549999713897705,6.559999942779541,3.5199999809265137
2020-08-25,5.53000020980835,5.659999847412109,5.28000020980835,5.360000133514404,1227700,0.0,0,-0.00740740021233377,0.19127569963020843,5.785499954223633,6.464507717199063,5.106492191248203,5.574999809265137,5.75,6.1549999713897705,6.559999942779541,3.4800000190734863
2020-08-26,5.570000171661377,5.610000133514404,5.130000114440918,5.179999828338623,1243600,0.0,0,-0.03358214565150763,0.18485225122563276,5.7344999551773075,6.434445849183909,5.034554061170706,5.554999828338623,5.75,6.170000076293945,6.599999904632568,3.650000095367432
2020-08-27,5.230000019073486,5.340000152587891,5.119999885559082,5.289999961853027,1076800,0.0,0,0.021235547714233194,0.1887776900266181,5.715999960899353,6.442200145855637,4.9897997759430694,5.554999828338623,5.75,6.170000076293945,6.619999885559082,3.75
2020-08-28,5.300000190734863,5.429999828338623,5.139999866485596,5.420000076293945,1077000,0.0,0,0.024574690997801074,0.19341684342630092,5.705999970436096,6.442759068414721,4.969240872457472,5.549999952316284,5.75,6.0350000858306885,6.619999885559082,3.660000085830689
2020-08-31,5.429999828338623,5.489999771118164,5.25,5.389999866485596,1987400,0.0,0,-0.00553509398266705,0.19234626302010555,5.700999975204468,6.444955182044127,4.957044768364809,5.46999979019165,5.75,6.002500057220459,6.634999990463257,3.75
2020-09-01,5.260000228881836,5.389999866485596,5.119999885559082,5.349999904632568,1173600,0.0,0,-0.007421143384760076,0.19091883382271058,5.688499975204468,6.4472390115926945,4.929760938816241,5.31499981880188,5.75,6.0350000858306885,6.634999990463257,4.050000190734863
2020-09-02,5.28000020980835,5.329999923706055,5.130000114440918,5.199999809265137,1225300,0.0,0,-0.028037401503044235,0.18556596582433027,5.64399995803833,6.407762185425391,4.880237730651269,5.304999828338623,5.75,5.947500109672546,6.634999990463257,4.03000020980835
2020-09-03,5.119999885559082,5.449999809265137,5.110000133514404,5.329999923706055,1292600,0.0,0,0.02500002292486414,0.1902051192240131,5.627499961853028,6.4034607448345415,4.851539178871514,5.309999942779541,5.75,5.947500109672546,6.744999885559082,3.990000009536743
2020-09-04,5.389999866485596,5.409999847412109,5.099999904632568,5.320000171661377,1103500,0.0,0,-0.001876126114036536,0.1898482704328135,5.599999976158142,6.378643205881606,4.821356746434678,5.379999876022339,5.75,5.880000114440918,6.919999837875366,3.920000076293945
2020-09-08,5.159999847412109,5.190000057220459,4.690000057220459,4.690000057220459,1568400,0.0,0,-0.11842107032191618,0.16736623504939513,5.527499985694885,6.36026931937346,4.694730652016311,5.150000095367432,5.620000123977661,5.8750001192092896,6.974999904632568,4.039999961853027
2020-09-09,4.71999979019165,4.739999771118164,4.409999847412109,4.440000057220459,883700,0.0,0,-0.05330490340082494,0.15844479405752737,5.438499999046326,6.334955998270515,4.542043999822137,4.949999809265137,5.480000019073486,5.855000019073486,7.0299999713897705,4.090000152587891
2020-09-10,4.539999961853027,4.539999961853027,4.070000171661377,4.070000171661377,1329800,0.0,0,-0.08333330648439463,0.14524106547347465,5.335000014305114,6.354547077480245,4.315452951129984,4.7799999713897705,5.31000018119812,5.855000019073486,7.0299999713897705,3.839999914169312
2020-09-11,4.130000114440918,4.130000114440918,3.900000095367432,3.990000009536743,1159900,0.0,0,-0.019656058661043696,0.14238619857053555,5.2325000166893005,6.356005139004331,4.10899489437427,4.694999933242798,5.2250001430511475,5.855000019073486,7.0299999713897705,3.869999885559082
2020-09-14,4.050000190734863,4.070000171661377,3.7699999809265137,3.950000047683716,1171000,0.0,0,-0.010025053072035384,0.14095876937314056,5.1265000104904175,6.3129119191220955,3.94008810185874,4.609999895095825,5.1600000858306885,5.855000019073486,7.099999904632568,3.9600000381469727
2020-09-15,4.03000020980835,4.28000020980835,3.990000009536743,4.190000057220459,1384300,0.0,0,0.060759495351773385,0.1495233530656596,5.030000019073486,6.190893473964975,3.8691065641819975,4.609999895095825,5.1600000858306885,5.822499990463257,7.099999904632568,3.869999885559082
2020-09-16,4.199999809265137,4.579999923706055,4.050000190734863,4.420000076293945,1498400,0.0,0,0.05489260523448847,0.1577310794588299,4.9555000305175785,6.070797658815695,3.840202402219462,4.609999895095825,5.1600000858306885,5.8475000858306885,7.099999904632568,4.070000171661377
2020-09-17,4.300000190734863,4.329999923706055,4.170000076293945,4.25,892900,0.0,0,-0.038461555058724284,0.1516644968617521,4.880000019073487,5.971152080660212,3.7888479574867615,4.5899999141693115,5.079999923706055,5.942500114440918,7.099999904632568,4.110000133514404
2020-09-18,4.28000020980835,4.369999885559082,4.079999923706055,4.170000076293945,2925600,0.0,0,-0.018823511460248188,0.14880963846696213,4.821500015258789,5.933216859136911,3.7097831713806677,4.480000019073486,4.984999895095825,5.942500114440918,7.099999904632568,3.900000095367432
2020-09-21,3.990000009536743,4.039999961853027,3.799999952316284,3.920000076293945,1124300,0.0,0,-0.059952037272427594,0.13988819747509434,4.766500020027161,5.941248921040087,3.5917511190142353,4.254999876022339,4.9649999141693115,5.942500114440918,7.099999904632568,3.859999895095825
2020-09-22,3.900000095367432,4.090000152587891,3.849999904632568,3.940000057220459,1427700,0.0,0,0.005102035851341835,0.14060191207379186,4.693500018119812,5.883230467996381,3.503769568243242,4.174999952316284,4.9649999141693115,5.957500100135803,7.099999904632568,3.559999942779541
2020-09-23,3.930000066757202,4.03000020980835,3.5899999141693115,3.5899999141693115,1182700,0.0,0,-0.0888325223269314,0.1281118895802875,4.605000007152557,5.846039134937602,3.363960879367512,4.084999918937683,4.870000004768372,5.990000128746033,7.099999904632568,3.849999904632568
2020-09-24,3.569999933242798,3.7799999713897705,3.440000057220459,3.619999885559082,1455800,0.0,0,0.008356538191369944,0.12918246147833373,4.52700001001358,5.809535070243327,3.2444649497838336,4.009999990463257,4.7149999141693115,5.990000128746033,7.099999904632568,4.079999923706055
2020-09-25,3.569999933242798,3.660000085830689,3.4200000762939453,3.549999952316284,2215400,0.0,0,-0.01933699874468009,0.12668446038289252,4.440000009536743,5.739836940821656,3.140163078251831,4.0,4.549999952316284,6.025000095367432,7.099999904632568,4.230000019073486
2020-09-28,3.660000085830689,3.819999933242798,3.650000095367432,3.680000066757202,1445800,0.0,0,0.036619751038615256,0.13132361378257537,4.353000009059906,5.610605046622676,3.0953949714971367,4.0,4.539999961853027,5.93500018119812,6.875,4.420000076293945
2020-09-29,3.670000076293945,3.690000057220459,3.3399999141693115,3.5299999713897705,1624900,0.0,0,-0.040760894740855536,0.12597074578419507,4.260000014305115,5.47083289852541,3.04916713008482,3.8549998998641968,4.4999998807907104,5.75,6.614999771118164,4.360000133514404
2020-09-30,3.5899999141693115,3.75,3.509999990463257,3.5199999809265137,1712400,0.0,0,-0.002832858511134684,0.12561388848484634,4.168500018119812,5.309884423281051,3.0271156129585726,3.8549998998641968,4.4999998807907104,5.709999918937683,6.424999952316284,4.400000095367432
2020-10-01,3.509999990463257,3.559999942779541,3.359999895095825,3.4800000190734863,1423000,0.0,0,-0.01136362558800319,0.12418645928745135,4.082500028610229,5.156542339532313,3.0084577176881457,3.715000033378601,4.475000023841858,5.662499904632568,6.424999952316284,4.260000228881836
2020-10-02,3.390000104904175,3.740000009536743,3.309999942779541,3.650000095367432,1626000,0.0,0,0.048850596368446686,0.13025304188452919,3.998500037193298,4.9194756757592,3.077524398627397,3.700000047683716,4.3999998569488525,5.6524999141693115,6.424999952316284,5.650000095367432
2020-10-05,3.7899999618530273,3.890000104904175,3.680000066757202,3.75,1256700,0.0,0,0.027397233430072276,0.1338216148780166,3.9200000286102297,4.6147422846410695,3.2252577725793894,3.6700000762939453,4.3999998569488525,5.6524999141693115,6.424999952316284,5.550000190734863
2020-10-06,3.849999904632568,3.9600000381469727,3.619999885559082,3.660000085830689,1327700,0.0,0,-0.02399997711181634,0.13060989918387791,3.868500030040741,4.4732574333259265,3.263742626755555,3.634999990463257,4.3999998569488525,5.649999976158142,6.1549999713897705,5.389999866485596
2020-10-07,3.680000066757202,3.799999952316284,3.559999942779541,3.75,1379000,0.0,0,0.024590139906754738,0.1338216148780166,3.834000027179718,4.379637294031639,3.2883627603277974,3.634999990463257,4.379999876022339,5.609999895095825,6.0899999141693115,5.079999923706055
2020-10-08,3.799999952316284,4.059999942779541,3.75,4.050000190734863,1127400,0.0,0,0.08000005086263018,0.14452735087477725,3.8330000281333922,4.376956084126201,3.2890439721405835,3.684999942779541,4.379999876022339,5.53249990940094,6.0899999141693115,5.340000152587891
2020-10-09,4.099999904632568,4.190000057220459,3.9700000286102295,4.03000020980835,847700,0.0,0,-0.004938266662867674,0.14381363627607976,3.8350000381469727,4.381566625245128,3.288433451048818,3.75,4.379999876022339,5.5274999141693115,5.914999961853027,5.940000057220459
2020-10-12,4.03000020980835,4.039999961853027,3.880000114440918,3.990000009536743,722800,0.0,0,-0.009925607491099497,0.14238619857053564,3.837000036239624,4.385545843883914,3.288454228595334,3.75,4.359999895095825,5.5299999713897705,5.914999961853027,6.230000019073486
2020-10-13,3.990000009536743,4.03000020980835,3.900000095367432,3.920000076293945,711500,0.0,0,-0.01754384287606192,0.1398881974750944,3.8235000371932983,4.349203162601545,3.297796911785052,3.75,4.25,5.564999938011169,5.7799999713897705,6.329999923706055
2020-10-14,3.950000047683716,4.190000057220459,3.940000057220459,4.039999961853027,789600,0.0,0,0.0306122151080499,0.14417048506727936,3.8045000314712523,4.26541166633989,3.3435883966026143,3.75,4.0249998569488525,5.385000109672546,5.620000123977661,6.710000038146973
2020-10-15,3.930000066757202,4.099999904632568,3.759999990463257,4.090000152587891,1021900,0.0,0,0.012376284952223093,0.14595478007217225,3.796500039100647,4.230703530490338,3.3622965477109563,3.875,3.944999933242798,5.2149999141693115,5.480000019073486,6.369999885559082
2020-10-16,4.039999961853027,4.099999904632568,3.819999933242798,3.839999914169312,775600,0.0,0,-0.06112475038916432,0.13703333057215533,3.7800000309944153,4.1795102910381985,3.380489770950632,3.875,3.944999933242798,5.045000076293945,5.31000018119812,6.889999866485596
2020-10-19,3.890000104904175,4.090000152587891,3.799999952316284,3.869999885559082,797300,0.0,0,0.007812492724042164,0.13810390247020157,3.777500021457672,4.174057693427738,3.3809423494876056,3.875,3.944999933242798,4.960000038146973,5.2250001430511475,7.480000019073486
2020-10-20,3.9600000381469727,4.050000190734863,3.910000085830689,3.9600000381469727,1054400,0.0,0,0.023255854069589743,0.14131562667248942,3.778500020503998,4.176807752875096,3.3801922881329,3.9700000286102295,3.944999933242798,4.884999990463257,5.1600000858306885,7.130000114440918
2020-10-21,3.920000076293945,4.03000020980835,3.839999914169312,3.869999885559082,694300,0.0,0,-0.022727311040634524,0.13810390247020157,3.7925000190734863,4.1828395992956535,3.4021604388513196,3.975000023841858,3.944999933242798,4.884999990463257,5.1600000858306885,6.71999979019165
2020-10-22,3.910000085830689,4.110000133514404,3.910000085830689,4.070000171661377,1219300,0.0,0,0.05167966201978369,0.14524106547347476,3.815000033378601,4.2148390976341705,3.415160969123032,3.975000023841858,3.8399999141693115,4.884999990463257,5.1600000858306885,6.070000171661377
2020-10-23,4.110000133514404,4.230000019073486,4.039999961853027,4.110000133514404,729800,0.0,0,0.009828000040771334,0.14666849467086973,3.843000042438507,4.2431221871923,3.442877897684713,3.9950000047683716,3.8399999141693115,4.834999918937683,5.1600000858306885,6.480000019073486
2020-10-26,4.039999961853027,4.090000152587891,3.859999895095825,3.900000095367432,898300,0.0,0,-0.051094898132619804,0.13917448287639694,3.8540000438690187,4.247565002122942,3.4604350856150954,3.9950000047683716,3.7699999809265137,4.732499957084656,5.1600000858306885,6.699999809265137
2020-10-27,3.880000114440918,3.9600000381469727,3.7300000190734863,3.859999895095825,861600,0.0,0,-0.010256461357301183,0.13774704517085282,3.8705000400543215,4.234608103635361,3.5063919764732816,3.9800000190734863,3.7699999809265137,4.609999895095825,5.1600000858306885,6.739999771118164
2020-10-28,3.670000076293945,3.7100000381469727,3.549999952316284,3.559999942779541,934800,0.0,0,-0.07772019701281274,0.1270413176822413,3.8725000381469727,4.229168821455524,3.515831254838422,3.8899999856948853,3.7699999809265137,4.569999933242798,5.1600000858306885,7.610000133514404
2020-10-29,3.490000009536743,3.859999895095825,3.3499999046325684,3.849999904632568,2077800,0.0,0,0.08146066475119196,0.13739018787150403,3.8910000324249268,4.198867600380421,3.583132464469433,3.7899999618530273,3.7699999809265137,4.477499961853027,5.070000052452087,7.289999961853027
2020-10-30,3.849999904632568,4.130000114440918,3.829999923706055,4.079999923706055,1652000,0.0,0,0.05974026617422412,0.14559791426467433,3.912500023841858,4.209808349323093,3.615191698360623,3.7899999618530273,3.7699999809265137,4.362499952316284,4.995000123977661,7.630000114440918
2020-11-02,4.139999866485596,4.349999904632568,3.990000009536743,4.230000019073486,1530900,0.0,0,0.03676472994420532,0.15095078226305464,3.9365000247955324,4.254471583494919,3.618528466096146,3.8499999046325684,3.8299999237060547,4.274999976158142,4.985000133514404,7.650000095367432
2020-11-03,4.429999828338623,4.71999979019165,4.309999942779541,4.420000076293945,1195900,0.0,0,0.044917271007973936,0.15773107945882994,3.974500024318695,4.3309760335836796,3.618024015053711,4.034999847412109,4.014999866485596,4.269999980926514,4.985000133514404,8.3100004196167
2020-11-04,4.349999904632568,4.480000019073486,4.070000171661377,4.360000133514404,1276300,0.0,0,-0.013574647453366007,0.15558993566273746,4.005000030994415,4.383378745250395,3.626621316738435,4.034999847412109,4.014999866485596,4.177499890327454,4.945000052452087,8.199999809265137
2020-11-05,4.329999923706055,4.53000020980835,4.329999923706055,4.400000095367432,797000,0.0,0,0.009174302896359121,0.15701736486013243,4.0225000262260435,4.43851592480856,3.6064841276435273,4.034999847412109,4.014999866485596,4.177499890327454,4.945000052452087,8.25
2020-11-06,4.429999828338623,4.489999771118164,4.260000228881836,4.260000228881836,708300,0.0,0,-0.03181815078435912,0.15202136266925,4.034000027179718,4.462868109898893,3.6051319444605423,4.034999847412109,4.014999866485596,4.0950000286102295,4.945000052452087,8.649999618530273
2020-11-09,4.880000114440918,5.860000133514404,4.880000114440918,5.650000095367432,2724000,0.0,0,0.32629103093978995,0.2016245698194713,4.117000031471252,4.9438541198228965,3.290145943119608,4.605000019073486,4.605000019073486,4.049999952316284,4.930000066757202,8.850000381469727
2020-11-10,5.699999809265137,5.760000228881836,5.409999847412109,5.550000190734863,1877300,0.0,0,-0.017699097866309854,0.19805599682598385,4.198500037193298,5.230088619779762,3.166911454606835,4.605000019073486,4.605000019073486,4.034999966621399,4.930000066757202,8.710000038146973
2020-11-11,5.610000133514404,5.670000076293945,5.199999809265137,5.389999866485596,1113600,0.0,0,-0.02882888626136826,0.19234626302010566,4.266000032424927,5.418264643520789,3.1137354213290642,4.8450000286102295,4.605000019073486,4.017499923706055,4.930000066757202,8.260000228881836
2020-11-12,5.190000057220459,5.340000152587891,5.039999961853027,5.079999923706055,1116100,0.0,0,-0.057513905465394366,0.18128367823214542,4.315500020980835,5.517794631940064,3.113205410021606,4.925000071525574,4.605000019073486,4.007499933242798,4.930000066757202,8.15999984741211
2020-11-13,5.139999866485596,5.480000019073486,5.139999866485596,5.340000152587891,662700,0.0,0,0.051181148186348,0.1905619850315111,4.390500032901764,5.651162189899141,3.129837875904387,4.965000152587891,4.605000019073486,4.03249990940094,4.930000066757202,7.889999866485596
2020-11-16,5.71999979019165,6.019999980926514,5.599999904632568,5.940000057220459,1429000,0.0,0,0.11235952949210959,0.2119734400087341,4.494000041484833,5.899923443369867,3.088076639599799,5.045000076293945,4.684999942779541,4.064999938011169,4.930000066757202,8.260000228881836
2020-11-17,5.710000038146973,6.239999771118164,5.619999885559082,6.230000019073486,1748500,0.0,0,0.048821541929197965,0.22232231019799686,4.607500040531159,6.1810976879521276,3.03390239311019,5.25,4.794999837875366,4.054999947547913,4.930000066757202,8.149999618530273
2020-11-18,6.289999961853027,6.829999923706055,6.289999961853027,6.329999923706055,1467300,0.0,0,0.016051349009055027,0.22589088319148432,4.730500042438507,6.434893262683586,3.026106822193429,5.545000076293945,5.0899999141693115,4.0,4.930000066757202,7.96999979019165
2020-11-19,6.260000228881836,6.71999979019165,6.21999979019165,6.710000038146973,1053900,0.0,0,0.0600316143792996,0.23945147758303492,4.862500035762787,6.743604338378166,2.981395733147408,5.855000019073486,5.0899999141693115,3.8874999284744263,4.930000066757202,8.0
2020-11-20,6.619999885559082,6.659999847412109,6.309999942779541,6.369999885559082,1282500,0.0,0,-0.05067066328687897,0.2273183123888793,4.97550002336502,6.933027570549803,3.017972476180238,5.934999942779541,5.0899999141693115,3.909999966621399,4.930000066757202,7.960000038146973
2020-11-23,6.590000152587891,6.900000095367432,6.46999979019165,6.889999866485596,1689300,0.0,0,0.08163265153353683,0.24587490897131237,5.125000011920929,7.186249354329583,3.063750669512276,5.9700000286102295,5.125,3.909999966621399,4.930000066757202,7.949999809265137
2020-11-24,7.349999904632568,7.690000057220459,7.079999923706055,7.480000019073486,1632900,0.0,0,0.08563137358794082,0.26692951515733576,5.306000018119812,7.522770062096527,3.0892299741430973,6.365000009536743,5.519999980926514,3.909999966621399,4.930000066757202,8.229999542236328
2020-11-25,7.320000171661377,7.449999809265137,7.050000190734863,7.130000114440918,1157400,0.0,0,-0.04679143098129579,0.25443950117198055,5.4845000267028805,7.684847018206161,3.2841530351996004,6.414999961853027,5.519999980926514,3.9574999809265137,4.930000066757202,9.149999618530272
2020-11-27,7.059999942779541,7.079999923706055,6.5,6.71999979019165,780300,0.0,0,-0.05750355086514847,0.23980832637423458,5.628000020980835,7.755609650358893,3.500390391602777,6.644999980926514,5.519999980926514,3.959999978542328,4.930000066757202,10.140000343322754
2020-11-30,6.679999828338623,6.679999828338623,6.0,6.070000171661377,1427400,0.0,0,-0.09672613672979535,0.216612593408417,5.727500033378601,7.737893344185785,3.717106722571417,6.6549999713897705,5.519999980926514,3.9074999690055847,4.930000066757202,10.43000030517578
2020-12-01,6.320000171661377,6.550000190734863,6.25,6.480000019073486,1097100,0.0,0,0.06754527772935659,0.2312437511898647,5.840000033378601,7.750911317382462,3.9290887493747406,6.8450000286102295,5.519999980926514,3.9174999594688416,4.849999904632568,10.420000076293944
2020-12-02,6.460000038146973,6.900000095367432,6.25,6.699999809265137,1196100,0.0,0,0.0339505848061874,0.2390946117755371,5.954000020027161,7.781805613176194,4.126194426878128,6.8450000286102295,5.519999980926514,3.8824999928474426,4.754999876022339,10.029999732971191
2020-12-03,6.730000019073486,6.900000095367432,6.590000152587891,6.739999771118164,857200,0.0,0,0.005970143730110733,0.24052204097293206,6.0730000019073485,7.774408462452088,4.3715915413626085,6.8450000286102295,5.519999980926514,3.875,4.734999895095825,11.260000228881836
2020-12-04,7.0,7.619999885559082,6.869999885559082,7.610000133514404,1138900,0.0,0,0.12908017684574902,0.2715686685570186,6.233500003814697,7.877383828098621,4.589616179530774,6.8450000286102295,5.519999980926514,3.8299999833106995,4.734999895095825,10.93000030517578
2020-12-07,7.440000057220459,7.460000038146973,7.139999866485596,7.289999961853027,686200,0.0,0,-0.042049956116570586,0.2601492179615605,6.384999990463257,7.8159977767346565,4.954002204191857,6.8450000286102295,5.759999990463257,3.7799999713897705,4.730000019073486,11.739999771118164
2020-12-08,7.110000133514404,7.630000114440918,7.110000133514404,7.630000114440918,828000,0.0,0,0.046639252999593594,0.2722823831557161,6.4839999914169315,7.971377719850793,4.99662226298307,6.815000057220459,5.840000033378601,3.7799999713897705,4.6499998569488525,11.579999923706056
2020-12-09,7.650000095367432,8.0600004196167,7.46999979019165,7.650000095367432,1395900,0.0,0,0.002621229439913275,0.27299609775441364,6.58899998664856,8.094395804370798,5.083604168926322,7.03000020980835,6.065000295639038,3.8399999141693115,4.494999885559082,11.65999984741211
2020-12-10,7.610000133514404,8.5,7.590000152587891,8.3100004196167,1193600,0.0,0,0.08627455111391957,0.2965487135440274,6.735000014305115,8.312404415644128,5.157595612966102,7.25,6.2850000858306885,4.0249998569488525,4.484999895095825,11.199999809265137
2020-12-11,8.1899995803833,8.25,7.989999771118164,8.199999809265137,1214100,0.0,0,-0.013237136558007068,0.2926232577267438,6.8910000085830685,8.39763098193039,5.384369035235746,7.375,6.380000114440918,4.0249998569488525,4.484999895095825,10.350000381469728
2020-12-14,8.449999809265137,8.5,8.010000228881836,8.25,1675000,0.0,0,0.006097584377790843,0.29440755273163666,7.036500000953675,8.47572258540233,5.597277416505019,7.375,6.380000114440918,4.0249998569488525,4.484999895095825,10.539999961853027
2020-12-15,8.4399995803833,8.670000076293945,8.130000114440918,8.649999618530273,1360900,0.0,0,0.04848480224609375,0.30868184470558646,7.171999979019165,8.682098673563893,5.661901284474436,7.630000114440918,6.775000095367432,4.0249998569488525,4.460000038146973,9.720000267028809
2020-12-16,8.699999809265137,8.899999618530273,8.470000267028809,8.850000381469727,1327800,0.0,0,0.02312147650399954,0.31581902472515794,7.302999997138977,8.91572715048663,5.690272843791326,7.884999752044678,6.96999979019165,4.605000019073486,4.585000038146973,9.5
2020-12-17,8.880000114440918,8.890000343322754,8.649999618530273,8.710000038146973,1399700,0.0,0,-0.01581924715120786,0.31082300551797726,7.422000002861023,9.081057056882335,5.7629429488397115,8.004999876022339,6.96999979019165,4.605000019073486,4.585000038146973,8.720000267028809
2020-12-18,8.680000305175781,8.760000228881836,8.199999809265137,8.260000228881836,2345700,0.0,0,-0.0516647310326388,0.29476441853913454,7.499500012397766,9.163131577064544,5.835868447730988,8.004999876022339,6.96999979019165,4.725000023841858,4.585000038146973,8.9399995803833
2020-12-21,7.849999904632568,8.220000267028809,7.690000057220459,8.15999984741211,1253100,0.0,0,-0.012106583377572533,0.29119582852934883,7.589000010490418,9.190729710737186,5.98727031024365,8.184999704360962,7.019999742507935,4.76500004529953,4.585000038146973,8.449999809265137
2020-12-22,8.109999656677246,8.149999618530273,7.800000190734863,7.889999866485596,1001200,0.0,0,-0.033088233575413906,0.28156067293878356,7.639000010490418,9.212199645059906,6.065800375920929,8.244999885559082,7.249999761581421,4.7850000858306885,4.585000038146973,8.65999984741211
2020-12-23,8.050000190734863,8.550000190734863,7.96999979019165,8.260000228881836,917700,0.0,0,0.046894850273431876,0.29476441853913454,7.678000020980835,9.272260833157526,6.083739208804143,8.294999837875366,7.259999752044678,4.865000009536743,4.664999961853027,8.670000076293945
2020-12-24,8.300000190734863,8.300000190734863,7.880000114440918,8.149999618530273,396200,0.0,0,-0.013317264806717022,0.29083896272185095,7.728999996185303,9.315025174719633,6.142974817650973,8.294999837875366,7.449999809265137,5.022499918937683,4.7749998569488525,9.260000228881836
2020-12-28,8.25,8.359999656677246,7.940000057220459,7.96999979019165,519500,0.0,0,-0.02208586954156,0.2844155313335735,7.791499996185303,9.309912922714869,6.2730870696557375,8.294999837875366,7.449999809265137,5.317499995231628,5.069999933242798,9.5600004196167
2020-12-29,8.079999923706055,8.140000343322754,7.769999980926514,8.0,627800,0.0,0,0.003764141856724912,0.28548611173976884,7.8879999876022335,9.18318711921341,6.592812855991059,8.294999837875366,7.449999809265137,5.472499966621399,5.069999933242798,9.609999656677246
2020-12-30,7.940000057220459,8.1899995803833,7.880000114440918,7.960000038146973,610300,0.0,0,-0.004999995231628418,0.2840586825423739,7.961999988555908,9.08252697664076,6.841473000471055,8.290000200271606,7.449999809265137,5.512499928474426,5.069999933242798,9.960000038146973
2020-12-31,7.880000114440918,8.119999885559082,7.809999942779541,7.949999809265137,618000,0.0,0,-0.0012563101550140399,0.283701816734876,8.024499988555908,8.982517655890952,7.066482321220864,8.225000143051147,7.449999809265137,5.547500014305115,5.105000019073486,9.609999656677246
2021-01-04,8.109999656677246,8.420000076293945,7.940000057220459,8.229999542236328,1101200,0.0,0,0.035220093042627854,0.2936938211166409,8.098999977111816,8.85417653032747,7.343823423896164,8.120000123977661,7.449999809265137,5.942499995231628,5.5,9.93000030517578
2021-01-05,8.25,9.43000030517578,8.25,9.149999618530272,1849800,0.0,0,0.11178616372607397,0.326524726689322,8.17599995136261,9.025297801934412,7.326702100790806,8.600000143051147,7.71500015258789,5.9674999713897705,5.5,9.420000076293944
2021-01-06,9.670000076293944,10.239999771118164,9.3100004196167,10.140000343322754,2605400,0.0,0,0.10819680503456697,0.3618536588818918,8.318499970436097,9.441166284198781,7.195833656673412,9.004999876022339,8.119999885559082,6.082499980926514,5.5,9.43000030517578
2021-01-07,10.40999984741211,10.84000015258789,10.119999885559082,10.43000030517578,1921900,0.0,0,0.0285996007923206,0.3722025290711545,8.458499979972839,9.868012460382966,7.0489874995627115,9.305000066757202,8.545000076293945,6.087499976158142,5.5,9.890000343322754
2021-01-08,10.65999984741211,10.65999984741211,10.029999732971191,10.420000076293944,1199400,0.0,0,-0.0009587946873667041,0.3718456632636566,8.596999979019165,10.195408978600936,6.9985909794373935,9.305000066757202,8.545000076293945,6.182500004768372,5.5,10.010000228881836
2021-01-11,10.119999885559082,10.390000343322754,9.899999618530272,10.029999732971191,1272600,0.0,0,-0.037428055707026675,0.35792820306460815,8.68299994468689,10.392837103833894,6.973162785539884,9.305000066757202,8.71500015258789,6.182500004768372,5.5,9.65999984741211
2021-01-12,10.25,11.260000228881836,10.170000076293944,11.260000228881836,1175800,0.0,0,0.12263215639650671,0.4018217104415478,8.835999965667725,10.866871612501162,6.805128318834287,9.535000085830688,9.065000057220459,6.182500004768372,5.5,9.949999809265137
2021-01-13,11.229999542236328,11.270000457763672,10.649999618530272,10.93000030517578,1090300,0.0,0,-0.02930727504424102,0.39004541105489,8.969999980926513,11.17657340316585,6.763426558687175,9.540000200271606,9.190000295639038,6.182500004768372,5.5,10.5
2021-01-14,11.06999969482422,12.050000190734863,11.010000228881836,11.739999771118164,1441200,0.0,0,0.07410790881303253,0.4189508608102876,9.124499988555907,11.63510053845127,6.613899438660544,9.995000123977661,9.580000162124634,6.302500009536743,5.5,10.15999984741211
2021-01-15,12.06999969482422,12.079999923706056,11.270000457763672,11.579999923706056,2269700,0.0,0,-0.013628607370651524,0.4132411440207077,9.260999965667725,11.98710206209591,6.53489786923954,10.164999961853027,9.774999856948853,6.32750004529953,5.5,10.899999618530272
2021-01-19,11.829999923706056,11.829999923706056,11.34000015258789,11.65999984741211,1508900,0.0,0,0.006908456324104195,0.4160960024154976,9.408499956130981,12.314684911180414,6.5023150010815485,10.695000171661377,9.835000038146973,6.547500252723694,5.68500018119812,11.550000190734863
2021-01-20,11.770000457763672,11.84000015258789,10.920000076293944,11.199999809265137,975100,0.0,0,-0.03945111871069773,0.39968054962915706,9.555499935150147,12.51197618506013,6.599023685240164,10.989999771118164,9.884999990463257,6.767500042915344,5.9049999713897705,11.800000190734863
2021-01-21,11.119999885559082,11.1899995803833,10.18000030517578,10.350000381469728,1525100,0.0,0,-0.07589280734560822,0.36934767067636465,9.664999961853027,12.567782433277715,6.762217490428339,10.989999771118164,9.884999990463257,6.877500057220459,5.9049999713897705,12.829999923706056
2021-01-22,9.989999771118164,10.539999961853027,9.90999984741211,10.539999961853027,1662700,0.0,0,0.01835744670342887,0.3761279508558416,9.797499966621398,12.603374220604335,6.991625712638461,10.989999771118164,9.884999990463257,6.877500057220459,5.9049999713897705,12.34000015258789
2021-01-25,10.199999809265137,10.239999771118164,9.43000030517578,9.720000267028809,1488000,0.0,0,-0.07779883280759092,0.34686563529294623,9.870499968528748,12.586128545410032,7.154871391647463,10.755000114440918,9.884999990463257,7.202500104904175,5.990000009536743,12.390000343322754
2021-01-26,9.880000114440918,9.979999542236328,9.489999771118164,9.5,917300,0.0,0,-0.022633771706269457,0.33901475769097555,9.937999987602234,12.542892161447813,7.333107813756654,10.755000114440918,9.884999990463257,7.427499771118164,6.124999761581421,12.529999732971191
2021-01-27,9.229999542236328,9.510000228881836,8.670000076293945,8.720000267028809,1969400,0.0,0,-0.0821052350495991,0.31117987132547514,9.975500011444092,12.48481159215413,7.4661884307340545,10.375,9.884999990463257,7.487499833106995,6.124999761581421,14.149999618530272
2021-01-28,8.90999984741211,9.149999618530272,8.680000305175781,8.9399995803833,2625100,0.0,0,0.02522927828182886,0.31903071489484924,10.022499990463256,12.413200118568794,7.631799862357719,10.375,9.884999990463257,7.487499833106995,6.124999761581421,15.3100004196167
2021-01-29,8.869999885559082,8.930000305175781,8.270000457763672,8.449999809265137,1468900,0.0,0,-0.054809820371060414,0.30154469871861156,10.046999979019166,12.360631365843414,7.7333685921949185,10.055000305175781,9.924999952316284,7.602499723434448,6.124999761581421,14.06999969482422
2021-02-01,8.489999771118164,8.8100004196167,8.380000114440918,8.65999984741211,1334000,0.0,0,0.02485207608131712,0.30903871051308435,10.082499980926514,12.28423792356381,7.880762038289218,10.055000305175781,9.924999952316284,7.7474998235702515,6.124999761581421,14.869999885559082
2021-02-02,9.020000457763672,9.039999961853027,8.649999618530273,8.670000076293945,924000,0.0,0,0.0011547608612054727,0.3093955763205823,10.104500007629394,12.238797781651792,7.9702022336069955,9.730000019073486,9.924999952316284,7.777499794960022,6.124999761581421,14.670000076293944
2021-02-03,8.670000076293945,9.270000457763672,8.670000076293945,9.260000228881836,962900,0.0,0,0.06805076671234467,0.3304501825066057,10.110000038146973,12.234874895995992,7.985125180297954,9.40500020980835,9.924999952316284,7.8724998235702515,6.124999761581421,14.34000015258789
2021-02-04,9.34000015258789,9.59000015258789,9.020000457763672,9.5600004196167,842100,0.0,0,0.032397428004285134,0.34115591850336635,10.08100004196167,12.219380876187673,7.942619207735666,9.255000114440918,9.924999952316284,7.8724998235702515,6.124999761581421,14.210000038146973
2021-02-05,9.850000381469728,10.0,9.520000457763672,9.609999656677246,700500,0.0,0,0.005230045488068269,0.3429401794756627,10.040000009536744,12.181518639507232,7.898481379566256,9.135000228881836,9.944999933242798,7.8724998235702515,6.124999761581421,13.43000030517578
2021-02-08,9.770000457763672,10.130000114440918,9.770000457763672,9.960000038146973,731000,0.0,0,0.03642043641765769,0.35543021047731616,10.017000007629395,12.15149309006657,7.882506925192222,9.200000286102295,9.944999933242798,7.870000004768372,6.124999761581421,13.489999771118164
2021-02-09,9.789999961853027,9.850000381469728,9.359999656677246,9.609999656677246,913800,0.0,0,-0.035140600414580225,0.34294017947566263,9.996000003814697,12.1379000436102,7.854099964019193,9.200000286102295,10.009999990463257,7.837499976158142,6.124999761581421,12.40999984741211
2021-02-10,9.6899995803833,9.9399995803833,9.460000038146973,9.93000030517578,835300,0.0,0,0.03329871591370859,0.35435964708741896,9.929500007629395,11.990494048243022,7.868505967015769,9.200000286102295,10.164999961853027,7.784999966621399,6.124999761581421,12.789999961853027
2021-02-11,9.869999885559082,9.979999542236328,9.34000015258789,9.420000076293944,822500,0.0,0,-0.05135953808742688,0.3361598992961855,9.853999996185303,11.872598615350757,7.83540137701985,9.255000114440918,10.175000190734863,8.157500147819519,6.390000104904174,12.239999771118164
2021-02-12,9.260000228881836,9.609999656677246,9.119999885559082,9.43000030517578,886700,0.0,0,0.0010615954141022232,0.3365167651036834,9.738500022888184,11.565507694483745,7.911492351292622,9.389999866485596,10.175000190734863,8.56249988079071,6.794999837875366,10.979999542236328
2021-02-16,9.699999809265137,10.119999885559082,9.6899995803833,9.890000343322754,884300,0.0,0,0.04878049027151121,0.35293221789002405,9.654000043869019,11.275133891682694,8.032866196055343,9.400000095367432,10.175000190734863,8.925000071525574,7.0950000286102295,11.170000076293944
2021-02-17,9.93000030517578,10.109999656677246,9.510000228881836,10.010000228881836,658800,0.0,0,0.012133456157066735,0.35721450548220895,9.571500062942505,10.917813203840899,8.225186922044111,9.575000286102295,10.175000190734863,8.925000071525574,7.0950000286102295,11.390000343322754
2021-02-18,9.960000038146973,10.039999961853027,9.489999771118164,9.65999984741211,689600,0.0,0,-0.03496507227441126,0.34472447448055543,9.494500064849854,10.61430283479142,8.374697294908287,9.625,10.175000190734863,9.010000109672546,7.0950000286102295,11.729999542236328
2021-02-19,9.670000076293944,10.119999885559082,9.670000076293944,9.949999809265137,779000,0.0,0,0.03002070045898786,0.3550733446698182,9.474500036239624,10.545159835868244,8.403840236611003,9.625,10.175000190734863,9.300000071525574,7.305000066757202,11.260000228881836
2021-02-22,9.899999618530272,10.970000267028809,9.859999656677246,10.5,867300,0.0,0,0.055276402138492386,0.3747005216584466,9.472500038146972,10.535225365245754,8.40977471104819,10.045000076293945,10.175000190734863,9.365000247955322,7.31000018119812,11.0600004196167
2021-02-23,10.479999542236328,10.5,9.59000015258789,10.15999984741211,1432000,0.0,0,-0.032380966913132414,0.36256735646429095,9.494500017166137,10.594776620582309,8.394223413749966,10.045000076293945,10.175000190734863,9.787500143051147,7.940000057220459,11.420000076293944
2021-02-24,10.31999969482422,10.920000076293944,10.270000457763672,10.899999618530272,1220900,0.0,0,0.07283462423541764,0.3889748136323963,9.564499998092652,10.825530888352501,8.303469107832802,10.045000076293945,10.055000305175781,9.96999990940094,8.034999966621399,12.359999656677246
2021-02-25,11.0,12.550000190734863,11.0,11.550000190734863,2911200,0.0,0,0.059633082105762236,0.4121705806308105,9.705999994277954,11.17641125290211,8.2355887356538,10.835000038146973,10.410000324249268,10.265000104904175,8.075000047683716,11.920000076293944
2021-02-26,11.40999984741211,12.0600004196167,11.06999969482422,11.800000190734863,1861000,0.0,0,0.02164502128757917,0.4210920216226783,9.849000024795533,11.536409168306859,8.161590881284207,11.019999980926514,10.410000324249268,10.43749988079071,8.075000047683716,11.619999885559082
2021-03-01,12.5,12.829999923706056,12.079999923706056,12.829999923706056,1447500,0.0,0,0.08728811155273797,0.45784834898004656,10.068000030517577,12.081556185733364,8.054443875301791,11.15999984741211,10.550000190734863,10.43749988079071,8.170000076293945,11.56999969482422
2021-03-02,12.710000038146973,13.029999732971191,12.289999961853027,12.34000015258789,1055100,0.0,0,-0.038191720501322135,0.4403623328038088,10.252000045776366,12.38750169980195,8.116498391750783,11.259999752044678,10.650000095367432,10.43749988079071,8.170000076293945,11.09000015258789
2021-03-03,12.489999771118164,12.970000267028809,12.380000114440918,12.390000343322754,1250000,0.0,0,0.004051879263905711,0.44214662780870173,10.438000059127807,12.637695756857584,8.238304361398031,11.309999942779541,10.650000095367432,10.320000052452087,8.480000019073486,10.859999656677246
2021-03-04,12.4399995803833,13.0,11.899999618530272,12.529999732971191,1529500,0.0,0,0.01129938545351905,0.4471426129832859,10.601500034332275,12.91123189416939,8.29176817449516,11.309999942779541,10.650000095367432,10.320000052452087,8.559999942779541,10.699999809265137
2021-03-05,13.010000228881836,14.149999618530272,12.789999961853027,14.149999618530272,1950200,0.0,0,0.12928969833065884,0.5049535465266775,10.830999994277954,13.56019292628134,8.101807062274569,11.869999885559082,11.210000038146973,10.129999995231628,8.559999942779541,10.489999771118164
2021-03-08,14.34000015258789,15.399999618530272,13.81999969482422,15.3100004196167,2133200,0.0,0,0.08197885741052158,0.5463490613163251,11.116000032424926,14.413698868865279,7.818301195984574,12.835000038146973,11.835000038146973,10.129999995231628,8.559999942779541,11.289999961853027
2021-03-09,15.15999984741211,15.3100004196167,13.859999656677246,14.06999969482422,1597200,0.0,0,-0.0809928602747565,0.5020986881318876,11.321500015258788,14.81408970375787,7.828910326759706,13.199999809265137,11.889999866485596,9.990000128746033,8.609999895095825,11.09000015258789
2021-03-10,14.029999732971191,14.920000076293944,13.960000038146973,14.869999885559082,1237500,0.0,0,0.056858579110641294,0.5306473061123838,11.58450002670288,15.309034554894291,7.859965498511469,13.234999656677246,12.024999618530273,9.990000128746033,8.839999914169312,10.699999809265137
2021-03-11,14.949999809265137,15.300000190734863,14.56999969482422,14.670000076293944,809700,0.0,0,-0.013449886402444933,0.5235101601254087,11.821500015258788,15.69660790788527,7.946392122632306,13.649999618530272,12.03499984741211,9.827499985694885,8.849999904632568,10.829999923706056
2021-03-12,14.770000457763672,15.010000228881836,14.100000381469728,14.34000015258789,936200,0.0,0,-0.02249488220789564,0.511733860738751,12.067500019073487,15.926014727595511,8.208985310551462,13.649999618530272,12.210000038146973,9.665000081062317,9.039999961853027,9.9399995803833
2021-03-15,14.260000228881836,14.4399995803833,13.829999923706056,14.210000038146973,673200,0.0,0,-0.009065558790629202,0.5070947073390683,12.306500005722047,16.071968142772864,8.541031868671231,13.649999618530272,12.259999752044678,9.590000033378601,9.039999961853027,10.130000114440918
2021-03-16,14.119999885559082,14.130000114440918,13.220000267028809,13.43000030517578,1053500,0.0,0,-0.05489090294702825,0.4792598209735678,12.483500003814695,16.1065646149778,8.86043539265159,13.649999618530272,12.259999752044678,9.540000081062317,9.039999961853027,10.15999984741211
2021-03-17,13.300000190734863,13.59000015258789,13.170000076293944,13.489999771118164,708800,0.0,0,0.004467569961205564,0.48140094775336206,12.657499980926513,16.11755170824255,9.197448253610474,14.09499979019165,12.259999752044678,9.572500109672546,9.039999961853027,10.4399995803833
2021-03-18,13.380000114440918,13.380000114440918,12.25,12.40999984741211,986300,0.0,0,-0.08005929889030206,0.442860325391101,12.794999980926512,15.971667511012528,9.618332450840496,13.824999809265137,12.259999752044678,9.605000138282776,9.039999961853027,10.770000457763672
2021-03-19,12.359999656677246,13.029999732971191,12.149999618530272,12.789999961853027,4225400,0.0,0,0.030620476963193477,0.45642091978265154,12.936999988555907,15.83064057085754,10.043359406254275,13.730000019073486,12.259999752044678,9.682500123977661,9.039999961853027,10.56999969482422
2021-03-22,12.6899995803833,12.75,12.0600004196167,12.239999771118164,855200,0.0,0,-0.043002360623555336,0.4367937427940231,13.023999977111817,15.714720495358975,10.33327945886466,13.680000305175781,12.259999752044678,9.71500015258789,9.039999961853027,11.510000228881836
2021-03-23,11.6899995803833,11.90999984741211,10.890000343322754,10.979999542236328,1446300,0.0,0,-0.10294119709503313,0.3918296720271864,13.064999961853028,15.598664470681335,10.53133545302472,13.095000267028809,12.444999694824219,9.78250002861023,9.039999961853027,11.140000343322754
2021-03-24,11.300000190734863,11.9399995803833,11.170000076293944,11.170000076293944,1443700,0.0,0,0.017304238795889493,0.39860998623925986,13.07849998474121,15.567893157955268,10.589106811527152,12.950000286102295,12.444999694824219,9.787500143051147,9.164999961853027,10.75
2021-03-25,10.739999771118164,11.470000267028809,10.539999961853027,11.390000343322754,1294800,0.0,0,0.019695637021141632,0.4064608638412306,13.070499992370605,15.58065744105641,10.5603425436848,12.489999771118164,12.444999694824219,9.875000238418579,9.164999961853027,11.210000038146973
2021-03-26,11.859999656677246,12.0,11.40999984741211,11.729999542236328,961700,0.0,0,0.029850675036449337,0.41859399500278965,13.06699995994568,15.584497804210063,10.549502115681296,12.335000038146973,12.494999885559082,9.900000095367432,9.335000038146973,11.770000457763672
2021-03-29,11.729999542236328,11.800000190734863,11.109999656677246,11.260000228881836,827000,0.0,0,-0.04006814421962768,0.4018217104415478,12.988499975204467,15.627006856018186,10.349993094390749,12.065000057220459,12.494999885559082,9.900000095367432,9.474999904632568,13.90999984741211
2021-03-30,11.109999656677246,11.380000114440918,10.989999771118164,11.0600004196167,539500,0.0,0,-0.01776197204260599,0.3946845644545729,12.924499988555908,15.683501441181136,10.16549853593068,11.960000038146973,12.494999885559082,10.110000133514404,9.59500002861023,14.270000457763672
2021-03-31,11.119999885559082,11.56999969482422,10.949999809265137,11.420000076293944,1136000,0.0,0,0.03254969647548345,0.4075314272311276,12.875999975204468,15.704864312107016,10.04713563830192,11.78499984741211,12.835000038146973,10.110000133514404,9.59500002861023,15.399999618530272
2021-04-01,11.640000343322754,12.390000343322754,11.489999771118164,12.359999656677246,807900,0.0,0,0.082311696506429,0.4410760303862081,12.86749997138977,15.701544810589164,10.033455132190378,11.644999980926514,12.96999979019165,10.050000190734863,9.774999856948853,14.039999961853027
2021-04-05,12.390000343322754,12.40999984741211,11.720000267028809,11.920000076293944,768100,0.0,0,-0.03559867254086868,0.4253743092148632,12.755999994277953,15.554301490907127,9.95769849764878,11.474999904632568,12.96999979019165,10.62250018119812,10.070000171661377,14.40999984741211
2021-04-06,11.93000030517578,12.449999809265137,11.600000381469728,11.619999885559082,594600,0.0,0,-0.02516780107505967,0.4146685732181026,12.571499967575074,15.147329734140682,9.995670201009466,11.494999885559082,12.96999979019165,10.71500015258789,10.120000123977661,14.239999771118164
2021-04-07,11.670000076293944,11.8100004196167,11.449999809265137,11.56999969482422,679700,0.0,0,-0.004302942446410829,0.4128842782132098,12.446499967575072,14.960559360366581,9.932440574783563,11.494999885559082,12.96999979019165,10.855000019073486,10.259999990463257,14.5600004196167
2021-04-08,11.380000114440918,11.579999923706056,11.029999732971191,11.09000015258789,848000,0.0,0,-0.04148656481391744,0.3957551278444699,12.257499980926513,14.572789100963195,9.94221086088983,11.699999809265137,12.96999979019165,10.954999923706055,10.359999895095825,15.020000457763672
2021-04-09,11.109999656677246,11.260000228881836,10.75,10.859999656677246,672600,0.0,0,-0.020739449300816615,0.38754738443500136,12.06699995994568,14.17221173388498,9.961788186006379,11.599999904632568,12.96999979019165,10.980000019073486,10.359999895095825,15.239999771118164
2021-04-12,11.0,11.119999885559082,10.68000030517578,10.699999809265137,544600,0.0,0,-0.014732951424518137,0.38183766764542143,11.88499994277954,13.790565863358097,9.979434022200984,11.565000057220459,12.96999979019165,10.980000019073486,10.359999895095825,14.460000038146973
2021-04-13,10.699999809265137,10.760000228881836,10.279999732971191,10.489999771118164,692400,0.0,0,-0.019626172139286746,0.37434365585094864,11.698999929428101,13.369864322779474,10.028135536076729,11.364999771118164,12.839999675750732,11.539999961853027,10.919999837875366,13.8100004196167
2021-04-14,10.56999969482422,11.5,10.56999969482422,11.289999961853027,885100,0.0,0,0.07626312756817044,0.4028922738314448,11.591999912261963,13.066272612898091,10.117727211625835,11.364999771118164,12.795000076293945,12.335000038146973,11.544999837875366,13.989999771118164
2021-04-15,11.199999809265137,11.199999809265137,10.770000457763672,11.09000015258789,693000,0.0,0,-0.01771477501690888,0.3957551278444699,11.47199993133545,12.671097047019995,10.272902815650905,11.364999771118164,12.789999961853027,12.544999837875366,11.584999799728394,14.100000381469728
2021-04-16,11.260000228881836,11.4399995803833,10.6899995803833,10.699999809265137,663200,0.0,0,-0.035166847426214454,0.38183766764542143,11.386499929428101,12.548773281727287,10.224226577128915,11.364999771118164,12.789999961853027,12.62999963760376,11.584999799728394,14.350000381469728
2021-04-19,10.59000015258789,10.989999771118164,10.59000015258789,10.829999923706056,667200,0.0,0,0.01214954362226739,0.38647682104510434,11.288499927520752,12.27662136928799,10.300378485753512,11.045000076293945,12.644999980926514,12.842499732971191,11.584999799728394,13.789999961853027
2021-04-20,10.65999984741211,10.699999809265137,9.829999923706056,9.9399995803833,814200,0.0,0,-0.08217916432063976,0.3547164788623202,11.173499917984008,12.225889730228577,10.12111010573944,10.704999923706056,12.134999752044678,12.929999828338623,11.584999799728394,14.079999923706056
2021-04-21,9.640000343322754,10.149999618530272,9.40999984741211,10.130000114440918,702100,0.0,0,0.019114742663831175,0.36149679307439375,11.130999946594239,12.276780135731077,9.9852197574574,10.454999923706055,11.769999980926514,12.954999685287476,11.584999799728394,14.380000114440918
2021-04-22,10.18000030517578,10.369999885559082,9.90999984741211,10.15999984741211,648800,0.0,0,0.0029614740999286404,0.36256735646429084,11.080499935150147,12.302311948229963,9.858687922070331,10.454999923706055,11.5,12.954999685287476,11.604999780654907,14.270000457763672
2021-04-23,10.130000114440918,10.640000343322754,9.93000030517578,10.4399995803833,978600,0.0,0,0.027559029249642375,0.37255936084605573,11.032999897003174,12.276896718067087,9.789103075939261,10.454999923706055,11.394999980926514,13.177499771118164,11.604999780654907,15.229999542236328
2021-04-26,10.510000228881836,10.9399995803833,10.510000228881836,10.770000457763672,821300,0.0,0,0.03160928071304148,0.38433569426531,10.984999942779542,12.190703988685627,9.779295896873457,10.454999923706055,11.21999979019165,13.042499780654907,11.669999837875366,18.200000762939453
2021-04-27,10.75,10.920000076293944,10.149999618530272,10.56999969482422,869000,0.0,0,-0.018570172185580436,0.3771985142457386,10.95049991607666,12.162292237968435,9.738707594184886,10.424999713897705,11.079999923706055,12.994999885559082,11.824999809265137,17.440000534057617
2021-04-28,10.829999923706056,11.550000190734863,10.829999923706056,11.510000228881836,895500,0.0,0,0.08893098970645208,0.4107431514334154,10.972999906539917,12.208824592423191,9.737175220656642,10.480000019073486,10.929999828338623,12.97000002861023,11.835000038146973,17.690000534057617
2021-04-29,11.420000076293944,11.760000228881836,10.9399995803833,11.140000343322754,1364600,0.0,0,-0.0321459494527766,0.39753942284936267,10.958999919891358,12.180355583696883,9.737644256085833,10.585000038146973,10.929999828338623,12.769999980926514,11.835000038146973,17.270000457763672
2021-04-30,11.0600004196167,11.300000190734863,10.649999618530272,10.75,1015100,0.0,0,-0.03500900640066118,0.3836219626503142,10.878499937057494,11.916516883721522,9.840482990393467,10.585000038146973,10.929999828338623,12.697499990463257,11.835000038146973,17.31999969482422
2021-05-03,11.140000343322754,11.380000114440918,11.06999969482422,11.210000038146973,1189600,0.0,0,0.04279070122297424,0.4000374154366548,10.842999935150146,11.77856531801154,9.907434552288754,10.585000038146973,10.929999828338623,12.467499732971191,11.835000038146973,16.889999389648438
2021-05-04,11.220000267028809,11.850000381469728,10.93000030517578,11.770000457763672,1325900,0.0,0,0.049955434229353335,0.4200214582327811,10.850499963760376,11.813170707928489,9.887829219592263,10.880000114440918,10.929999828338623,12.414999961853027,11.835000038146973,16.649999618530273
2021-05-05,12.5,13.949999809265137,12.329999923706056,13.90999984741211,2818400,0.0,0,0.1818181228902893,0.4963889713423074,10.96749997138977,12.59823988440999,9.336760058369551,11.940000057220459,11.679999828338623,12.27999997138977,11.835000038146973,16.8799991607666
2021-05-06,13.869999885559082,14.279999732971191,13.229999542236328,14.270000457763672,1597600,0.0,0,0.025880705557199457,0.5092358681514588,11.12649998664856,13.30806568490307,8.944934288394048,12.214999675750732,11.84499979019165,12.227499961853027,11.835000038146973,16.15999984741211
2021-05-07,13.90999984741211,15.550000190734863,13.760000228881836,15.399999618530272,1432700,0.0,0,0.07918704446514702,0.5495607514860161,11.35349998474121,14.222130707469692,8.48486926201273,12.849999904632568,12.480000019073486,12.309999942779541,11.835000038146973,16.889999389648438
2021-05-10,15.619999885559082,15.829999923706056,14.029999732971191,14.039999961853027,1523700,0.0,0,-0.08831166820555014,0.5010281247419903,11.520499992370606,14.600950593371902,8.44004939136931,13.239999771118164,12.619999885559082,12.307499885559082,11.835000038146973,17.0
2021-05-11,13.520000457763672,14.729999542236328,13.390000343322754,14.40999984741211,1029200,0.0,0,0.02635326827381612,0.514231853326043,11.716499996185302,15.003936798460737,8.429063193909867,13.239999771118164,12.619999885559082,12.22249984741211,11.835000038146973,16.040000915527344
2021-05-12,14.529999732971191,15.1899995803833,14.170000076293944,14.239999771118164,1136600,0.0,0,-0.011797368361837646,0.5081652707289652,11.86399998664856,15.323774144398637,8.404225828898483,13.239999771118164,12.619999885559082,12.232499837875366,11.835000038146973,15.800000190734863
2021-05-13,14.100000381469728,14.81999969482422,13.859999656677246,14.5600004196167,733600,0.0,0,0.022471956014182393,0.5195847383407216,12.0375,15.670237385305885,8.404762614694114,13.380000114440918,12.619999885559082,12.232499837875366,11.835000038146973,16.84000015258789
2021-05-14,14.710000038146973,15.220000267028809,14.579999923706056,15.020000457763672,787600,0.0,0,0.03159340830287438,0.5360001911270622,12.253500032424927,16.054151757720344,8.45284830712951,13.380000114440918,12.619999885559082,12.334999799728394,11.835000038146973,16.739999771118164
2021-05-17,14.829999923706056,15.270000457763672,14.3100004196167,15.239999771118164,907000,0.0,0,0.014647090988654243,0.5438510346964364,12.474000024795533,16.428996963754773,8.519003085836292,14.079999923706056,12.619999885559082,12.28499984741211,11.835000038146973,16.84000015258789
2021-05-18,15.31999969482422,15.329999923706056,14.449999809265137,14.460000038146973,704600,0.0,0,-0.05118108560929213,0.5160161483309359,12.700000047683716,16.56453682080185,8.83546327456558,14.529999732971191,12.619999885559082,12.267499923706055,11.835000038146973,17.649999618530273
2021-05-19,13.979999542236328,14.130000114440918,13.539999961853027,13.8100004196167,714500,0.0,0,-0.04495156409512502,0.4928204153651183,12.884000062942505,16.586892789415657,9.181107336469355,14.610000133514404,12.619999885559082,12.102499723434448,11.835000038146973,16.719999313354492
2021-05-20,13.739999771118164,14.140000343322754,13.260000228881836,13.989999771118164,777600,0.0,0,0.013033985954539196,0.4992438297370974,13.075500059127808,16.58408428729844,9.566915830957175,14.545000076293945,12.619999885559082,12.079999923706055,11.835000038146973,15.59000015258789
2021-05-21,14.34000015258789,14.399999618530272,13.949999809265137,14.100000381469728,582800,0.0,0,0.007862802869994079,0.5031692855543811,13.258500099182129,16.572497485786577,9.944502712577682,14.295000076293945,12.619999885559082,12.077499866485596,11.889999866485596,15.720000267028809
2021-05-24,14.279999732971191,14.56999969482422,13.989999771118164,14.350000381469728,658800,0.0,0,0.017730495974209504,0.512090726546249,13.437500095367431,16.574666011237184,10.300334179497677,14.295000076293945,12.619999885559082,12.077499866485596,12.024999618530273,15.56999969482422
2021-05-25,14.289999961853027,14.40999984741211,13.760000228881836,13.789999961853027,775100,0.0,0,-0.03902441844808824,0.4921066837501226,13.598500108718872,16.444479623954646,10.752520593483098,14.295000076293945,12.619999885559082,11.84500002861023,12.03499984741211,16.559999465942383
2021-05-26,13.609999656677246,14.149999618530272,13.520000457763672,14.079999923706056,1012100,0.0,0,0.02102972898152644,0.5024555539393855,13.727000093460083,16.40986925078048,11.044130936139684,14.295000076293945,12.619999885559082,11.419999837875366,12.210000038146973,16.209999084472656
2021-05-27,14.279999732971191,14.529999732971191,14.079999923706056,14.380000114440918,660200,0.0,0,0.02130683184378146,0.513161289936146,13.889000082015992,16.302443761461443,11.475556402570541,14.295000076293945,12.869999885559082,11.112499952316284,12.259999752044678,15.1899995803833
2021-05-28,14.350000381469728,14.350000381469728,13.90999984741211,14.270000457763672,526600,0.0,0,-0.007649489276900678,0.5092358681514589,14.065000104904176,15.99801902138719,12.131981188421161,14.295000076293945,12.880000114440918,10.977499961853027,12.259999752044678,15.020000457763672
2021-06-01,14.989999771118164,15.460000038146973,14.710000038146973,15.229999542236328,1169200,0.0,0,0.067273935085991,0.5434941688889384,14.266000080108643,15.749089371015266,12.78291078920202,14.360000133514404,12.989999771118164,10.924999952316284,12.259999752044678,14.800000190734863
2021-06-02,15.31999969482422,18.200000762939453,14.9399995803833,18.200000762939453,2574700,0.0,0,0.19500993499485153,0.6494809314340512,14.587500095367432,16.498283367261397,12.676716823473466,15.730000495910645,14.175000190734863,10.837499856948853,12.259999752044678,15.350000381469728
2021-06-03,17.09000015258789,17.690000534057617,16.510000228881836,17.440000534057617,1958000,0.0,0,-0.041758252583671274,0.62235974265095,14.764000129699706,17.0173266023137,12.510673657085713,15.860000610351562,14.425000190734863,10.75249981880188,12.259999752044678,15.289999961853027
2021-06-04,17.700000762939453,17.84000015258789,16.920000076293945,17.690000534057617,911000,0.0,0,0.014334861946350808,0.6312811836428177,14.935000133514404,17.512001316844362,12.357998950184443,15.860000610351562,14.425000190734863,10.704999923706055,12.259999752044678,14.850000381469728
2021-06-07,17.790000915527344,17.950000762939453,17.1200008392334,17.270000457763672,775400,0.0,0,-0.02374223084308802,0.6162931600538721,15.028500175476074,17.796937954411543,12.260062396540606,15.860000610351562,14.425000190734863,10.757499933242798,12.404999732971191,14.020000457763672
2021-06-08,17.1200008392334,17.81999969482422,16.93000030517578,17.31999969482422,729900,0.0,0,0.0028951497241025415,0.6180774210261684,15.192500162124634,18.094156744370824,12.290843579878445,15.860000610351562,14.565000534057617,10.757499933242798,12.404999732971191,13.380000114440918
2021-06-09,17.350000381469727,17.610000610351562,16.770000457763672,16.889999389648438,661300,0.0,0,-0.02482680789563063,0.6027325316297248,15.31650013923645,18.285715753021766,12.347284525451133,16.05500030517578,14.565000534057617,10.757499933242798,12.404999732971191,13.0600004196167
2021-06-10,17.149999618530273,17.34000015258789,16.450000762939453,16.649999618530273,516100,0.0,0,-0.01420957843641224,0.5941679564453549,15.437000131607055,18.41739510337843,12.456605159835684,16.05500030517578,15.265000343322754,10.90499997138977,12.404999732971191,12.1899995803833
2021-06-11,17.06999969482422,17.299999237060547,16.709999084472656,16.8799991607666,468900,0.0,0,0.013813786636989178,0.6023756658222269,15.55300006866455,18.568599444074493,12.537400693254607,16.455000400543213,15.71500015258789,11.809999942779541,12.404999732971191,12.609999656677246
2021-06-14,16.979999542236328,17.239999771118164,16.049999237060547,16.15999984741211,720100,0.0,0,-0.042653989878622345,0.5766819402691172,15.610000038146973,18.626249044545,12.593751031748948,16.570000171661377,15.730000495910645,12.029999732971191,12.404999732971191,13.579999923706056
2021-06-15,16.15999984741211,16.93000030517578,16.110000610351562,16.889999389648438,617200,0.0,0,0.045173239426312906,0.6027325316297247,15.692500019073487,18.754169850772527,12.630830187374444,17.0,15.730000495910645,12.664999961853027,12.480000019073486,13.270000457763672
2021-06-16,16.6299991607666,17.440000534057617,16.5,17.0,648700,0.0,0,0.006512765797906495,0.6066579874470084,15.819500017166138,18.876805525948747,12.762194508383532,17.0,15.730000495910645,12.929999828338623,12.619999885559082,13.010000228881836
2021-06-17,17.0,17.100000381469727,15.25,16.040000915527344,1280700,0.0,0,-0.05647053438074445,0.5723996867095289,15.93100004196167,18.84479741266948,13.017202671253862,16.600000381469727,15.730000495910645,12.929999828338623,12.619999885559082,13.390000343322754
2021-06-18,15.520000457763672,16.270000457763672,15.229999542236328,15.800000190734863,1873700,0.0,0,-0.014962637848739191,0.5638350774925625,16.021500062942504,18.796174820105428,13.246825305779582,16.524999618530273,15.730000495910645,12.929999828338623,12.619999885559082,13.0
2021-06-21,16.059999465942383,16.959999084472656,15.93000030517578,16.84000015258789,768800,0.0,0,0.06582278160116006,0.6009482706574285,16.158500051498415,18.806491996746562,13.510508106250267,16.420000076293945,15.730000495910645,13.0,12.619999885559082,13.489999771118164
2021-06-22,16.579999923706055,16.8799991607666,16.309999465942383,16.739999771118164,425900,0.0,0,-0.005938264879074784,0.5973796806476428,16.278000020980834,18.80013969298208,13.755860348979589,16.335000038146973,15.730000495910645,13.0,12.619999885559082,13.84000015258789
2021-06-23,17.010000228881836,17.469999313354492,16.809999465942383,16.84000015258789,662400,0.0,0,0.005973738520729244,0.6009482706574285,16.430500030517578,18.68425766600788,14.176742395027274,16.34999942779541,15.730000495910645,13.349999904632568,12.619999885559082,13.260000228881836
2021-06-24,16.920000076293945,17.760000228881836,16.670000076293945,17.649999618530273,725100,0.0,0,0.04809973032084014,0.6298537204128261,16.60900001525879,18.64227436799616,14.575725662521421,16.494999885559082,15.730000495910645,13.574999809265137,12.619999885559082,12.979999542236328
2021-06-25,17.6200008392334,17.780000686645508,16.639999389648438,16.719999313354492,2070300,0.0,0,-0.052691236559540666,0.596665949032647,16.725999975204466,18.48007350868961,14.971926441719322,16.505000114440918,15.730000495910645,13.615000009536743,12.619999885559082,13.34000015258789
2021-06-28,16.600000381469727,16.610000610351562,15.34000015258789,15.59000015258789,746800,0.0,0,-0.0675836846395117,0.5563410656980896,16.791999959945677,18.241306815561757,15.342693104329598,16.505000114440918,15.860000610351562,13.582499980926514,12.619999885559082,11.949999809265137
2021-06-29,15.6899995803833,16.15999984741211,15.609999656677246,15.720000267028809,560300,0.0,0,0.008338685899200504,0.5609802190977724,16.816499996185303,18.171898390332768,15.46110160203784,16.505000114440918,15.860000610351562,13.457499980926514,12.619999885559082,12.050000190734863
2021-06-30,15.710000038146973,16.100000381469727,15.550000190734863,15.56999969482422,786700,0.0,0,-0.009542020970521259,0.5556273340830938,16.68499994277954,17.9866632499395,15.383336635619582,16.505000114440918,15.860000610351562,13.457499980926514,12.619999885559082,12.520000457763672
2021-07-01,16.260000228881836,16.75,16.18000030517578,16.559999465942383,681200,0.0,0,0.06358380157497745,0.590956232243067,16.64099988937378,17.89575268142184,15.38624709732572,16.5600004196167,15.860000610351562,13.457499980926514,12.619999885559082,12.279999732971191
2021-07-02,16.3700008392334,16.3700008392334,16.040000915527344,16.209999084472656,300200,0.0,0,-0.021135289417704595,0.5784662012414136,16.56699981689453,17.73632869331036,15.3976709404787,16.5600004196167,16.05500030517578,13.457499980926514,12.619999885559082,12.760000228881836
2021-07-06,16.290000915527344,16.360000610351562,14.869999885559082,15.1899995803833,757000,0.0,0,-0.06292409387403353,0.5420667396915433,16.462999773025512,17.73069286436602,15.195306681685004,16.325000286102295,16.05500030517578,13.582499980926514,12.619999885559082,12.720000267028809
2021-07-07,15.06999969482422,15.470000267028809,14.6899995803833,15.020000457763672,849500,0.0,0,-0.011191515952322262,0.5360001911270621,16.347999811172485,17.699324085244886,14.996675537100085,16.235000133514404,16.445000171661377,13.587500095367432,12.619999885559082,12.5600004196167
2021-07-08,14.479999542236328,14.960000038146973,14.279999732971191,14.800000190734863,569800,0.0,0,-0.014647154482281821,0.5281493135250914,16.243499851226808,17.729107284682286,14.75789241777133,16.03000020980835,16.240000247955322,13.674999952316284,12.619999885559082,12.270000457763672
2021-07-09,15.210000038146973,15.710000038146973,14.960000038146973,15.350000381469728,628300,0.0,0,0.03716217457072579,0.5477764905137199,16.17849988937378,17.70098156687343,14.656018211874127,15.514999866485596,16.115000247955322,14.952500343322754,13.805000305175781,11.93000030517578
2021-07-12,15.0,15.399999618530272,14.699999809265137,15.289999961853027,329600,0.0,0,-0.003908822027726577,0.5456353297013291,16.0989999294281,17.63278932191624,14.56521053693996,15.514999866485596,16.115000247955322,15.142500400543213,13.805000305175781,11.65999984741211
2021-07-13,15.0600004196167,15.300000190734863,14.829999923706056,14.850000381469728,401400,0.0,0,-0.028776951045196397,0.5299336085299844,16.03349995613098,17.66132803510037,14.40567187716159,15.514999866485596,16.115000247955322,15.142500400543213,13.805000305175781,11.68000030517578
2021-07-14,15.0,15.300000190734863,13.9399995803833,14.020000457763672,669400,0.0,0,-0.05589224931884551,0.5003144271595911,15.890000009536744,17.689428175665462,14.090571843408023,15.34499979019165,15.87999963760376,15.142500400543213,13.805000305175781,10.979999542236328
2021-07-15,13.760000228881836,14.149999618530272,13.239999771118164,13.380000114440918,922400,0.0,0,-0.04564909575080289,0.4774755259686748,15.70900001525879,17.74127935061641,13.676720679901168,14.805000305175781,15.510000228881836,15.21250057220459,13.805000305175781,11.0600004196167
2021-07-16,13.68000030517578,13.739999771118164,12.84000015258789,13.0600004196167,834700,0.0,0,-0.023916269961675507,0.466056092389515,15.559999990463258,17.891744967789847,13.228255013136668,14.600000381469727,15.3100004196167,15.3100004196167,13.805000305175781,11.899999618530272
2021-07-19,12.380000114440918,12.640000343322754,11.720000267028809,12.1899995803833,1501400,0.0,0,-0.06661568233387027,0.4350094477891302,15.37949995994568,18.13447491121851,12.624525008672846,13.71500015258789,14.750000476837158,15.660000324249268,13.805000305175781,12.260000228881836
2021-07-20,12.25,13.050000190734863,12.039999961853027,12.609999656677246,973100,0.0,0,0.03445447832252824,0.4499974713780758,15.167999935150146,18.088365774041026,12.247634096259265,13.71500015258789,14.750000476837158,16.08500027656555,13.805000305175781,12.329999923706056
2021-07-21,13.1899995803833,13.8100004196167,13.010000228881836,13.579999923706056,860500,0.0,0,0.07692310019335924,0.48461267195564983,15.00999994277954,17.914790863603216,12.105209021955865,13.71500015258789,14.750000476837158,16.15000033378601,13.805000305175781,11.989999771118164
2021-07-22,13.539999961853027,13.539999961853027,12.989999771118164,13.270000457763672,485200,0.0,0,-0.02282764857761388,0.4735501041839878,14.83149995803833,17.702736989190807,11.960262926885854,13.559999942779541,14.750000476837158,16.365000247955322,13.805000305175781,12.729999542236328
2021-07-23,13.369999885559082,13.539999961853027,12.670000076293944,13.010000228881836,486400,0.0,0,-0.01959308364075618,0.4642717973846221,14.599499988555909,17.26239403990756,11.93660593720426,13.510000228881836,14.750000476837158,16.365000247955322,13.805000305175781,12.289999961853027
2021-07-26,13.229999542236328,13.789999961853027,13.18000030517578,13.390000343322754,598300,0.0,0,0.0292083095892135,0.47783239177617276,14.43300004005432,16.956001072107526,11.909999008001117,13.510000228881836,14.750000476837158,16.165000438690186,13.805000305175781,12.300000190734863
2021-07-27,13.100000381469728,13.369999885559082,12.710000038146973,13.0,450000,0.0,0,-0.02912623848566498,0.46391493157712427,14.303500032424926,16.841659194742782,11.765340870107071,12.934999942779541,14.750000476837158,16.12750005722046,13.805000305175781,12.399999618530272
2021-07-28,13.18000030517578,13.65999984741211,12.789999961853027,13.489999771118164,685400,0.0,0,0.0376922900860126,0.4814009477533619,14.192000007629394,16.665882845886692,11.718117169372098,12.765000343322754,14.750000476837158,16.075000286102295,13.805000305175781,12.8100004196167
2021-07-29,13.710000038146973,14.15999984741211,13.539999961853027,13.84000015258789,591600,0.0,0,0.025945173269689148,0.4938909787550154,14.105500030517579,16.499441874280418,11.71155818675474,12.940000057220459,14.750000476837158,16.03250026702881,13.805000305175781,13.020000457763672
2021-07-30,13.800000190734863,13.899999618530272,13.0600004196167,13.260000228881836,705300,0.0,0,-0.04190750847626279,0.4731932383764899,13.940500068664551,16.072940097816247,11.808060039512855,13.099999904632568,14.750000476837158,16.039999961853027,13.805000305175781,13.15999984741211
2021-08-02,13.40999984741211,14.300000190734863,12.960000038146973,12.979999542236328,915000,0.0,0,-0.021116190181930228,0.4632011999621285,13.779000091552735,15.672927027715204,11.885073155390266,13.485000133514404,14.750000476837158,16.112500190734863,13.805000305175781,12.3100004196167
2021-08-03,12.9399995803833,13.399999618530272,12.539999961853027,13.34000015258789,789400,0.0,0,0.027735024888108528,0.47604809677127985,13.686500120162965,15.472216434835914,11.900783805490015,13.420000076293945,14.235000133514404,16.11750030517578,13.805000305175781,12.350000381469728
2021-08-04,12.890000343322754,13.039999961853027,11.9399995803833,11.949999809265137,834600,0.0,0,-0.1041979255939589,0.42644487260476027,13.533000087738037,15.361565867990976,11.704434307485098,13.119999885559082,14.235000133514404,16.18250036239624,13.805000305175781,12.40999984741211
2021-08-05,12.119999885559082,12.449999809265137,11.93000030517578,12.050000190734863,718700,0.0,0,0.008368232892538963,0.43001346261454604,13.395500087738037,15.235962081588161,11.555038093887914,13.115000247955322,14.235000133514404,16.18250036239624,13.805000305175781,13.1899995803833
2021-08-06,12.31999969482422,12.880000114440918,12.31999969482422,12.520000457763672,734700,0.0,0,0.03900417092027819,0.44678578120838447,13.254000091552735,14.893797187863717,11.614202995241753,13.115000247955322,14.235000133514404,16.18250036239624,13.805000305175781,13.020000457763672
2021-08-09,12.229999542236328,12.449999809265137,11.770000457763672,12.279999732971191,741600,0.0,0,-0.019169386263373167,0.438221171991418,13.103500080108642,14.500288894948659,11.706711265268625,13.035000324249268,14.045000553131104,16.21000051498413,13.805000305175781,13.539999961853027
2021-08-10,12.239999771118164,12.90999984741211,12.239999771118164,12.760000228881836,581200,0.0,0,0.039087989116308064,0.45535035639275434,12.999000072479248,14.145292109140632,11.852708035817864,13.035000324249268,14.040000438690186,16.30750036239624,13.805000305175781,12.989999771118164
2021-08-11,12.609999656677246,12.81999969482422,12.3100004196167,12.720000267028809,453800,0.0,0,-0.0031347931924397,0.4539229271953593,12.934000062942506,13.983699196235285,11.884300929649726,13.035000324249268,13.71500015258789,16.190000295639038,14.055000305175781,12.640000343322754
2021-08-12,12.9399995803833,12.970000267028809,12.239999771118164,12.5600004196167,529400,0.0,0,-0.012578604092237433,0.4482132104057794,12.893000078201293,13.933736997712288,11.852263158690299,13.035000324249268,13.71500015258789,16.34000015258789,14.065000534057617,12.010000228881836
2021-08-13,12.449999809265137,12.710000038146973,12.1899995803833,12.270000457763672,533800,0.0,0,-0.02308916816595752,0.43786434021651666,12.853500080108642,13.925722366315,11.781277793902284,12.585000038146973,13.71500015258789,16.135000228881836,14.175000190734863,11.989999771118164
2021-08-16,11.949999809265137,12.220000267028809,11.600000381469728,11.93000030517578,698700,0.0,0,-0.02770987285275628,0.42573117502236096,12.840500116348267,13.950637241630211,11.730362991066322,12.320000171661377,13.5,15.815000057220459,14.175000190734863,12.300000190734863
2021-08-17,11.699999809265137,12.09000015258789,11.460000038146973,11.65999984741211,555100,0.0,0,-0.0226320579092133,0.4160960024154975,12.79300012588501,14.015418060197614,11.570582191572406,12.21500015258789,13.380000114440918,15.815000057220459,14.425000190734863,13.029999732971191
2021-08-18,11.779999732971191,12.1899995803833,11.619999885559082,11.68000030517578,713400,0.0,0,0.0017153051479763537,0.41680973403049315,12.698000144958495,13.956191928603667,11.439808361313323,12.21500015258789,13.380000114440918,15.815000057220459,14.425000190734863,12.949999809265137
2021-08-19,11.279999732971191,11.479999542236328,10.710000038146973,10.979999542236328,1107600,0.0,0,-0.05993157060357768,0.3918296720271862,12.583500099182128,14.018995031543348,11.148005166820909,11.84000015258789,12.505000114440918,15.612499713897705,14.425000190734863,13.75
2021-08-20,10.84000015258789,11.109999656677246,10.710000038146973,11.0600004196167,488800,0.0,0,0.007286054709987555,0.3946845644545728,12.486000108718873,14.052754022874712,10.919246194563033,11.84000015258789,12.505000114440918,15.157500267028809,14.565000534057617,13.729999542236328
2021-08-23,11.470000267028809,11.989999771118164,11.470000267028809,11.899999618530272,598200,0.0,0,0.07594929177612841,0.4246605775998673,12.411500072479248,13.940052452064789,10.882947692893707,11.84000015258789,12.505000114440918,14.955000400543213,14.565000534057617,13.489999771118164
2021-08-24,12.109999656677246,12.489999771118164,12.100000381469728,12.260000228881836,383400,0.0,0,0.030252153100154944,0.4375074744090187,12.37450008392334,13.879675292474928,10.869324875371753,11.84000015258789,12.505000114440918,14.232500314712524,14.96000051498413,13.31999969482422
2021-08-25,12.210000038146973,12.420000076293944,12.100000381469728,12.329999923706056,365400,0.0,0,0.00570959979750385,0.4400054669963109,12.316500091552735,13.730981315778072,10.902018867327397,11.710000038146973,12.505000114440918,14.232500314712524,14.96000051498413,14.09000015258789
2021-08-26,12.119999885559082,12.329999923706056,11.989999771118164,11.989999771118164,405600,0.0,0,-0.027575032821711254,0.42787230180215524,12.224000072479248,13.456241514096016,10.99175863086248,11.599999904632568,12.505000114440918,14.232500314712524,14.96000051498413,14.84000015258789
2021-08-27,12.119999885559082,12.989999771118164,12.119999885559082,12.729999542236328,923600,0.0,0,0.06171808050411265,0.4542797589702606,12.197500038146973,13.359540342370462,11.035459733923485,11.849999904632568,12.505000114440918,14.15500020980835,14.96000051498413,14.9399995803833
2021-08-30,12.9399995803833,12.970000267028809,12.229999542236328,12.289999961853027,472800,0.0,0,-0.034563990275368384,0.43857803779891585,12.163000059127807,13.269098071693362,11.056902046562252,11.849999904632568,12.505000114440918,14.130000352859497,14.96000051498413,13.399999618530272
2021-08-31,12.220000267028809,12.56999969482422,12.170000076293944,12.300000190734863,749500,0.0,0,0.0008136882760680919,0.4389349036064138,12.111000061035156,13.078581749120033,11.14341837295028,11.849999904632568,12.505000114440918,14.130000352859497,14.96000051498413,14.020000457763672
2021-09-01,12.350000381469728,12.539999961853027,12.010000228881836,12.399999618530272,666000,0.0,0,0.008130034654042939,0.44250345958360293,12.133500051498412,13.106029332297055,11.16097077069977,11.849999904632568,12.505000114440918,13.84250020980835,14.96000051498413,14.619999885559082
2021-09-02,12.65999984741211,13.079999923706056,12.550000190734863,12.8100004196167,613900,0.0,0,0.03306458174996485,0.45713465139764725,12.171500062942505,13.186929442022302,11.156070683862707,12.275000095367432,12.505000114440918,13.757500410079956,14.96000051498413,14.5
2021-09-03,12.81999969482422,13.119999885559082,12.640000343322754,13.020000457763672,716500,0.0,0,0.016393445063856982,0.46462866319212,12.196500062942505,13.268684718356871,11.124315407528139,12.554999828338623,12.505000114440918,13.845000267028809,14.96000051498413,14.529999732971191
2021-09-07,12.850000381469728,13.350000381469728,12.850000381469728,13.15999984741211,631000,0.0,0,0.010752640915996148,0.46962464836670414,12.24050006866455,13.392906410841379,11.088093726487722,12.670000076293945,12.505000114440918,13.925000190734863,14.96000051498413,15.119999885559082
2021-09-08,13.1899995803833,13.369999885559082,12.289999961853027,12.3100004196167,924000,0.0,0,-0.06458962292180881,0.4392917694139117,12.218000078201294,13.346008441206372,11.089991715196216,12.679999828338623,12.054999828338623,14.117500305175781,14.96000051498413,15.020000457763672
2021-09-09,12.0,12.510000228881836,11.65999984741211,12.350000381469728,1031000,0.0,0,0.0032493875296126795,0.44071919861130676,12.19950008392334,13.305659770423233,11.093340397423447,12.514999866485596,12.039999961853027,13.827500104904175,14.96000051498413,15.289999961853027
2021-09-10,12.6899995803833,12.789999961853027,12.239999771118164,12.40999984741211,501000,0.0,0,0.0048582562015468955,0.44286032539110093,12.19200005531311,13.29020048768145,11.093799622944772,12.514999866485596,12.039999961853027,13.677500009536743,14.96000051498413,15.65999984741211
2021-09-13,12.5600004196167,13.539999961853027,12.5600004196167,13.1899995803833,1020900,0.0,0,0.06285251753116228,0.47069521175660134,12.238000011444091,13.420217735417253,11.05578228747093,12.599999904632568,12.125,13.675000190734863,14.96000051498413,15.15999984741211
2021-09-14,13.5,13.520000457763672,12.880000114440918,13.020000457763672,644200,0.0,0,-0.012888485824704587,0.46462866319212004,12.292500019073486,13.513192883402587,11.071807154744386,12.599999904632568,12.125,13.675000190734863,14.96000051498413,15.539999961853027
2021-09-15,13.289999961853027,13.899999618530272,13.220000267028809,13.539999961853027,950200,0.0,0,0.03993851657503478,0.48318524275825475,12.386500024795533,13.68578118666419,11.087218862926875,12.779999732971191,12.304999828338623,13.540000438690186,14.96000051498413,14.899999618530272
2021-09-16,13.449999809265137,13.5,12.829999923706056,12.989999771118164,868300,0.0,0,-0.040620398248479184,0.4635580657696263,12.451999998092651,13.733991135524326,11.170008860660976,12.779999732971191,12.304999828338623,13.537500381469727,14.96000051498413,15.399999618530272
2021-09-17,12.920000076293944,13.09000015258789,12.399999618530272,12.640000343322754,2426200,0.0,0,-0.026943759350450125,0.4510680688005694,12.535000038146972,13.623434054057626,11.446566022236318,12.779999732971191,12.304999828338623,13.375000238418579,14.96000051498413,15.550000190734863
2021-09-20,11.9399995803833,12.279999732971191,11.649999618530272,12.010000228881836,675500,0.0,0,-0.04984177985198579,0.428586033417151,12.58250002861023,13.472109492191437,11.692890565029023,12.774999618530272,12.304999828338623,13.375000238418579,14.96000051498413,15.5600004196167
2021-09-21,12.239999771118164,12.31999969482422,11.619999885559082,11.989999771118164,595100,0.0,0,-0.0016653170176944565,0.42787230180215524,12.587000036239624,13.46342562754201,11.710574444937238,12.759999752044678,12.304999828338623,13.150000095367432,14.96000051498413,14.4399995803833
2021-09-22,12.34000015258789,12.789999961853027,12.279999732971191,12.300000190734863,726200,0.0,0,0.025854914556665554,0.4389349036064138,12.589000034332276,13.462578809276035,11.715421259388517,12.759999752044678,12.304999828338623,12.910000085830688,14.77500057220459,14.06999969482422
2021-09-23,12.460000038146973,13.199999809265137,12.279999732971191,13.029999732971191,733800,0.0,0,0.05934955535904862,0.4649854949670213,12.624000024795532,13.509406773270769,11.738593276320294,12.759999752044678,12.304999828338623,12.797500133514404,14.705000400543213,13.600000381469728
2021-09-24,12.829999923706056,13.1899995803833,12.6899995803833,12.949999809265137,737200,0.0,0,-0.006139671937492208,0.46213063657223136,12.67200002670288,13.517484941724463,11.826515111681298,12.759999752044678,12.304999828338623,12.797500133514404,14.705000400543213,13.84000015258789
2021-09-27,13.449999809265137,14.06999969482422,13.399999618530272,13.75,788700,0.0,0,0.06177607741449531,0.49067925455272754,12.723000049591064,13.691817794235051,11.754182304947077,12.84499979019165,12.389999866485596,12.172500133514404,14.264999866485596,13.720000267028809
2021-09-28,14.050000190734863,14.84000015258789,13.699999809265137,13.729999542236328,1069900,0.0,0,-0.0014545787464488313,0.48996552293773177,12.795000028610229,13.83652119465964,11.753478862560817,13.230000019073486,13.15500020980835,12.172500133514404,14.24500036239624,13.6899995803833
2021-09-29,13.720000267028809,13.739999771118164,13.260000228881836,13.489999771118164,638600,0.0,0,-0.01747995477930464,0.48140094775336184,12.854500007629394,13.912125356495167,11.79687465876362,13.230000019073486,13.230000019073486,12.172500133514404,14.24500036239624,13.609999656677246
2021-09-30,13.489999771118164,13.56999969482422,12.979999542236328,13.31999969482422,936200,0.0,0,-0.01260193322300196,0.47533436515628413,12.900500011444091,13.955042919863223,11.84595710302496,13.230000019073486,13.230000019073486,12.172500133514404,14.24500036239624,14.050000190734863
2021-10-01,13.43000030517578,14.289999961853027,13.329999923706056,14.09000015258789,1496700,0.0,0,0.057807843498890676,0.5028124197468832,12.964499998092652,14.139200577037641,11.789799419147663,13.230000019073486,13.230000019073486,12.107500076293945,14.24500036239624,14.210000038146973
2021-10-04,14.449999809265137,15.0,14.31999969482422,14.84000015258789,1783000,0.0,0,0.053229240019720514,0.5295767427224864,13.055499982833862,14.489729280307635,11.621270685360088,13.639999866485596,13.309999942779541,12.052500009536743,14.24500036239624,14.43000030517578
2021-10-05,15.0,15.270000457763672,14.460000038146973,14.9399995803833,1131100,0.0,0,0.006738505846846099,0.5331452986996756,13.144499969482421,14.800041628993517,11.488958309971325,13.775000095367432,13.445000171661377,12.177500009536743,14.24500036239624,13.350000381469728
2021-10-06,14.470000267028809,14.640000343322754,13.359999656677246,13.399999618530272,1092500,0.0,0,-0.1030789829388683,0.4781892235510739,13.198999929428101,14.8118246115465,11.586175247309702,13.980000019073486,13.445000171661377,12.177500009536743,14.24500036239624,13.289999961853027
2021-10-07,13.34000015258789,14.229999542236328,13.3100004196167,14.020000457763672,870300,0.0,0,0.04626872066294907,0.5003144271595911,13.282499933242798,14.883610514160182,11.681389352325414,14.125,13.445000171661377,12.177500009536743,14.24500036239624,12.84000015258789
2021-10-08,14.25,14.81999969482422,14.199999809265137,14.619999885559082,555100,0.0,0,0.042795963495361855,0.5217258651205158,13.392999935150147,15.04283609876116,11.743163771539134,14.125,13.445000171661377,12.177500009536743,14.24500036239624,12.789999961853027
2021-10-11,15.050000190734863,15.270000457763672,14.479999542236328,14.5,625200,0.0,0,-0.008207926573078339,0.5174435775283308,13.458499956130982,15.174323767038775,11.74267614522319,14.125,13.445000171661377,12.390000104904175,14.24500036239624,12.789999961853027
2021-10-12,14.479999542236328,14.800000190734863,14.170000076293944,14.529999732971191,775600,0.0,0,0.002068947101461438,0.5185141409182279,13.533999919891357,15.29872639108935,11.769273448693365,14.125,13.445000171661377,12.52999997138977,14.24500036239624,12.220000267028809
2021-10-13,14.300000190734863,15.199999809265137,14.149999618530272,15.119999885559082,947700,0.0,0,0.040605654744030995,0.5395687471042513,13.61299991607666,15.509734352650382,11.716265479502939,14.290000438690186,13.445000171661377,12.587500095367432,14.24500036239624,11.890000343322754
2021-10-14,15.380000114440918,15.579999923706056,14.880000114440918,15.020000457763672,661900,0.0,0,-0.006613718819595937,0.5360001911270621,13.714499950408936,15.683695275264778,11.745304625553093,14.445000171661377,13.599999904632568,12.367499828338623,14.24500036239624,11.119999885559082
2021-10-15,15.489999771118164,15.649999618530272,15.270000457763672,15.289999961853027,1099000,0.0,0,0.017975998392849357,0.5456353297013291,13.84699993133545,15.86570582910187,11.82829403356903,14.480000019073486,13.634999752044678,12.277499914169312,13.730000019073486,11.399999618530272
2021-10-18,15.5,16.360000610351562,15.5,15.65999984741211,954300,0.0,0,0.02419881533565693,0.5588390582853818,14.029499912261963,16.010100434396495,12.048899390127431,14.83500051498413,13.990000247955322,12.277499914169312,13.730000019073486,12.020000457763672
2021-10-19,15.649999618530272,15.760000228881836,14.760000228881836,15.15999984741211,772600,0.0,0,-0.031928480515446944,0.5409961763016463,14.18799991607666,15.987603803916238,12.38839602823708,14.83500051498413,13.990000247955322,12.362499952316284,13.730000019073486,11.789999961853027
2021-10-20,15.0,15.550000190734863,14.869999885559082,15.539999961853027,834000,0.0,0,0.02506597086185236,0.554556770693197,14.349999904632568,16.01772855891492,12.682271250350217,15.255000114440918,13.990000247955322,12.362499952316284,13.730000019073486,11.0600004196167
2021-10-21,15.359999656677246,15.470000267028809,14.770000457763672,14.899999618530272,895000,0.0,0,-0.04118406337797964,0.5317178695022806,14.443499898910522,16.010290973590294,12.87670882423075,15.255000114440918,13.990000247955322,12.542499780654907,13.540000438690186,11.020000457763672
2021-10-22,15.010000228881836,15.40999984741211,14.93000030517578,15.399999618530272,861400,0.0,0,0.03355704783899305,0.5495607514860161,14.56599988937378,16.024814963916878,13.107184814830681,15.255000114440918,13.990000247955322,12.542499780654907,13.535000324249268,10.6899995803833
2021-10-25,15.59000015258789,15.720000267028809,15.359999656677246,15.550000190734863,791600,0.0,0,0.009740297137676546,0.5549136365006947,14.655999898910522,16.124512402533085,13.18748739528796,15.255000114440918,13.990000247955322,12.542499780654907,13.210000038146973,10.630000114440918
2021-10-26,15.600000381469728,15.920000076293944,15.329999923706056,15.5600004196167,982500,0.0,0,0.0006431015279211305,0.5552705023081925,14.747499942779541,16.201643413345913,13.293356472213167,15.5600004196167,13.990000247955322,12.539999723434448,13.210000038146973,11.390000343322754
2021-10-27,15.220000267028809,15.300000190734863,14.300000190734863,14.4399995803833,933600,0.0,0,-0.07197948644149121,0.51530241671594,14.794999933242797,16.138429944231934,13.451569922253661,15.330000400543213,14.320000171661377,12.53249979019165,13.210000038146973,11.170000076293944
2021-10-28,14.020000457763672,14.5,13.5,14.06999969482422,1316700,0.0,0,-0.025623261517384255,0.5020986881318874,14.832499933242797,16.043080336021305,13.62191953046429,14.930000305175781,14.320000171661377,12.53249979019165,13.054999828338623,11.84000015258789
2021-10-29,14.25,14.25,13.4399995803833,13.600000381469728,1394200,0.0,0,-0.03340435846117218,0.48532640357064555,14.80799994468689,16.09592320903496,13.520076680338818,14.679999828338623,14.525000095367432,12.53249979019165,13.005000114440918,12.220000267028809
2021-11-01,13.829999923706056,14.18000030517578,13.739999771118164,13.84000015258789,881100,0.0,0,0.01764704149899643,0.4938909787550154,14.75799994468689,16.113686532531737,13.402313356842045,14.679999828338623,14.670000076293945,12.53249979019165,13.005000114440918,12.34000015258789
2021-11-02,13.68000030517578,13.920000076293944,13.5,13.720000267028809,567100,0.0,0,-0.008670511866767816,0.4896086911628305,14.696999979019164,16.123180053005747,13.270819905032583,14.679999828338623,14.670000076293945,12.617499828338623,12.505000114440918,11.949999809265137
2021-11-03,13.359999656677246,14.020000457763672,13.25,13.6899995803833,1007200,0.0,0,-0.002186638925773532,0.48853809374033685,14.711499977111817,16.089195317688134,13.333804636535502,14.585000038146973,14.670000076293945,13.192500114440918,12.775000095367432,12.1899995803833
2021-11-04,14.220000267028809,14.670000076293944,13.43000030517578,13.609999656677246,645800,0.0,0,-0.0058436761255046266,0.4856832353455469,14.690999937057494,16.12102821202299,13.260971662092,14.585000038146973,14.670000076293945,13.230000019073486,12.775000095367432,11.489999771118164
2021-11-05,13.960000038146973,14.40999984741211,13.90999984741211,14.050000190734863,646400,0.0,0,0.03232920978375975,0.5013849905494883,14.662499952316285,16.119810081109872,13.205189823522696,14.585000038146973,14.805000305175781,13.230000019073486,12.775000095367432,11.119999885559082
2021-11-08,14.109999656677246,14.649999618530272,14.029999732971191,14.210000038146973,673000,0.0,0,0.01138788934092827,0.5070947073390683,14.647999954223632,16.117340991910506,13.178658916536758,14.275000095367432,14.805000305175781,13.230000019073486,12.775000095367432,11.300000190734863
2021-11-09,14.329999923706056,14.4399995803833,13.770000457763672,14.43000030517578,634300,0.0,0,0.015482073640971983,0.5149455849410388,14.642999982833862,16.11461661642807,13.171383349239655,13.960000038146973,14.805000305175781,13.474999904632568,12.855000019073486,11.18000030517578
2021-11-10,14.229999542236328,14.390000343322754,13.329999923706056,13.350000381469728,931800,0.0,0,-0.07484406797404397,0.47640496257877785,14.554500007629395,16.11206531119665,12.99693470406214,13.960000038146973,14.805000305175781,13.610000133514404,12.990000247955322,10.9399995803833
2021-11-11,13.5,13.6899995803833,13.229999542236328,13.289999961853027,668700,0.0,0,-0.0044944133260088615,0.47426380176638705,14.467999982833863,16.10361405595892,12.832385909708806,13.949999809265137,14.795000076293945,13.712500095367432,12.990000247955322,10.93000030517578
2021-11-12,13.15999984741211,13.1899995803833,12.789999961853027,12.84000015258789,495300,0.0,0,-0.033860030892159054,0.4582052147875444,14.345499992370605,16.081534190987615,12.609465793753598,13.730000019073486,14.575000286102295,13.785000085830688,12.990000247955322,11.649999618530272
2021-11-15,12.760000228881836,12.890000343322754,12.5,12.789999961853027,891800,0.0,0,-0.0038940958053482744,0.45642091978265154,14.201999998092651,15.95425355027388,12.449746445911423,13.585000038146973,14.430000305175781,13.785000085830688,12.990000247955322,11.710000038146973
2021-11-16,12.800000190734863,13.0600004196167,12.640000343322754,12.789999961853027,614400,0.0,0,0.0,0.45642091978265154,14.083500003814697,15.881042916470353,12.285957091159041,13.585000038146973,14.430000305175781,13.785000085830688,12.990000247955322,11.600000381469728
2021-11-17,12.5,12.81999969482422,12.079999923706056,12.220000267028809,724100,0.0,0,-0.0445660435124533,0.4360800452116239,13.917500019073486,15.759492476000245,12.075507562146727,13.364999771118164,14.220000267028809,13.785000085830688,12.990000247955322,11.75
2021-11-18,12.25,12.390000343322754,11.729999542236328,11.890000343322754,550100,0.0,0,-0.02700490315016102,0.42430374582496616,13.76700005531311,15.751268229288259,11.782731881337961,13.1899995803833,14.045000076293945,13.867500305175781,12.990000247955322,11.640000343322754
2021-11-19,11.329999923706056,11.470000267028809,11.020000457763672,11.119999885559082,1391400,0.0,0,-0.06476033940538051,0.39682569123436706,13.55300006866455,15.704654650001041,11.40134548732806,12.730000019073486,13.690000534057617,14.022500038146973,13.144999980926514,11.5
2021-11-22,11.149999618530272,11.789999961853027,11.119999885559082,11.399999618530272,1181100,0.0,0,0.02517983236086274,0.4068176956161319,13.345500040054322,15.487089341818884,11.20391073828976,12.705000400543213,13.690000534057617,14.057499885559082,13.179999828338623,11.279999732971191
2021-11-23,11.699999809265137,12.270000457763672,11.699999809265137,12.020000457763672,967100,0.0,0,0.0543860403491252,0.428942899224649,13.16850004196167,15.12385522476044,11.213144859162899,12.355000019073486,13.470000267028809,14.412500381469727,13.535000324249268,11.3100004196167
2021-11-24,11.850000381469728,12.170000076293944,11.75,11.789999961853027,888300,0.0,0,-0.019134815902780433,0.42073515581518045,13.036000061035157,14.987858467692046,11.084141654378268,12.105000019073486,13.470000267028809,14.412500381469727,13.535000324249268,12.170000076293944
2021-11-26,11.0,11.100000381469728,10.609999656677246,11.0600004196167,766400,0.0,0,-0.0619168400846708,0.3946845644545729,12.88550009727478,14.957081711716281,10.81391848283328,11.835000038146973,13.264999866485596,14.62250018119812,13.535000324249268,12.380000114440918
2021-11-29,11.460000038146973,11.579999923706056,10.970000267028809,11.020000457763672,1046400,0.0,0,-0.0036166329417204324,0.3932571352571779,12.756500101089477,14.952991656240497,10.560008545938457,11.835000038146973,13.264999866485596,14.62250018119812,13.535000324249268,11.989999771118164
2021-11-30,10.710000038146973,10.779999732971191,10.220000267028809,10.6899995803833,1636400,0.0,0,-0.02994563191219135,0.38148080183792366,12.599000072479248,14.912078945135345,10.28592119982315,11.519999980926514,13.070000171661377,14.62250018119812,13.535000324249268,12.539999961853027
2021-12-01,11.31999969482422,11.420000076293944,10.520000457763672,10.630000114440918,1406700,0.0,0,-0.005612672431950738,0.3793396750581295,12.444500064849853,14.849413492812062,10.039586636887645,11.305000305175781,13.070000171661377,14.62250018119812,13.535000324249268,12.84000015258789
2021-12-02,10.68000030517578,11.399999618530272,10.5,11.390000343322754,1026700,0.0,0,0.0714957874599993,0.4064608638412307,12.329500102996827,14.704643847099717,9.954356358893936,11.24500036239624,12.760000228881836,14.77500033378601,13.535000324249268,12.800000190734863
2021-12-03,11.720000267028809,11.829999923706056,11.079999923706056,11.170000076293944,2397900,0.0,0,-0.01931521162400862,0.39860998623926,12.20750012397766,14.557271578128793,9.857728669826527,11.24500036239624,12.445000171661377,14.825000286102295,13.535000324249268,13.510000228881836
2021-12-06,11.5,12.100000381469728,11.399999618530272,11.84000015258789,1201100,0.0,0,0.05998210131760762,0.4225194508200734,12.09700012207031,14.290846747015948,9.903153497124674,11.24500036239624,12.445000171661377,14.625000238418579,13.535000324249268,13.279999732971191
2021-12-07,12.119999885559082,12.539999961853027,12.119999885559082,12.220000267028809,1141400,0.0,0,0.03209460384659368,0.436080045211624,11.997500133514404,13.965559636042736,10.029440630986072,11.380000114440918,12.445000171661377,14.602499961853027,13.535000324249268,13.359999656677246
2021-12-08,12.270000457763672,12.5600004196167,12.079999923706056,12.34000015258789,892300,0.0,0,0.009819957687141612,0.440362332803809,11.89300012588501,13.522862218465448,10.263138033304571,11.390000343322754,12.445000171661377,14.674999952316284,13.535000324249268,13.800000190734863
2021-12-09,11.970000267028809,12.029999732971191,11.779999732971191,11.949999809265137,1386500,0.0,0,-0.03160456551866131,0.4264448726047605,11.823000097274779,13.308959346348601,10.337040848200957,11.390000343322754,12.445000171661377,14.674999952316284,13.535000324249268,13.420000076293944
2021-12-10,12.199999809265137,12.3100004196167,11.8100004196167,12.1899995803833,811200,0.0,0,0.02008366317563337,0.43500944778913037,11.768000078201293,13.105140825348172,10.430859331054414,11.390000343322754,12.445000171661377,14.627500057220459,13.915000438690186,13.119999885559082
2021-12-13,11.960000038146973,12.029999732971191,11.399999618530272,11.489999771118164,636000,0.0,0,-0.05742410445949553,0.4100294198184199,11.700500059127807,12.946611593827573,10.45438852442804,11.53000020980835,12.434999942779541,14.627500057220459,13.990000247955322,12.859999656677246
2021-12-14,11.369999885559082,11.760000228881836,11.100000381469728,11.119999885559082,638900,0.0,0,-0.032201905389861896,0.3968256912343672,11.61700005531311,12.780070392163932,10.453929718462287,11.53000020980835,12.434999942779541,14.695000171661377,13.990000247955322,12.350000381469728
2021-12-15,10.979999542236328,11.43000030517578,10.539999961853027,11.300000190734863,749100,0.0,0,0.016187077970166053,0.40324913963894293,11.542500066757201,12.578071434402897,10.506928699111505,11.550000190734863,12.329999923706055,14.540000200271606,13.990000247955322,12.850000381469728
2021-12-16,11.4399995803833,11.6899995803833,11.119999885559082,11.18000030517578,790700,0.0,0,-0.01061945871978609,0.3989668520467579,11.490500068664549,12.488115370350027,10.49288476697907,11.550000190734863,12.305000305175781,14.382500171661377,13.990000247955322,13.760000228881836
2021-12-17,11.06999969482422,11.25,10.59000015258789,10.9399995803833,2726500,0.0,0,-0.02146696943124149,0.3904022428297915,11.443000030517577,12.45052999028463,10.435470070750524,11.550000190734863,11.954999923706055,14.382500171661377,13.990000247955322,
2021-12-20,10.640000343322754,11.029999732971191,10.25,10.93000030517578,927600,0.0,0,-0.0009140105659100062,0.39004541105489016,11.433500051498411,12.456665419134398,10.410334683862425,11.40500020980835,11.704999923706055,14.372499942779541,13.990000247955322,
2021-12-21,11.130000114440918,11.68000030517578,11.09000015258789,11.649999618530272,582800,0.0,0,0.0658736773331603,0.4157391366079999,11.446000051498412,12.473368365237295,10.41863173775953,11.28000020980835,11.640000343322754,14.15250015258789,13.990000247955322,
2021-12-22,11.510000228881836,11.800000190734863,11.369999885559082,11.710000038146973,514500,0.0,0,0.005150250779516474,0.41788029742039073,11.430500030517578,12.431494162280993,10.429505898754163,11.28000020980835,11.640000343322754,14.007500171661377,13.990000247955322,
2021-12-23,11.8100004196167,11.979999542236328,11.600000381469728,11.600000381469728,369500,0.0,0,-0.00939365126549141,0.41395487563570377,11.421000051498414,12.411607073214851,10.430393029781976,11.139999866485596,11.519999980926514,14.007500171661377,13.990000247955322,
2021-12-27,11.600000381469728,11.779999732971191,11.3100004196167,11.75,474900,0.0,0,0.012931001172197032,0.4193077266177857,11.455500030517578,12.441413241817038,10.469586819218119,11.114999771118164,11.390000343322754,13.792500019073486,13.990000247955322,
2021-12-28,11.720000267028809,11.979999542236328,11.56999969482422,11.640000343322754,424000,0.0,0,-0.009361672908701824,0.4153823048330986,11.486500024795532,12.454319301649038,10.518680747942026,11.114999771118164,11.390000343322754,13.617499828338623,13.990000247955322,
2021-12-29,11.579999923706056,11.600000381469728,11.380000114440918,11.5,421800,0.0,0,-0.012027520549263926,0.41038628562591795,11.527000045776367,12.422436557720639,10.631563533832095,11.114999771118164,11.390000343322754,13.210000276565552,13.690000534057617,
2021-12-30,11.5,11.649999618530272,11.279999732971191,11.279999732971191,439500,0.0,0,-0.019130458002505124,0.40253540802394727,11.559500026702882,12.363979524778017,10.755020528627746,11.114999771118164,11.390000343322754,13.197500467300415,13.690000534057617,
2021-12-31,11.25,11.399999618530272,11.100000381469728,11.3100004196167,414700,0.0,0,0.002659635403874816,0.40360600544644093,11.555500030517578,12.364140825637827,10.746859235397329,11.114999771118164,11.390000343322754,12.912500143051147,13.690000534057617,
2022-01-03,11.390000343322754,12.18000030517578,11.390000343322754,12.170000076293944,569900,0.0,0,0.0760388704482815,0.4342957502067312,11.605500030517579,12.436217714110024,10.774782346925134,11.635000228881836,11.390000343322754,12.787500143051147,13.690000534057617,
2022-01-04,12.369999885559082,12.710000038146973,12.31999969482422,12.380000114440918,843600,0.0,0,0.017255549451970387,0.44178976200120407,11.63250002861023,12.525421592390327,10.739578464830132,11.90500020980835,11.46500015258789,12.549999952316284,13.485000133514404,
2022-01-05,12.5,12.75,11.989999771118164,11.989999771118164,594900,0.0,0,-0.031502450704166796,0.4278723018021556,11.621000003814697,12.488656704144947,10.753343303484446,11.925000190734863,11.485000133514404,12.549999952316284,13.485000133514404,
2022-01-06,12.479999542236328,12.670000076293944,12.229999542236328,12.539999961853027,666600,0.0,0,0.04587157641651651,0.44749947879078394,11.630999994277953,12.535798858214738,10.726201130341169,11.925000190734863,11.5,12.295000076293945,13.290000438690186,
2022-01-07,12.5600004196167,13.0,12.5600004196167,12.84000015258789,552200,0.0,0,0.023923460258969076,0.4582052147875446,11.675500011444091,12.71742845150776,10.633571571380424,12.050000190734863,11.625,12.187500238418579,13.290000438690186,
2022-01-10,12.75,12.869999885559082,12.43000030517578,12.800000190734863,426600,0.0,0,-0.0031152617895386925,0.4567777855901496,11.70600004196167,12.839137419614456,10.572862664308882,12.050000190734863,11.625,12.002500295639038,13.290000438690186,
2022-01-11,13.140000343322754,13.65999984741211,12.829999923706056,13.510000228881836,651900,0.0,0,0.05546875215368341,0.48211467936835795,11.807000064849854,13.182254594136374,10.431745535563334,12.380000114440918,11.954999923706055,11.845000267028809,13.290000438690186,
2022-01-12,13.609999656677246,13.65999984741211,13.260000228881836,13.279999732971191,586900,0.0,0,-0.017024462769360094,0.47390693595888933,11.915000057220459,13.393995398631677,10.43600471580924,12.380000114440918,11.954999923706055,11.845000267028809,13.290000438690186,
2022-01-13,13.329999923706056,13.770000457763672,13.270000457763672,13.359999656677246,599500,0.0,0,0.006024090761646228,0.4767617943536793,12.018000030517578,13.596046303886899,10.439953757148258,12.580000400543213,12.010000228881836,11.912500143051147,13.290000438690186,
2022-01-14,13.300000190734863,13.84000015258789,13.279999732971191,13.800000190734863,615100,0.0,0,0.03293417255723563,0.4924635495576207,12.149000024795532,13.85806584149171,10.439934208099354,12.914999961853027,12.045000076293945,11.917500257492065,13.290000438690186,
2022-01-18,14.020000457763672,14.220000267028809,13.369999885559082,13.420000076293944,632600,0.0,0,-0.02753623979628972,0.47890295516607,12.273000049591065,13.97294625363904,10.57305384554309,13.105000019073486,12.235000133514404,11.917500257492065,13.290000438690186,
2022-01-19,13.56999969482422,13.739999771118164,12.960000038146973,13.119999885559082,642300,0.0,0,-0.02235470857148525,0.46819721916930945,12.38250002861023,14.001667980746985,10.763332076473473,13.224999904632568,12.235000133514404,11.917500257492065,13.290000438690186,
2022-01-20,12.949999809265137,13.479999542236328,12.829999923706056,12.859999656677246,642300,0.0,0,-0.019817090788850744,0.4589189123699438,12.443000030517577,14.038154512215662,10.847845548819492,13.325000286102295,12.235000133514404,11.982500076293945,13.290000438690186,
2022-01-21,12.630000114440918,12.84000015258789,12.260000228881836,12.350000381469728,771000,0.0,0,-0.03965779850878248,0.440719198611307,12.475000047683716,14.034965278486151,10.915034816881281,13.240000247955322,12.235000133514404,11.982500076293945,13.290000438690186,
2022-01-24,11.800000190734863,12.90999984741211,11.59000015258789,12.850000381469728,876300,0.0,0,0.04048582870897821,0.4585620805950425,12.537500047683716,14.051213103830205,11.023786991537227,12.90500020980835,12.235000133514404,11.940000057220459,13.290000438690186,
2022-01-25,12.699999809265137,13.779999732971191,12.470000267028809,13.760000228881836,423571,0.0,0,0.07081710664572172,0.49103612036022565,12.638000059127808,14.195969366630973,11.080030751624644,12.90500020980835,12.235000133514404,11.927500247955322,13.290000438690186,
