Date,Open,High,Low,Close,Volume,Dividends,Stock Splits,daily_return,cum_return,middle_band,upper_band,lower_band,Conversion,Baseline,SpanA,SpanB,Lagging
2017-01-25,17.455916362332914,17.455916362332914,17.191931750645068,17.277727127075195,342700,0.0,0,,,,,,,,,,18.188854217529297
2017-01-26,17.277726775671688,17.469114230603726,17.106137285073235,17.12593650817871,319400,0.0,0,-0.008785334886937779,0.9912146651130622,,,,,,,,18.33645820617676
2017-01-27,17.198532703174347,17.224931669711278,16.743161859360296,16.93454933166504,222800,0.0,0,-0.01117528238074883,0.9801375613304844,,,,,,,,18.21569061279297
2017-01-30,16.92135142589249,17.013746558613306,16.70356496674763,16.809158325195312,359900,0.0,0,-0.007404448976700229,0.9728801827674654,,,,,,,,17.631986618041992
2017-01-31,16.762958526611328,17.079738547876758,16.710161856400422,16.762958526611328,596200,0.0,0,-0.0027484897036597067,0.9702062316022344,,,,,,,,17.33677864074707
2017-02-01,16.69036357858264,17.059940263123288,16.40658100948519,16.743160247802734,540600,0.0,0,-0.001181073065185001,0.9690603471544144,,,,,,,,17.423999786376953
2017-02-02,16.749758475299934,17.046740521878885,16.723360770477285,17.00054359436035,527800,0.0,0,0.015372447181313698,0.9839571761565511,,,,,,,,17.430707931518555
2017-02-03,17.066543270302237,17.297527955613358,16.941150684867537,17.23153305053711,349000,0.0,0,0.013587180603647608,0.9973263800152452,,,,,,,,17.28310203552246
2017-02-06,17.185334503798767,17.317325560360356,17.020344739017773,17.06654167175293,279300,0.0,0,-0.009574968071632939,0.987777011769602,,,,16.937847620044458,,,,17.94731903076172
2017-02-07,17.040142705177406,17.158935537223243,16.98074628915449,17.06654167175293,394900,0.0,0,0.0,0.987777011769602,,,,16.937847620044458,,,,18.2022705078125
2017-02-08,17.046741153337287,17.099537823710182,16.868551918789294,16.98734474182129,969000,0.0,0,-0.004640479099683126,0.9831932531913377,,,,16.861953284922773,,,,18.28278350830078
2017-02-09,16.914750413777664,17.020345023070014,16.637567553968815,16.835556030273438,831200,0.0,0,-0.008935399490313634,0.974408028697892,,,,16.861953284922773,,,,18.088212966918945
2017-02-10,16.789357855140647,16.974145575499552,16.743160925050923,16.954347610473633,391400,0.0,0,0.007055993873120947,0.9812834457783042,,,,16.861953284922773,,,,17.980867385864258
2017-02-13,16.994604730220622,17.061697780400966,16.665850191999787,17.001314163208008,517100,0.42,0,0.0027701775269348694,0.9840017751273524,,,,16.861953284922773,,,,18.21569061279297
2017-02-14,16.99460197565957,17.054985583065285,16.612173315218907,16.800033569335938,337900,0.0,0,-0.011839119725677194,0.9723520603013408,,,,16.96474943778963,,,,18.48406219482422
2017-02-15,16.69268445601032,16.89396358016565,16.504825475764004,16.853708267211914,353700,0.0,0,0.0031949161086168854,0.9754586435620444,,,,16.91107551806218,,,,18.557865142822266
2017-02-16,16.840288911856923,17.229427004909535,16.840288911856923,17.088531494140625,498800,0.0,0,0.013933030239140276,0.9890497383398251,,,,16.91107551806218,,,,18.5712833404541
2017-02-17,17.189173194088347,17.222719076885117,16.766487904566027,16.98789405822754,376300,0.0,0,-0.0058891798834553866,0.9832250465170574,,,,16.86712624033677,,,,18.524322509765625
2017-02-21,17.021442200110148,17.491090984754905,16.947639718078676,17.39716148376465,350500,0.0,0,0.024091710493031604,1.006912619687244,,,,16.997958230259457,,,,18.604829788208008
2017-02-22,17.330069297938834,17.59844022820418,17.276395111885765,17.571603775024414,327700,0.0,0,0.010027054782618228,1.0170089876861577,17.024807262420655,17.44880474532757,16.60080977951374,17.051632851984092,,,,18.5712833404541
2017-02-23,17.752752884119253,17.80642834844776,16.947640114594215,17.497800827026367,749800,0.0,0,-0.004200125893058626,1.0127374219035037,17.035810947418213,17.495794542906292,16.575827351930133,17.15562691210588,,,,18.739013671875
2017-02-24,17.638693172346812,18.20227136927012,17.484378799690095,18.09492301940918,533200,0.0,0,0.03412555659340466,1.0472976501089304,17.084260272979737,17.737903992721776,16.430616553237698,17.353548422517065,,,,18.59140968322754
2017-02-27,18.182145106819664,18.55115491479416,18.12176149755935,18.33645820617676,749700,0.0,0,0.013348229583983517,1.0612772195853508,17.15435571670532,18.002814763218705,16.305896670191938,17.52799019527908,,,,18.718891143798828
2017-02-28,18.390133209369296,18.531028730536462,18.19556478833025,18.249238967895508,674800,0.0,0,-0.004756602245676533,1.0562291459793858,17.22635974884033,18.184066798734342,16.26865269894632,17.52799019527908,,,,18.819530487060547
2017-03-01,18.35658674982371,18.403551495504885,18.135180606117213,18.222400665283203,507800,0.0,0,-0.0014706532507750003,1.054675799152288,17.299331855773925,18.325413367753008,16.273250343794842,17.658821409680094,,,,19.040935516357425
2017-03-02,18.17543458463228,18.26936406909559,18.000993199419522,18.25594520568848,415500,0.0,0,0.0018408408980483681,1.0566172894975494,17.374971103668212,18.448372401613057,16.301569805723368,17.658821409680094,17.478867962139674,,,19.13486099243164
2017-03-03,18.115051745361157,18.1955636495167,17.91377390451224,18.188854217529297,477300,0.0,0,-0.0036750213370643214,1.0527341984135348,17.43438663482666,18.549510061367005,16.319263208286312,17.74939731643642,17.478867962139674,,,18.96713256835937
2017-03-06,18.12176149755935,18.37000408701323,17.860100043893556,18.33645820617676,551500,0.0,0,0.00811507898640551,1.0612772195853508,17.489632892608643,18.66749802427593,16.311767760941358,17.749397514694188,17.478867962139674,,,18.85307502746582
2017-03-07,18.26936478884275,18.4303873169921,18.17543530067896,18.21569061279297,309600,0.0,0,-0.0065862006733181655,1.0542874348471405,17.547090339660645,18.74892613142321,16.34525454789808,17.749397514694188,17.478867962139674,,,18.9067497253418
2017-03-08,18.135182570021225,18.162019022019507,17.61856775219611,17.631986618041992,492800,0.0,0,-0.03204402222010938,1.0205038248585165,17.575362586975096,18.75686300237305,16.393862171577144,18.01776685724213,17.478867962139674,,,18.72559356689453
2017-03-09,17.59844013642954,17.79300985966571,17.323359774380396,17.33677864074707,295500,0.0,0,-0.016742751891204888,1.003417782514885,17.592834281921387,18.748822116235477,16.436846447607298,17.93725734458728,17.478867962139674,,,19.027515411376957
2017-03-10,17.45083752076399,17.819847410730468,17.256267785538807,17.423999786376953,269000,0.0,0,0.005030989172630118,1.0084659665143418,17.622256469726562,18.727978435552775,16.51653450390035,17.893648258037636,17.52799019527908,,,19.040935516357425
2017-03-13,17.437417364619364,17.564894034147656,17.29652310858297,17.430707931518555,323800,0.0,0,0.00038499456059715165,1.0088542204259972,17.646074485778808,18.712633605862624,16.57951536569499,17.843327551265453,17.52799019527908,,,19.168413162231445
2017-03-14,17.430705705812322,17.524636477536188,17.256264306546115,17.28310203552246,297000,0.0,0,-0.00846815267492318,1.0003110888606892,17.66016387939453,18.699072204084658,16.621255554704405,17.843325811769105,17.52799019527908,,,19.30259323120117
2017-03-15,17.423994874969566,18.12176041602577,17.417285443264035,17.94731903076172,567800,0.0,0,0.038431584438607835,1.0387546289371146,17.71752815246582,18.683505001036224,16.75155130389542,17.843325811769105,17.52799019527908,,,19.36968994140625
2017-03-16,17.94731850888218,18.235817665364657,17.88022547347108,18.2022705078125,469700,0.0,0,0.014205546611936626,1.0535107062368456,17.78495626449585,18.685714151545774,16.884198377445927,17.843325811769105,17.52799019527908,,,18.826234817504883
2017-03-17,18.121760981423897,18.356585979671003,18.021122062087503,18.28278350830078,747600,0.0,0,0.004423239422451486,1.058170636324647,17.844668865203857,18.710112028045657,16.979225702362058,17.843325811769105,17.52799019527908,,,19.087900161743164
2017-03-20,18.276073212576165,18.3901309903514,17.974156468836938,18.088212966918945,392500,0.0,0,-0.010642282193709551,1.046909285803783,17.899684810638426,18.674491300753004,17.124878320523848,17.823197648448755,17.52799019527908,,,19.054349899291992
2017-03-21,18.108344046438525,18.235820707012795,17.880228455808123,17.980867385864258,546700,0.0,0,-0.005934559773870918,1.0406963400693598,17.928870105743407,18.668568948789073,17.18917126269774,17.823197648448755,17.52799019527908,,,19.168413162231445
2017-03-22,17.960738596479825,18.222400044760853,17.70578530047338,18.21569061279297,696600,0.0,0,0.013059616195897128,1.0542874348471405,17.961074447631837,18.691681384284998,17.230467510978677,17.823197648448755,17.52799019527908,,,18.24252700805664
2017-03-23,18.182145422966336,18.779270814152827,17.913774532528212,18.48406219482422,823600,0.0,0,0.014732989692016973,1.0698202407571664,18.01038751602173,18.74241250756095,17.27836252448251,18.01776756034947,17.642048144958416,,,18.108341217041016
2017-03-24,18.54444627803483,18.698760663703585,18.128471707171343,18.557865142822266,521000,0.0,0,0.003992788339497899,1.0740918065398204,18.033534622192384,18.803503245319856,17.263565999064912,18.01776756034947,17.77287935935943,,,17.980867385864258
2017-03-27,18.497480866467868,18.67192226335776,18.383423079258836,18.5712833404541,665200,0.0,0,0.000723046402620664,1.0748684247566234,18.04527587890625,18.840391366671827,17.25016039114067,18.09827812870843,17.77287935935943,,,18.04125022888184
2017-03-28,18.49077534191277,18.61154258679585,18.323043341729285,18.524322509765625,416200,0.0,0,-0.0025286798885988393,1.0721504265880515,18.059030055999756,18.8772182743262,17.24084183767331,18.242528057313102,17.86345526611575,,,17.826553344726562
2017-03-29,18.52431915931015,18.604829788208008,18.33645889239285,18.604829788208008,381700,0.0,0,0.004346030922315336,1.0768100254953767,18.078151512145997,18.928321324187028,17.227981700104966,18.242528057313102,17.863455464373523,,,17.900354385375977
2017-03-30,18.6115386536769,18.66521283120507,18.46393498539776,18.5712833404541,294400,0.0,0,-0.0018031042549589982,1.0748684247566236,18.09391841888428,18.96830983354331,17.21952700422525,18.242528057313102,17.863455464373523,,,16.981182098388672
2017-03-31,18.55115342705387,18.792687844724863,18.45051451292203,18.739013671875,535600,0.0,0,0.009031703859448958,1.084576318056898,18.121426391601563,19.04002254021064,17.202830242992487,18.249236572599123,18.02447607563549,,,16.075429916381836
2017-04-03,18.72559576203001,18.792688801431247,18.44380602029945,18.59140968322754,521200,0.0,0,-0.00787682805680412,1.076033296885082,18.134173965454103,19.07144301458839,17.196904916319816,18.249237050952313,18.02447655398868,,,16.135812759399414
2017-04-04,18.591414464124394,18.812821934992755,18.484066085354435,18.718891143798828,698300,0.0,0,0.006857008841362866,1.0834116667154239,18.159333992004395,19.130774831741885,17.187893152266906,18.36329823376048,18.034543120769435,,,16.39076805114746
2017-04-05,18.739019841126687,18.940297735654983,18.692055084382996,18.819530487060547,772900,0.0,0,0.005376351755486342,1.0892364689316838,18.218711185455323,19.199189929040404,17.23823244187024,18.53438472141316,18.098281021100547,,,16.31696891784668
2017-04-06,18.82623876742921,19.14828517051509,18.638379751963807,19.040935516357425,536300,0.0,0,0.011764641495658257,1.1020509454926617,18.30391902923584,19.258594846297505,17.349243212174173,18.735664256122188,18.202274738530605,,,16.270002365112305
2017-04-07,19.034222079268048,19.38310355958896,18.812815958430853,19.13486099243164,712400,0.0,0,0.004932818347792134,1.1074871626167895,18.389462089538576,19.319447515050733,17.45947666402642,18.853073450659124,18.319683933067537,17.568844685909884,,15.996782302856444
2017-04-10,19.201957595837914,19.201957595837914,18.846365338245075,18.96713256835937,394800,0.0,0,-0.00876559407139721,1.0977793797100073,18.466283321380615,19.316356988735233,17.616209654025997,18.859781225990908,18.319683933067537,17.614132639288044,,16.03093719482422
2017-04-11,18.88662091197905,18.9402950950163,18.69205247835407,18.85307502746582,554800,0.0,0,-0.006013430890646099,1.0911779592769448,18.544781970977784,19.211795994956095,17.877767946999473,18.913454789944204,18.319683933067537,17.61413273841693,,16.433929443359375
2017-04-12,18.819528375722776,18.947005043792537,18.732308305797257,18.9067497253418,479600,0.0,0,0.0028469996431768063,1.0942845425376486,18.59275350570679,19.217188378041428,17.96831863337215,18.913454789944204,18.319683933067537,17.61413273841693,,16.44759178161621
2017-04-13,18.88661607476542,19.05434801375924,18.64508295280565,18.72559356689453,401200,0.0,0,-0.009581560081924345,1.083799589446603,18.61891965866089,19.218827111979266,18.019012205342513,18.913454789944204,18.319683933067537,17.7483174096909,,16.761795043945312
2017-04-17,18.792690393426412,19.054351861594885,18.759143231037253,19.027515411376957,452400,0.0,0,0.01612348593404267,1.1012742168823666,18.656156253814697,19.260468032282372,18.05184447534702,18.933584822471698,18.319683933067537,17.708062653363477,,16.830095291137695
2017-04-18,19.027517929319583,19.12815687041799,18.960424875356125,19.040935516357425,419600,0.0,0,0.0007052999138523752,1.1020509454926615,18.703792381286622,19.27012583754648,18.137458925026763,19.010741655776386,18.319683933067537,17.71081922665836,,16.73447036743164
2017-04-19,18.940297535012625,19.235506219594683,18.940297535012625,19.168413162231445,486900,0.0,0,0.00669492555996043,1.1094290945360188,18.76316967010498,19.257593895276916,18.268745444933042,19.010741655776386,18.319683933067537,17.685658873272267,,16.153884887695312
2017-04-20,19.228790763247886,19.463615750622967,19.12144241696669,19.30259323120117,444400,0.0,0,0.007000061394445867,1.1171951663105555,18.81751480102539,19.297871060349088,18.33715854170169,19.054349351714308,18.4404505969435,17.685658003524093,,15.93531322479248
2017-04-21,18.96042349377521,19.52400305849244,18.96042349377521,19.36968994140625,568800,0.0,0,0.0034760464255458867,1.1210785885750465,18.861796188354493,19.373634416161504,18.34995796054748,19.084543005649046,18.61489417948291,17.685658003524093,,16.160717010498047
2017-04-24,19.517290952859245,19.517290952859245,18.618247545580093,18.826234817504883,723300,0.0,0,-0.028056986226693947,1.0896245020563549,18.875214672088624,19.367991384630233,18.382437959547016,19.071125302036265,18.61489417948291,17.685658003524093,,16.003612518310547
2017-04-25,18.893330447368644,19.154991931133782,18.81281981222251,19.087900161743164,284800,0.0,0,0.013898973787099589,1.1047691644482176,18.901045513153075,19.38125349309716,18.420837533208992,19.071125302036265,18.61489417948291,17.685658003524093,,16.02410888671875
2017-04-26,19.04764046750513,19.255629013818133,18.853072064459116,19.054349899291992,497900,0.0,0,-0.0017576717274755405,1.1028273429224802,18.927546882629393,19.379007610677466,18.47608615458132,19.071125302036265,18.61489417948291,17.675593921863918,,15.96946144104004
2017-04-27,19.168413162231445,19.35627346690978,19.067774216033406,19.168413162231445,309700,0.0,0,0.005986205960440083,1.109429094536019,18.955726051330565,19.393080373927205,18.518371728733925,19.071125302036265,18.61489417948291,17.675593921863918,,15.86017608642578
2017-04-28,19.087896178856884,19.087896178856884,17.980864299196647,18.24252700805664,1355900,0.0,0,-0.04830270228101763,1.0558406712807467,18.939288234710695,19.452267362856112,18.426309106565277,18.752433678844543,18.718888795510324,17.675593921863918,,15.648435592651367
2017-05-01,18.349875635191143,18.40354980814748,17.920480971847226,18.108341217041016,584900,0.0,0,-0.007355658070636983,1.0480742683257336,18.907754611968993,19.532753113930053,18.282756110007934,18.722242015169833,18.722242015169833,17.829907852653943,,15.627946853637695
2017-05-02,18.18885595829949,18.22240184175373,17.83326370709482,17.980867385864258,648600,0.0,0,-0.0070395090112835845,1.04069634006936,18.87722749710083,19.612296048258486,18.142158945943173,18.678633382793628,18.678633382793628,17.89532345985445,,15.388885498046877
2017-05-03,17.88693712407711,18.12176213730229,17.759460468950287,18.04125022888184,608200,0.0,0,0.0033581718680073536,1.0441911772417192,18.84334545135498,19.663050454046356,18.023640448663606,18.641731763721364,18.641731763721364,17.93557874403393,,15.61428165435791
2017-05-04,17.91377468466806,17.980866448077382,17.625275495111875,17.826553344726562,490200,0.0,0,-0.011900332927680002,1.0317649545923966,18.79369659423828,19.726901020985068,17.860492167491493,18.57128322398556,18.57463927680216,18.052991661714426,,15.880669593811035
2017-05-05,17.853389642876383,17.95402855961741,17.793006036893118,17.900354385375977,344400,0.0,0,0.004139950063383635,1.0360364099815584,18.736667537689208,19.740021399116312,17.733313676262103,18.490774481010828,18.57463927680216,18.052991760843312,,15.901159286499023
2017-05-08,17.64540046051635,17.772877099619606,16.940926789085143,16.981182098388672,4703600,0.0,0,-0.051349390475656675,0.9828365718184179,18.628983592987062,19.874319810365314,17.38364737560881,18.14860012799746,18.23246492378879,18.052991760843312,,15.97629451751709
2017-05-09,17.289810189198736,17.289810189198736,15.874152082716968,16.075429916381836,3271900,0.0,0,-0.053338582482593044,0.9304134622655722,18.484398460388185,20.14620837013417,16.8225885506422,17.615212774813372,17.699077570604704,18.136856324117307,,16.010446548461914
2017-05-10,16.149231622260732,16.504823809926442,16.00162796986584,16.135812759399414,2491400,0.0,0,0.0037562194810132343,0.9339082994379311,18.348535346984864,20.29140292621467,16.40566776775506,17.481024130786928,17.699077570604704,18.136856802470497,,16.16754722595215
2017-05-11,16.062013548765748,16.56520945072225,15.854024987911178,16.39076805114746,3116700,0.0,0,0.015800585663063638,0.9486645975246462,18.222736263275145,20.325757753372365,16.119714773177925,17.12878739802933,17.689014023201807,18.198920677264958,,16.358797073364258
2017-05-12,16.45786446469137,16.518248087668578,16.25658529486947,16.31696891784668,1402900,0.0,0,-0.0045024817061952715,0.9443932525289763,18.102305030822755,20.348916859442348,15.855693202203163,17.038213414832455,17.689014023201807,18.316332871256854,,16.51589584350586
2017-05-15,16.316967115642086,16.57192044665157,16.249874066445194,16.270002365112305,1449400,0.0,0,-0.002878387093267376,0.9416749231799281,17.96442937850952,20.304543443194753,15.62431531382429,16.987893562606736,17.689014023201807,18.4689694973264,,16.686655044555664
2017-05-16,16.317810341871446,16.447588188619733,15.989951752733456,15.996782302856444,1659700,0.43,0,-0.016792871698760536,0.9258614970130273,17.812221717834472,20.24757469369609,15.376868741972853,16.91744571799428,17.689014023201807,18.58637869186333,17.894842284537077,16.830095291137695
2017-05-17,15.969463533304332,16.24268038574582,15.928481526555911,16.03093719482422,1638500,0.0,0,0.002135110131596729,0.9278383132757552,17.655347919464113,20.125386975301772,15.185308863626455,16.904026773764294,17.689014023201807,18.589732579529223,17.894842284537077,17.041837692260742
2017-05-18,16.05142770121914,16.529555855990242,16.003615146300913,16.433929443359375,1422400,0.0,0,0.0251384085432802,0.9511626918569891,17.51191473007202,19.914187480761992,15.109641979382051,16.81345104376539,17.689014023201807,18.61656936150587,17.894842284537077,17.028173446655273
2017-05-19,16.543216898638992,16.59103075994489,16.317813906517788,16.44759178161621,1169800,0.0,0,0.0008313494532103949,0.9519534404407786,17.365809822082518,19.649624079035295,15.081995565129743,16.571917588554957,17.689014023201807,18.61656936150587,17.894842284537077,16.686655044555664
2017-05-22,16.49540867217458,16.8574201860813,16.399783530038594,16.761795043945312,1591800,0.0,0,0.019103298920653655,0.9701388915720635,17.26258783340454,19.456955489202645,15.068220177606438,16.355722586996237,17.689014023201807,18.61656936150587,17.894842284537077,16.754961013793945
2017-05-23,16.79594383232854,16.90523006387141,16.659335391502633,16.830095291137695,3486200,0.0,0,0.004074757328395684,0.9740919721300584,17.14969758987427,19.181417597058893,15.117977582689646,16.379627525891294,17.689014023201807,18.62663437776962,17.894842284537077,16.263172149658203
2017-05-24,16.87107880991629,17.13746383968724,16.727639815027942,16.73447036743164,775000,0.0,0,-0.0056817814784689835,0.9685573944044845,17.03370361328125,18.870781726220248,15.196625500342252,16.532972683121574,17.689014023201807,18.66521279442196,17.943964517676484,16.461252212524414
2017-05-25,16.768620214173563,16.809603524654772,16.147054335948443,16.153884887695312,964600,0.0,0,-0.03469398594569528,0.9349542777754161,16.882977199554443,18.46983699633715,15.296117402771737,16.532972683121574,17.689014023201807,18.66521279442196,17.943964517676484,16.700313568115234
2017-05-26,16.15388568023773,16.194867689935066,15.634775447157963,15.93531322479248,1805200,0.0,0,-0.013530594307337274,0.9223037907469274,16.767616510391235,18.274987233091693,15.260245787690778,16.386119643422603,17.5793892528252,18.747399974328903,17.984220613193486,16.03093719482422
2017-05-30,15.914822334884407,16.406611686111688,15.798705549488483,16.160717010498047,3768700,0.0,0,0.014144923449316282,0.9353497072640569,16.670235300064085,18.06481281950815,15.27565778062002,16.386119643422603,17.576033200008602,18.849718592565978,18.014414267128224,15.832852363586426
2017-05-31,16.194862706577823,16.26999745356522,15.887495774236475,16.003612518310547,1952000,0.0,0,-0.009721381302911558,0.9262568161081762,16.571372556686402,17.855062932409588,15.287682180963214,16.386119643422603,17.495524457033873,18.843009740759587,18.014414267128224,15.819195747375488
2017-06-01,15.99678797932619,16.05826164945281,15.641607063660098,16.02410888671875,1091200,0.0,0,0.0012807338583555872,0.9274431045740986,16.470515489578247,17.579769149516572,15.361261829639922,16.386119643422603,17.495524457033873,18.843009740759587,18.014414267128224,15.464014053344728
2017-06-02,16.133392052145105,16.249508808381165,15.942140541052083,15.96946144104004,922900,0.0,0,-0.0034103266562299783,0.9242802206324329,16.37766089439392,17.312832063595835,15.442489725192004,16.386119643422603,17.495524457033873,18.843009740759587,18.014414267128224,15.361559867858888
2017-06-05,15.983123399953753,16.010445604201927,15.648434214680057,15.86017608642578,1143000,0.0,0,-0.006843396379880962,0.9179550047165613,16.275651979446412,16.922038089922168,15.629265868970654,16.386119643422603,17.361335813007422,18.843009740759587,18.014414267128224,15.696248054504396
2017-06-06,15.84651768251014,15.894330241360322,15.63477448932431,15.648435592651367,1213300,0.0,0,-0.013350450374610578,0.9056998919799675,16.209014654159546,16.824445748294462,15.593583560024628,16.386119164505775,17.019162148735894,18.735661237177432,18.014414267128224,15.76455020904541
2017-06-07,15.627946853637695,15.723573291975258,15.511830059280824,15.627946853637695,1544000,0.0,0,-0.001309315483478346,0.9045140450880135,16.18664050102234,16.85101258309933,15.522268418945348,16.160716791967797,16.867115950517277,18.722242015169833,18.014414267128224,15.873834609985352
2017-06-08,15.641609467138863,15.675762235120814,15.327411818474252,15.388885498046877,3125200,0.0,0,-0.01529704175665103,0.8906776559708248,16.149294137954712,16.90022945806507,15.398358817844356,15.86701175229297,16.724586977888272,18.678633382793628,18.145245481529233,15.942142486572266
2017-06-09,15.402538494840591,15.867005511751168,15.35472594359291,15.61428165435791,4545400,0.0,0,0.01464668486484233,0.9037231309139859,16.110469818115234,16.887575553475372,15.333364082755097,15.86701175229297,16.654139133275816,18.641731763721364,18.145245481529233,15.97629451751709
2017-06-12,15.655266593623566,15.92165160217388,15.614284585260725,15.880669593811035,3185000,0.0,0,0.01706053120790063,0.9191411275922456,16.088654851913454,16.86584493521647,15.311464768610437,15.798704636019735,16.64072018904583,18.57296125039386,18.235821388285558,15.989954948425291
2017-06-13,15.91481908573739,15.91481908573739,15.566470103462718,15.901159286499023,1733800,0.0,0,0.0012902285112696976,0.9203270296809457,16.07021269798279,16.846812709793586,15.293612686171993,15.78846031342771,16.55014445904693,18.532706878906495,18.235821586543327,15.832852363586426
2017-06-14,16.017277828169803,16.18803771417249,15.867008294698934,15.97629451751709,1948000,0.0,0,0.004725141712268677,0.9246757053178195,16.06918830871582,16.846231783736,15.292144833695641,15.78846031342771,16.308611003836493,18.190532525893126,18.23246492378879,16.017274856567383
2017-06-15,15.880668676217894,16.0514285544568,15.730400452373674,16.010446548461914,1179900,0.0,0,0.0021376690888728067,0.926652355990309,16.068163776397704,16.845463048390272,15.290864504405134,15.75772476632337,16.232437829080745,17.657145172709036,17.699077570604704,15.914823532104492
2017-06-16,15.942144212268948,16.2016986845002,15.901162201452356,16.16754722595215,2430700,0.0,0,0.009812385745438634,0.9357450263592054,16.054844665527344,16.815386585780278,15.294302745274411,15.764555251487227,16.232437829080745,17.590050850695818,17.699077570604704,16.153884887695312
2017-06-19,16.167545538194187,16.39294852834718,16.058259318895434,16.358797073364258,1566200,0.0,0,0.01182924315848699,0.9468141818103533,16.050404930114745,16.802625782129045,15.298184078100443,15.860180173410715,16.232437829080745,17.40890071061557,17.689014023201807,16.0992431640625
2017-06-20,16.379287418045145,16.570538953131248,16.358797066182184,16.51589584350586,2368500,0.0,0,0.009603320429800721,0.9559067417857576,16.038109970092773,16.749947370810446,15.326272569375101,15.94897538580275,16.232437829080745,17.36361371901713,17.689014023201807,16.14705467224121
2017-06-21,16.51589517107932,16.81643291318013,16.44759096112989,16.686655044555664,1495200,0.0,0,0.010339081977012388,0.9657899399514593,16.030937957763673,16.712646153058554,15.349229762468791,16.08557942838652,16.232437829080745,17.33845379290427,17.689014023201807,15.880669593811035
2017-06-22,16.659335391502633,16.91206061619217,16.645675589655756,16.830095291137695,1293800,0.0,0,0.008596105462660208,0.9740919721300584,16.035719203948975,16.738347950275916,15.333090457622033,16.239265359827446,16.232437829080745,17.303229870598045,17.689014023201807,15.846515655517578
2017-06-23,16.850586144780944,17.287731050112388,16.591031682939043,17.041837692260742,2455900,0.0,0,0.012581176604183897,0.9863471952601445,16.080116844177248,16.909311797561763,15.250921890792732,16.427100576787552,16.30757143429332,17.29652039848305,17.689014023201807,15.839685440063477
2017-06-26,17.151120754295206,17.260406960465296,16.966699792835307,17.028173446655273,862700,0.0,0,-0.000801805876350703,0.9855563362828629,16.134759855270385,17.058329423962984,15.211190286577784,16.509065751243032,16.30757143429332,17.2512325334836,17.689014023201807,15.832852363586426
2017-06-27,16.932549679255825,16.987192786656475,16.556877175931195,16.686655044555664,1082600,0.0,0,-0.020056079600639265,0.9657899399514593,16.161056756973267,17.115851329915557,15.206262184030978,16.509065751243032,16.30757143429332,17.13046580587838,17.689014023201807,16.0992431640625
2017-06-28,16.727638805827535,17.028176579485137,16.65250403671449,16.754961013793945,827400,0.0,0,0.004093448870123861,0.9697433516899306,16.198624181747437,17.184641599370114,15.212606764124759,16.59444662578237,16.30757143429332,17.02236830509902,17.689014023201807,15.771385192871094
2017-06-29,16.625183598616115,16.90522972416662,16.2016984828013,16.263172149658203,894700,0.0,0,-0.029351835777526647,0.9412796040847795,16.21057734489441,17.1936018562144,15.227552833574421,16.67299518450391,16.30757143429332,17.03432077454655,17.689014023201807,15.989954948425291
2017-06-30,16.351965996734922,16.543216222969306,16.215357575600827,16.461252212524414,1966800,0.0,0,0.01217966956528671,0.952744078631076,16.23516688346863,17.21743091411141,15.25290285282585,16.744714766456845,16.30757143429332,17.11099335316169,17.689014023201807,15.703079223632812
2017-07-03,16.563705169312485,16.754956667077487,16.447588421168422,16.700313568115234,495000,0.0,0,0.014522671331706594,0.9665804677482648,16.2771737575531,17.263592305746098,15.290755209360102,16.744714766456845,16.30757143429332,17.11099335316169,17.689014023201807,15.15665054321289
2017-07-05,16.69348636836197,16.802772588220762,15.989955188075797,16.03093719482422,2877600,0.0,0,-0.04008166496759735,0.9278383132757553,16.296298837661745,17.24702163755148,15.345576037772009,16.63884311909409,16.30757143429332,16.982754448123902,17.5793892528252,14.972227096557615
2017-07-06,15.921646905981154,16.099237293564784,15.764548167932082,15.832852363586426,2355300,0.0,0,-0.012356409911065347,0.9163735627457286,16.30654411315918,17.232048986438187,15.381039239880174,16.526139609022234,16.30757143429332,16.981076421715603,17.5793892528252,14.651198387145996
2017-07-07,15.771383187704656,15.894330514169392,15.498167630446654,15.819195747375488,1283800,0.0,0,-0.0008625493308044296,0.9155831453424154,16.32805962562561,17.183890110070582,15.472229141180636,16.379287295455974,16.30757143429332,16.94082205022824,17.5793892528252,14.931244850158691
2017-07-10,15.675757238961609,15.757721250405035,15.443523701881103,15.464014053344728,1015400,0.0,0,-0.022452575952838005,0.8950259452304765,16.320546245574953,17.203810537448245,15.43728195370166,16.23585014068312,16.30757143429332,16.94082205022824,17.5793892528252,14.692180633544922
2017-07-11,15.436694637917292,15.532319761413737,15.341068211626247,15.361559867858888,2103000,0.0,0,-0.006625329305341654,0.8890961036064999,16.294590759277344,17.255972138465918,15.333209380088771,16.184622395555692,16.30757143429332,16.94082205022824,17.5793892528252,14.835617065429688
2017-07-12,15.504997820285526,15.846517584584374,15.504997820285526,15.696248054504396,1683400,0.0,0,0.021787382891094165,0.9084671808427547,16.284345197677613,17.266648493224462,15.302041902130762,16.123148967896434,16.30757143429332,16.873727728215012,17.5793892528252,14.710598945617676
2017-07-13,15.716737656735097,16.133392131658134,15.66892510442478,15.76455020904541,3222500,0.0,0,0.0043514956124444115,0.9124203717942416,16.27375798225403,17.27371229005647,15.27380367445159,16.071920399923506,16.30757143429332,16.702640656620837,17.579388773908374,14.384159088134766
2017-07-14,15.901156809795276,16.024102800557348,15.785040066191488,15.873834609985352,1080900,0.0,0,0.006932287917560398,0.9187455325133668,16.2669273853302,17.275906812221567,15.257947958438828,16.071920399923506,16.30757143429332,16.513916371242537,17.517916558886633,15.02314567565918
2017-07-17,15.96946338989436,16.065089808507935,15.846517370753183,15.942142486572266,858300,0.0,0,0.0043031742654005,0.92269905464533,16.255657148361205,17.27391887538548,15.237395421336931,16.071920399923506,16.314399630869318,16.295799365090623,17.425707438483347,14.884235382080078
2017-07-18,15.97629451751709,16.119733499212508,15.88066939824984,15.97629451751709,1503100,0.0,0,0.002142248507287503,0.9246757053178195,16.23653202056885,17.260742231274268,15.212321809863427,15.73723017164219,16.314399630869318,16.260575442784393,17.425707438483347,15.009258270263672
2017-07-19,15.976293845449064,16.208527384867008,15.91482018485052,15.989954948425291,1224200,0.0,0,0.0008550437583147996,0.9254663435081169,16.21023497581482,17.23137336108179,15.189096590547852,15.774797798246627,16.314399630869318,16.219712412532783,17.425707438483347,15.057873725891112
2017-07-20,16.0787469468244,16.106067843409633,15.607449429883008,15.832852363586426,6575000,0.0,0,-0.009825079892069155,0.9163735627457285,16.167544841766357,17.17663214224988,15.158457541282836,15.774797798246627,16.314399630869318,16.16930238623732,17.425707438483347,15.01620388031006
2017-07-21,16.030934654789515,16.106069407585586,15.716737148177396,16.017274856567383,1558400,0.0,0,0.011648090233261188,0.9270475646919657,16.126903820037843,17.0899136836238,15.163893956451888,15.774797798246627,16.314399630869318,16.0485356586321,17.425707438483347,15.057873725891112
2017-07-24,16.065093090859186,16.249514111442807,15.89433317612504,15.914823532104492,2884700,0.0,0,-0.006396301829139417,0.9211178886582272,16.07055311203003,16.939108125653213,15.201998098406849,15.877255965864165,16.314399630869318,15.995081297702058,17.425707438483347,15.210675239562988
2017-07-25,15.935312442973672,16.208527998875724,15.785044212926175,16.153884887695312,2401700,0.0,0,0.015021301059893633,0.934954277775416,16.02683868408203,16.776938143877025,15.276739224287034,15.928481770662907,16.314399630869318,15.998496540283986,17.425707438483347,15.155111312866213
2017-07-26,16.153886279952445,16.297325273410202,16.010448589289336,16.0992431640625,1844800,0.0,0,-0.0033825747807844087,0.9317917250142264,15.997468090057373,16.684633374466017,15.310302805648726,15.952387351646605,16.314399630869318,16.04630900124573,17.425707438483347,15.17595100402832
2017-07-27,16.051429551382554,16.256340896878125,15.76455288601202,16.14705467224121,3719100,0.0,0,0.0029697984986920556,0.9345589586802673,15.967072772979737,16.5645415804198,15.369603965539673,15.952387351646605,16.314399630869318,16.090706607441746,17.425707438483347,15.446822166442873
2017-07-28,16.10607259399851,16.140224050501782,15.573301274103322,15.880669593811035,3702400,0.0,0,-0.01649744079260007,0.9191411275922456,15.947947645187378,16.53041858385554,15.365476706519217,15.935313273756762,16.314399630869318,16.15900862873363,17.425707438483347,15.578786849975586
2017-07-31,15.873836555882445,15.96946166135101,15.627941938626876,15.846515655517578,1995600,0.0,0,-0.0021506610972352735,0.917164366526264,15.917210817337036,16.45037029448177,15.384051340192304,15.935313273756762,16.314399630869318,16.235851594454097,17.425707438483347,15.696859359741213
2017-08-01,15.894328544744392,15.955802200359718,15.627942269479847,15.839685440063477,2107700,0.0,0,-0.00043102317270127255,0.9167690474311153,15.874179410934449,16.266599661455658,15.48175916041324,15.935313273756762,16.30073758604577,16.367336005540437,17.425707438483347,15.516282081604004
2017-08-02,16.22218458518377,16.351962426647606,15.689413422432883,15.832852363586426,5237500,0.0,0,-0.0004313896575097731,0.9163735627457285,15.864275169372558,16.250246545838205,15.47830379290691,15.962631850375464,16.184622395555692,16.408318592768175,17.425707438483347,15.821884155273438
2017-08-03,15.607455121053006,16.119734821069223,15.545981452827489,16.0992431640625,1594400,0.0,0,0.01682519323484244,0.9317917250142264,15.877594709396362,16.276618175134928,15.478571243657798,15.948971939737547,16.184622395555692,16.408318592768175,17.425707438483347,16.127483367919922
2017-08-04,16.0787535481116,16.112905008562898,15.58696417972679,15.771385192871094,2601300,0.0,0,-0.02036480646017369,0.9128159668731203,15.875204181671142,16.27618778883359,15.474220574508696,15.948971939737547,16.123148967896434,16.451009030037845,17.425707438483347,15.926063537597656
2017-08-07,15.75089085751923,16.044598057535723,15.641604639298372,15.989954948425291,925900,0.0,0,0.013858627690673142,0.9254663435081166,15.901501226425172,16.25712484271823,15.545877610132113,15.948971939737547,16.071920399923506,16.490283309398613,17.425707438483347,16.16915512084961
2017-08-08,15.928482224822009,15.955804432381695,15.641605559418071,15.703079223632812,1208400,0.0,0,-0.017940996439188228,0.908862555134649,15.918577194213867,16.191164515791534,15.6459898726362,15.948971939737547,16.071920399923506,16.52614310037508,17.425707438483347,16.217775344848633
2017-08-09,15.703081754530508,15.703081754530508,15.149819990222074,15.15665054321289,4340900,0.0,0,-0.034797549744100986,0.8772363651618003,15.891597318649293,16.314378050249392,15.468816587049192,15.75089120843484,15.976296289221418,16.52614310037508,17.425707438483347,16.294172286987305
2017-08-10,15.156648089064095,15.300085770261648,14.951735440903152,14.972227096557615,1972100,0.0,0,-0.012167823367667419,0.8665623080188168,15.851981163024902,16.43510420698135,15.268858119068453,15.65184893377538,15.65184893377538,16.473207276693707,17.425707438483347,16.28028678894043
2017-08-11,15.020039054571884,15.020039054571884,14.535081615350077,14.651198387145996,2988800,0.0,0,-0.021441613685209804,0.8479818137761136,15.790849351882935,16.575933230793236,15.005765472972632,15.443522020998842,15.443522020998842,16.416855521657777,17.422351385666747,15.95384693145752
2017-08-14,14.596555629902108,14.965396306244134,14.500929207832698,14.931244850158691,5248900,0.0,0,0.019114235956178893,0.8641903382511787,15.740304470062256,16.60679132555628,14.873817614568233,15.426445817240152,15.426445817240152,16.343429364874645,17.341842642692015,15.814937591552734
2017-08-15,15.265933950267602,15.265933950267602,14.521420748872565,14.692180633544922,2726500,0.0,0,-0.01601100370484032,0.8503537835437519,15.676098775863647,16.648203330860678,14.703994220866615,15.31033201445096,15.426445817240152,16.271710787488217,17.341842642692015,15.405149459838867
2017-08-16,14.719500301492218,15.238610463636531,14.719500301492218,14.835617065429688,19650300,0.0,0,0.009762773509418565,0.8586555949353667,15.618381881713868,16.645235417627934,14.591528345799802,15.306917108197798,15.426445817240152,16.246096914924507,17.341842642692015,15.425986289978027
2017-08-17,14.849508431537751,14.9884192422095,14.675870580573902,14.710598945617676,3238200,0.36,0,-0.008426890452931102,0.85141979830005,15.56226921081543,16.657264098020047,14.467274323610813,15.27276363268421,15.426445817240152,16.215360201094875,17.207653998665567,15.509332656860352
2017-08-18,14.60641665248026,14.724490445358432,14.349432047480116,14.384159088134766,2806600,0.0,0,-0.022190793093448957,0.8325261177203075,15.480613422393798,16.668392611281504,14.292834233506094,15.152618239930906,15.350697237063862,16.18974591710841,16.865480813310867,14.530016899108888
2017-08-21,14.432778066030636,15.037037021115564,14.425832393302445,15.02314567565918,3580900,0.0,0,0.04442293662140484,0.869509372683461,15.436029529571533,16.62218910407378,14.249869955069286,15.026256901005311,15.350697237063862,16.18974591710841,16.77490683011399,14.578632354736328
2017-08-22,15.043981871845148,15.25234674329945,14.648087821231046,14.884235382080078,2356400,0.0,0,-0.009246418598214512,0.8614695250485588,15.372547054290772,16.533601932599993,14.211492175981553,14.824758908870882,15.350697237063862,16.193160015396412,16.724586977888272,15.043984413146973
2017-08-23,14.842566069996396,15.016203944202124,14.620308478221514,15.009258270263672,2266800,0.0,0,0.00839968496696275,0.8687055976676057,15.31804780960083,16.438738993416095,14.197356625785565,14.807682998873858,15.350697237063862,16.025814901255753,16.654139133275816,15.238458633422852
2017-08-24,15.03703670814023,15.23151156622703,15.030091035556602,15.057873725891112,1876400,0.0,0,0.003239031186754726,0.8715193621905595,15.263588762283325,16.321268689600394,14.205908834966255,14.807682998873858,15.350697237063862,16.04459871455797,16.64072018904583,15.210675239562988
2017-08-25,15.085657969895353,15.134277687257637,14.932857118155123,15.01620388031006,921100,0.0,0,-0.0027673127255278818,0.8691075955690256,15.220365476608276,16.243358331841584,14.197372621374967,14.807682998873858,15.350697237063862,16.04459871455797,16.55014445904693,15.155111312866213
2017-08-28,14.967581307055545,15.141219147391462,14.870344540387938,15.057873725891112,1406100,0.0,0,0.002774991996192133,0.8715193621905595,15.180933380126953,16.16393594045402,14.197930819799886,14.800889395389783,15.350697237063862,16.04459871455797,16.308611003836493,15.113439559936523
2017-08-29,15.023146045539551,15.280130643803334,14.925909274454058,15.210675239562988,1829200,0.0,0,0.010147615556713285,0.8803632056283013,15.149482870101929,16.084753979054923,14.214211761148935,14.814781345641725,15.350697237063862,16.09582779836674,16.30757143429332,15.078713417053224
2017-08-30,15.16205698582579,15.252348084796996,15.009256154970036,15.155111312866213,1646900,0.0,0,-0.003652955955055437,0.8771472776136897,15.115595817565918,15.99631915357327,14.234872481558567,14.814781345641725,15.350697237063862,16.12144070076611,16.30757143429332,15.037041664123535
2017-08-31,15.18984235239356,15.26624211889859,15.113441261136634,15.17595100402832,1488100,0.0,0,0.001375093242925507,0.8783534369081868,15.06943120956421,15.825844615577223,14.313017803551196,14.85298151855289,15.350697237063862,16.133393491257962,16.30757143429332,14.953694343566896
2017-09-01,15.196783251643376,15.57184162384262,15.155110540760656,15.446822166442873,1562700,0.0,0,0.017848710920498556,0.8940309134895874,15.053203058242797,15.760498045203231,14.345908071282363,15.096075051032066,15.350697237063862,16.133393491257962,16.30757143429332,14.960638999938965
2017-09-05,15.620459559664006,15.759370358294143,15.40514901406369,15.578786849975586,1575800,0.0,0,0.008543160665071658,0.9016687632230698,15.032644653320313,15.646637720921037,14.418651585719589,15.18983941825783,15.350697237063862,16.12485645231304,16.30757143429332,14.682817459106444
2017-09-06,15.62740396605291,15.919115559742622,15.62740396605291,15.696859359741213,1287900,0.0,0,0.0075790567585698465,0.9085025619569669,15.032333660125733,15.644958058131621,14.419709262119845,15.39473005006528,15.350697237063862,16.12485645231304,16.30757143429332,14.745328903198242
2017-09-07,15.689919973005344,15.780211093643173,15.474609358598236,15.516282081604004,1482700,0.0,0,-0.011504038737860323,0.8980511132907686,15.050315237045288,15.6970225693743,14.403607904716276,15.39473005006528,15.350697237063862,16.118025429901266,16.30757143429332,14.655037879943848
2017-09-08,15.502389766137004,16.023303407874145,15.474608394115345,15.821884155273438,2199900,0.0,0,0.019695573466774752,0.9157387449695058,15.092798089981079,15.820854696766741,14.364741483195417,15.446823974131043,15.234583434274668,16.07362712296558,16.30757143429332,14.59947109222412
2017-09-11,16.030246593809615,16.196938774320866,15.953845514293407,16.127483367919922,1989500,0.0,0,0.019314969674116167,0.933426211058005,15.166612339019775,15.994297876300925,14.338926801738625,15.561424024387463,15.273185410900492,16.06679716764662,16.30757143429332,14.703654289245604
2017-09-12,16.099701384584545,16.183046809277332,15.87744515240159,15.926063537597656,1277400,0.0,0,-0.012489228835474764,0.9217684375070715,15.216353273391723,16.09979740856495,14.332909138218497,15.603097464645451,15.273185410900492,16.03606045381699,16.30757143429332,14.891180038452148
2017-09-13,15.933007567320551,16.183045140364875,15.884389187138362,16.16915512084961,1941800,0.0,0,0.0152637582211117,0.9358380880730314,15.290201997756958,16.231701425490765,14.34870257002315,15.65519001772875,15.273185410900492,16.010446169830526,16.30757143429332,14.77310848236084
2017-09-14,16.120537248677646,16.259448057635254,15.946899399856466,16.217775344848633,1569200,0.0,0,0.003006973687594172,0.9386521285797154,15.359309911727905,16.358954223909496,14.359665599546314,15.707279299197955,15.304440052557684,16.010446169830526,16.30757143429332,14.80783462524414
2017-09-15,16.280282268288698,16.32890064561239,16.155262826741247,16.294172286987305,2926300,0.0,0,0.004710691849788118,0.9430738295116021,15.438488578796386,16.470747106731658,14.406230050861115,15.86702482983804,15.339166346546254,15.86359374882813,16.21877552016723,14.550853729248049
2017-09-18,16.22472272446289,16.523380067811587,16.162212986331685,16.28028678894043,1407900,0.0,0,-0.0008521757228481253,0.9422701648892389,15.53329496383667,16.50680996488874,14.559779962784603,15.998994230963465,15.43640605764585,15.65184893377538,16.11973324550777,14.5577974319458
2017-09-19,16.252504278184823,16.315014017023177,15.828828778532612,15.95384693145752,1275400,0.0,0,-0.020051235074351914,0.9233764843094964,15.579830026626587,16.540097873656407,14.619562179596768,15.998994230963465,15.43640605764585,15.443522020998842,15.911406332731232,14.238306999206545
2017-09-20,15.995521136168064,16.016356832824414,15.745482178277328,15.814937591552734,1891400,0.0,0,-0.008706949521427698,0.9153366918713403,15.626365137100219,16.535597681652675,14.717132592547763,15.998994230963465,15.43640605764585,15.426445817240152,15.894330128972543,14.120231628417969
2017-09-21,15.81493487042893,15.86355325393087,15.405149459838867,15.405149459838867,1438300,0.0,0,-0.02591146056325555,0.8916189812778152,15.64615969657898,16.51680073035574,14.775518662802218,15.964264763825227,15.43640605764585,15.368388915845557,15.894330128972543,14.314703941345217
2017-09-22,15.398204922251232,15.634352509311602,15.356532208285197,15.425986289978027,1610100,0.0,0,0.0013525886388496833,0.8928249749820744,15.664565324783325,16.499115203190986,14.830015446375663,15.939956138048391,15.43640605764585,15.366681462718976,15.894330128972543,14.22441291809082
2017-09-25,15.45376859803725,15.585733734523988,15.405150212160995,15.509332656860352,1361000,0.0,0,0.005402984633564367,0.897648894602365,15.68922176361084,16.47273462723134,14.905708899990342,15.939956138048391,15.43640605764585,15.34960472496218,15.894330128972543,13.835463523864746
2017-09-26,14.516125551678856,14.73143613783711,14.481398507855584,14.530016899108888,17563300,0.0,0,-0.06314364256790095,0.8409680736501218,15.662828922271729,16.558471755149867,14.76718608939359,15.502389287833585,15.474606230557015,15.251657738497384,15.818581548796253,13.988262176513672
2017-09-27,14.578632354736326,14.63419640851599,14.404994521080935,14.578632354736328,4729000,0.0,0,0.0033458636672625275,0.8437818381730755,15.631226778030396,16.62845868855949,14.633994867501299,15.464187294446262,15.464187294446262,15.188477069034587,15.818581548796253,13.62709903717041
2017-09-28,14.509179474720495,15.099548476571035,14.481398105384349,15.043984413146973,6666100,0.0,0,0.03192014498256146,0.8707154767812123,15.625670433044434,16.634748673993403,14.616592192095464,15.464187294446262,15.464187294446262,15.087728072967373,15.818581548796253,13.42568016052246
2017-09-29,14.967582676877376,15.266240001548304,14.898128594187895,15.238458633422852,3663900,0.0,0,0.01292704212761131,0.8819712524307262,15.62879581451416,16.632599549194396,14.624992079833923,15.360004269052055,15.464187294446262,15.07919011796886,15.818581548796253,13.460409164428713
2017-10-02,15.280130643803334,15.34958604804368,15.169002526919442,15.210675239562988,3562300,0.0,0,-0.0018232417417156643,0.8803632056283012,15.616988468170167,16.63468711302221,14.599289823318124,15.210675676952675,15.464187294446262,15.07919011796886,15.818581548796253,13.460409164428713
2017-10-03,15.09954725394124,15.335694835560282,15.03703752205669,15.155111312866213,1712300,0.0,0,-0.003652955955055437,0.8771472776136896,15.595804691314697,16.63346262453667,14.558146758092727,15.134273887505902,15.464187294446262,15.07919011796886,15.818581548796253,13.321494102478027
2017-10-04,15.189840642593584,15.21067633804424,14.995365761626404,15.113439559936523,1735700,0.0,0,-0.002749683065297659,0.8747354005986633,15.566633701324463,16.624117900389184,14.509149502259742,15.019673515196269,15.464187294446262,15.075793316226822,15.818581548796253,13.335389137268066
2017-10-05,15.155114510979498,15.266242652280296,15.050932044103996,15.078713417053224,996200,0.0,0,-0.0022976995240284737,0.8727255214850569,15.544755268096926,16.62362462060006,14.46588591559379,14.99536412780246,15.464187294446262,15.082739291352794,15.818581548796253,13.515968322753906
2017-10-06,15.050933013869171,15.12733411271814,14.891186466050442,15.037041664123535,1056400,0.0,0,-0.002763614625274413,0.8703136444700306,15.505513143539432,16.598363838144067,14.412662448934794,14.877290284562307,15.464187294446262,15.082739291352794,15.818581548796253,13.161751747131348
2017-10-09,15.085658175377914,15.10649519738843,14.925911647552873,14.953694343566896,852100,0.0,0,-0.005542800400393566,0.8654896696529941,15.44682369232178,16.525593881500956,14.368053503142606,14.877290284562307,15.464187294446262,15.101839377808375,15.818581548796253,13.58309555053711
2017-10-10,15.023147412214934,15.120385516897954,14.905073611690511,14.960638999938965,824900,0.0,0,0.0004644107477731474,0.8658916123576677,15.398552465438845,16.473577240183733,14.323527690693956,14.915492076714013,15.464187294446262,15.223386144047964,15.818581548796253,13.475972175598145
2017-10-11,14.863400997905751,14.967583452087563,14.67587178552742,14.682817459106444,1488000,0.0,0,-0.018570165407617578,0.8498118618911171,15.324235582351687,16.381049423271655,14.26742174143172,15.01272891678555,15.464187294446262,15.270268327660846,15.818581548796253,13.604519844055176
2017-10-12,14.703656181652647,14.745328903198242,14.50223559880374,14.745328903198242,1405800,0.0,0,0.004257455646091257,0.8534298982006407,15.250613260269168,16.25124643302895,14.249980087509384,14.92591082342371,15.464187294446262,15.372713643564571,15.818581548796253,13.604519844055176
2017-10-13,14.821730091949844,14.821730091949844,14.63420085666112,14.655037879943848,1033500,0.0,0,-0.006123364480178584,0.8482040358756765,15.168656539916995,16.07730178235488,14.260011297479112,14.918965217182011,15.464187294446262,15.372713643564571,15.804919503972705,13.540245056152344
2017-10-16,14.61336243849401,14.752271926937794,14.550852705031213,14.59947109222412,1117100,0.0,0,-0.003791650910419997,0.8449879422708265,15.084615755081177,15.867386018001781,14.301845492160574,14.884239125542017,15.464187294446262,15.340703704202856,15.688804313482628,13.718783378601074
2017-10-17,14.571689142458307,14.724491309712578,14.564743468969317,14.703654289245604,1026200,0.0,0,0.007136093928565179,0.8510178555953761,15.02210612297058,15.710223554644566,14.333988691296595,14.884239125542017,15.464187294446262,15.417304717643978,15.688804313482628,13.81162452697754
2017-10-18,14.668923837464297,14.9189614011999,14.668923837464297,14.891180038452148,1364100,0.0,0,0.012753683235309898,0.8618714677532322,14.975918245315551,15.56008615871487,14.391750331916231,14.81478485576094,15.464187294446262,15.438141437772972,15.627330885823369,13.740208625793455
2017-10-19,14.925909312275468,14.96758202502461,14.75921713652724,14.77310848236084,700900,0.0,0,-0.007928959007037939,0.8550377242160812,14.944316196441651,15.499544801134844,14.389087591748458,14.811310557850847,15.464187294446262,15.46418771431462,15.576102317850438,13.797340393066406
2017-10-20,14.83561731522847,14.83561731522847,14.620305442104646,14.80783462524414,1630800,0.0,0,0.0023506320910569034,0.8570476033296878,14.913408613204956,15.424557219940361,14.40226000646955,14.811310557850847,15.464187294446262,15.505859675877819,15.576102317850438,13.76877498626709
2017-10-23,14.773109986203806,14.807837029571225,14.536962382000365,14.550853729248049,1180800,0.0,0,-0.017354387221342638,0.8421740673543807,14.86548466682434,15.32019323672423,14.410776096924451,14.734909525445651,15.464187294446262,15.603095588192147,15.576102317850438,13.79019832611084
2017-10-24,14.592525798523525,14.634198513665062,14.42583361320564,14.5577974319458,1536700,0.0,0,0.00047720242584770034,0.8425759548623083,14.866873693466186,15.31758371554247,14.416163671389901,14.696707819115126,15.360004269052055,15.717700144304658,15.43640605764585,13.740208625793455
2017-10-25,14.495291659644066,14.592528454254602,14.036886410653896,14.238306999206545,1822800,0.0,0,-0.021946344165921894,0.8240844929709699,14.8498574256897,15.36469174795861,14.335023103420792,14.502234217839252,15.026621621739155,15.717700144304658,15.43640605764585,13.840191841125488
2017-10-26,14.349433565337618,14.349433565337618,14.085504584089954,14.120231628417969,1434600,0.0,0,-0.008292795681056453,0.8172505286468346,14.80366978645325,15.400699549842523,14.206640023063978,14.502234217839252,14.950219832292383,15.717700144304658,15.43640605764585,13.797340393066406
2017-10-27,14.099392066107203,14.488341781197528,14.016046644838982,14.314703941345217,1906600,0.0,0,0.013772600764980325,0.8285061939028565,14.757482051849369,15.355760181890675,14.159203921808063,14.491814334931796,14.825199577075292,15.700335410735539,15.43640605764585,13.568811416625977
2017-10-30,14.28692265254961,14.363323733499625,14.182740203368864,14.22441291809082,1134000,0.0,0,-0.006307571824353819,0.8232803315778923,14.70816893577576,15.311519009653091,14.104818861898428,14.491814334931796,14.800890189681486,15.68818109784712,15.43640605764585,13.440268516540527
2017-10-31,14.17579354063394,14.17579354063394,13.654880006338958,13.835463523864746,2537800,0.0,0,-0.0273437924268497,0.8007687250821184,14.642186546325684,15.320439880099299,13.96393321255207,14.311231015681784,14.50223302719132,15.68818109784712,15.43640605764585,13.604519844055176
2017-11-01,13.807678687051304,13.988262176513672,13.717387604695828,13.988262176513672,1558500,0.0,0,0.011043985073963203,0.8096124029296219,14.58592767715454,15.285060212560914,13.886795141748166,14.245248660783714,14.50223302719132,15.488497759195301,15.43640605764585,13.661650657653809
2017-11-02,14.071611508802324,14.182739626710305,13.599316345317586,13.62709903717041,2237700,0.0,0,-0.025819014169583987,0.7887090088265111,14.513346958160401,15.290693665683193,13.736000250637609,14.203576687444405,14.474451196680633,15.464187294446262,15.43640605764585,13.797340393066406
2017-11-03,13.502081247841204,13.571536661335347,13.307606355007964,13.42568016052246,1939600,0.0,0,-0.014780759727257009,0.7770512904723234,14.432778882980347,15.305568143848088,13.559989622112607,13.970902434336512,14.328596201525823,15.464187294446262,15.43640605764585,13.911603927612305
2017-11-06,13.467354839264445,13.606265686475052,13.397900740411158,13.460409164428713,1716400,0.0,0,0.002586759366454583,0.7790613351761683,14.358114624023438,15.293809016580388,13.422420231466488,13.950067404631284,14.328596201525823,15.412095781749159,15.43640605764585,13.940170288085938
2017-11-07,13.453464814344995,13.571538637048407,13.37011804106823,13.460409164428713,1611400,0.0,0,0.0,0.7790613351761683,14.283103132247925,15.253828731208056,13.312377533287794,13.897974068102746,14.321650595284122,15.337431485699469,15.43640605764585,13.725926399230955
2017-11-08,13.404839516345158,13.509023270806274,13.26593005164945,13.321494102478027,2345200,0.0,0,-0.010320270376162899,0.7710212115575358,14.215036964416504,15.253416542677085,13.176657386155922,13.877135916423489,14.266086351964873,15.299230590976082,15.43640605764585,14.211546897888184
2017-11-09,13.245096701711322,13.425680248072975,13.245096701711322,13.335389137268066,1760600,0.0,0,0.001043053780840797,0.7718254281473593,14.144539976119995,15.220517598417889,13.068562353822102,13.804210217605473,14.255669676995808,15.241930404821264,15.43640605764585,14.354375839233398
2017-11-10,13.300657780160352,13.592369393408717,13.300657780160352,13.515968322753906,1309500,0.0,0,0.013541351034232596,0.7822769872070496,14.087586498260498,15.170085608436182,13.005087388084814,13.713918164210813,14.186215407214732,15.229775711124361,15.43640605764585,13.840191841125488
2017-11-13,13.509027504841916,13.585427270706962,13.120077702384725,13.161751747131348,3248100,0.0,0,-0.026207265892022047,0.7617756462021046,14.015700531005859,15.143193125419034,12.888207936592684,13.651408664547514,14.12023160964134,15.170738789504284,15.43640605764585,13.468832969665527
2017-11-14,13.25458675585409,13.72592433603166,13.197454969230424,13.58309555053711,3818700,0.52,0,0.03201274507381546,0.7861621757674137,13.959672594070437,15.055433712444069,12.863911475696804,13.651408664547514,14.12023160964134,15.170738789504284,15.43640605764585,13.30457878112793
2017-11-15,13.461688889941788,13.61165930294626,13.268868619968242,13.475972175598145,2058200,0.0,0,-0.007886521488448817,0.7799620908748183,13.888912200927738,14.914733568569943,12.863090833285533,13.423001019208193,14.043830577236143,15.189839685580138,15.43640605764585,13.36170768737793
2017-11-16,13.483114620745113,13.66879327769752,13.397417617308191,13.604519844055176,1565600,0.0,0,0.009539027446925141,0.7874021706672343,13.830482769012454,14.777469844954707,12.8834956930702,13.423001019208193,14.043829863704667,15.238458105615905,15.43640605764585,13.37599277496338
2017-11-17,13.525964484592883,13.747349999289124,13.518822840618254,13.604519844055176,1564900,0.0,0,0.0,0.7874021706672343,13.770317029953006,14.606579687744986,12.934054372161025,13.433713850836924,14.043829863704667,15.195049058934986,15.43640605764585,13.497400283813477
2017-11-20,13.575953272454043,13.618801769886907,13.397416277333074,13.540245056152344,1529400,0.0,0,-0.00472451719278566,0.7836820755742802,13.719786596298217,14.479083130009364,12.96049006258707,13.433713850836924,14.043829863704667,15.191576255814137,15.43640605764585,13.568811416625977
2017-11-21,13.590237873865371,13.718783378601074,13.540246366206189,13.718783378601074,1005700,0.0,0,0.013185752673479767,0.7940155135974419,13.67783589363098,14.331613305080642,13.024058482181319,13.433713850836924,14.043829863704667,15.17421320999414,15.43640605764585,13.404562950134276
2017-11-22,13.704502583131392,13.890181254791775,13.690219294050726,13.81162452697754,1015200,0.0,0,0.006767447652922476,0.799388972021321,13.656501770019531,14.261224943936442,13.05177859610262,13.50512947858825,14.043829863704667,15.17421320999414,15.43640605764585,13.633089065551758
2017-11-24,13.883038783839048,13.96159414484772,13.704501767346729,13.740208625793455,483000,0.0,0,-0.005170709719525934,0.7952555636940085,13.637500619888305,14.2050981257343,13.06990311404231,13.540835923616221,14.043829863704667,15.139486075103601,15.43640605764585,13.625946998596191
2017-11-27,13.747350246474468,13.868755471967466,13.683076811676449,13.797340393066406,1481700,0.0,0,0.004157998530364582,0.7985622351591125,13.611632442474365,14.093194167536426,13.130070717412304,13.579524557039072,13.977847508806597,15.137748926148554,15.43640605764585,13.397417068481444
2017-11-28,13.847330346043483,13.847330346043483,13.618803186458852,13.76877498626709,1558800,0.0,0,-0.002070356024097997,0.7969089270249337,13.58885054588318,13.987440060509355,13.190261031257004,13.61523138240798,13.963957365977976,15.137748926148554,15.43640605764585,13.204594612121582
2017-11-29,13.71164296764484,13.861613402822078,13.675934748224574,13.79019832611084,1298400,0.0,0,0.001555936520505119,0.7981488667280083,13.586587285995483,13.979973972341059,13.193200599649908,13.679505211090397,13.877138108024894,15.099548409945957,15.43640605764585,13.440268516540527
2017-11-30,13.840188919147767,13.854472207378196,13.654511620669572,13.740208625793455,1452800,0.0,0,-0.0036250167789634302,0.7952555636940086,13.574184608459472,13.929544732748512,13.218824484170431,13.679505211090397,13.856303078319662,15.02835604408359,15.43640605764585,13.133184432983398
2017-12-01,13.79020168389428,13.87590006924037,13.640231212200652,13.840191841125488,1300700,0.0,0,0.007276688298920142,0.801042390548992,13.584839248657227,13.958419949594873,13.21125854771958,13.679505211090397,13.804209741791126,14.764427919789203,15.280133239232741,13.011775016784668
2017-12-04,13.890180404276585,13.954453839074604,13.747350246474468,13.797340393066406,1709200,0.0,0,-0.0030961599774759208,0.7985622351591125,13.603422260284423,13.980482647850861,13.226361872717986,13.750920255526953,13.804209741791126,14.726227025065818,15.280133239232741,12.997492790222168
2017-12-05,13.77591498154384,13.847328688770128,13.547386487180598,13.568811416625977,2045200,0.0,0,-0.01656326291371868,0.7853354389052053,13.608842372894287,13.980544691942978,13.237140053845597,13.75449031601416,13.741700717942175,14.658506956003544,15.269713356325283,12.733258247375488
2017-12-06,13.625947206614835,13.661654070728163,13.318863271573846,13.440268516540527,1219900,0.0,0,-0.009473408992031862,0.7778956350965195,13.607835340499879,13.981264634810069,13.234406046189688,13.640228708210783,13.651408664547514,14.64635226230664,15.269713356325283,12.797533988952637
2017-12-07,13.468832694925164,13.72592506736524,13.461691050950536,13.604519844055176,1296100,0.0,0,0.012220836757279807,0.7874021706672345,13.621986627578735,13.971363325086067,13.272609930071404,13.636658555324225,13.651408664547514,14.406732021436552,15.089130037075272,12.804675102233888
2017-12-08,13.675933944582583,13.775915590954792,13.59737859073275,13.661650657653809,1297200,0.0,0,0.004199399482929689,0.7907087869355922,13.638299703598022,13.961871312261048,13.314728094934997,13.636658555324225,13.651408664547514,14.373740843987516,15.089130037075272,12.690412521362305
2017-12-11,13.675935167573408,13.861613827864426,13.611661732775389,13.797340393066406,1198400,0.0,0,0.00993216257777596,0.7985622351591125,13.652368307113647,13.977924179900157,13.326812434327138,13.636658555324225,13.540835923616221,14.339013942062518,15.061348206564587,12.683271408081056
2017-12-12,13.7973403466071,13.918745571691296,13.690218409680888,13.911603927612305,1355800,0.0,0,0.00828156233670363,0.80517557808932,13.689860916137695,13.945247116493805,13.434474715781585,13.636658555324225,13.540835923616221,14.149749317931168,14.915493211409775,12.85466480255127
2017-12-13,13.954453576022765,14.104424012971531,13.925887000149109,13.940170288085938,1460000,0.0,0,0.0020534196216537293,0.8068289414202451,13.707714653015136,13.98028857088571,13.435140735144563,13.711643642272689,13.612250857678127,14.139331803078553,14.915493211409775,13.111760139465332
2017-12-14,13.911605074200295,13.98302015874688,13.690219538022385,13.725926399230955,2399900,0.0,0,-0.015368814327762381,0.7944289372252923,13.720212364196778,13.970958231079383,13.469466497314173,13.711643642272689,13.612250857678127,14.109812331693433,14.915493211409775,12.940362930297852
2017-12-15,13.690219112521389,14.24725512011636,13.690219112521389,14.211546897888184,4911100,0.0,0,0.03537979765682242,0.8225356722770476,13.750563716888427,14.074990225746461,13.426137208030394,13.783059195845103,13.683666411250542,14.071611134194182,14.894655059730518,13.054627418518066
2017-12-18,14.22582897442578,14.568619705826574,14.21868733058877,14.354375839233398,1923100,0.0,0,0.010050203709100813,0.8308023233414341,13.78805651664734,14.19911828425879,13.37699474903589,13.94374148870021,13.844348704105649,14.02993994730064,14.884238384761455,12.9832124710083
2017-12-19,14.290105980465622,14.304389271711576,13.79020168389428,13.840191841125488,1967400,0.0,0,-0.03582071445437163,0.8010423905489921,13.803053855895996,14.198269310821544,13.407838400970448,14.015155378388556,13.844348704105649,13.950066785712773,14.884238384761455,12.861807823181152
2017-12-20,13.847330573136343,13.904462363969447,13.44740803730461,13.468832969665527,1814500,0.0,0,-0.026831916473620376,0.7795488880339523,13.790556335449219,14.210928914668274,13.370183756230164,14.008013871565591,13.8830373375285,13.885820137094427,14.821728885098157,12.697554588317873
2017-12-21,13.461692238167323,13.483115809851292,13.247446986421632,13.30457878112793,1395700,0.0,0,-0.012195131449586616,0.7700421868729992,13.765204048156738,14.236135247525027,13.294272848788449,13.908033346124103,13.908033346124103,13.885820137094427,14.821728885098157,12.926080703735352
2017-12-22,13.375990973499183,13.39027425962044,13.197453983370911,13.36170768737793,1365100,0.0,0,0.00429392821748209,0.7733486927478648,13.746279001235962,14.249389216399425,13.243168786072498,13.883036844598742,13.883036844598742,13.733415798222168,14.821728885098157,12.668985366821287
2017-12-26,13.326002628935504,13.433124565013708,13.26172919486272,13.37599277496338,908700,0.0,0,0.0010691064285850427,0.7741754848068193,13.72521162033081,14.252962067254673,13.197461173406948,13.883036844598742,13.883036844598742,13.73341544145643,14.821728885098157,12.590429306030272
2017-12-27,13.43312683886102,13.747352418391968,13.43312683886102,13.497400283813477,1042700,0.0,0,0.009076523207858012,0.7812023065616231,13.71164288520813,14.248192558282756,13.175093212133504,13.883036844598742,13.883036844598742,13.738771857270795,14.821728885098157,12.240497589111328
2017-12-28,13.490254704122076,13.583094702922896,13.368849494856573,13.568811416625977,954500,0.0,0,0.005290732386305397,0.7853354389052052,13.700573539733886,14.239338047334545,13.161809032133228,13.883036844598742,13.883036844598742,13.738771857270795,14.821728885098157,12.269062042236328
2017-12-29,13.568816720364406,13.633090171694402,13.397421304194314,13.404562950134276,1348700,0.0,0,-0.012104852919574527,0.7758290689247281,13.683791255950927,14.237440020338639,13.130142491563216,13.883036844598742,13.883036844598742,13.738771857270795,14.821728885098157,12.211931228637695
2018-01-02,13.38313692645201,13.697362511666825,13.290298261024455,13.633089065551758,1667700,0.0,0,0.017048382425269182,0.7890556995883974,13.67343611717224,14.222678621450346,13.124193612894135,13.750921627541244,13.883036844598742,13.774479671146459,14.821728885098157,11.733453750610352
2018-01-03,13.668795507303953,13.797342395556765,13.468834891914714,13.625946998596191,1533800,0.0,0,-0.0005238773781367501,0.7886423311572932,13.66486644744873,14.21142135721508,13.11831153768238,13.550958173670178,13.883036844598742,13.792332893660443,14.821728885098157,11.897706031799316
2018-01-04,13.625944217790671,13.718782861399076,13.397417068481444,13.397417068481444,1253100,0.0,0,-0.016771673201010695,0.7754154797066398,13.656296730041504,14.213990394557602,13.098603065525406,13.497398189463837,13.883036844598742,13.778686032922835,14.821728885098157,12.004827499389648
2018-01-05,13.418839801095762,13.418839801095762,13.140321191642231,13.204594612121582,1456100,0.0,0,-0.014392509793062502,0.7642553048212698,13.644513034820557,14.229558839918626,13.059467229722488,13.468831793599499,13.854470448734403,13.789594374192978,14.821728885098157,11.997688293457031
2018-01-08,13.211741317104316,13.46883509753483,13.118902653131938,13.440268516540527,1135800,0.0,0,0.017847871240409097,0.7778956350965194,13.636300468444825,14.228007290241894,13.044593646647755,13.45812252434435,13.843761179479255,13.778321659557646,14.821728885098157,11.711503982543944
2018-01-09,13.44026836455174,13.475976590390816,13.111760859609491,13.133184432983398,2193900,0.0,0,-0.022848061642459783,0.7601222276744337,13.609877157211304,14.241021397272897,12.978732917149712,13.454551627583129,13.840190282718034,13.76790414470503,14.71754585970395,12.11509609222412
2018-01-10,13.06176651692814,13.097473369187233,12.983209807403217,13.011775016784668,1730000,0.0,0,-0.00924447660186789,0.7530952955261377,13.570598888397218,14.246858745390753,12.894339031403682,13.39027610147999,13.775914756614895,13.741857476440762,14.56821726760457,12.47465991973877
2018-01-11,13.018916356226658,13.083189778498266,12.96892621937742,12.997492790222168,1268200,0.0,0,-0.0010976386038089592,0.7522686690574213,13.52489333152771,14.226161961352053,12.823624701703368,13.383134307467092,13.768772962601997,13.77756499865904,14.491815478157797,12.188477516174316
2018-01-12,12.997493595545096,13.068907302823604,12.726116604221806,12.733258247375488,1521800,0.0,0,-0.02032965488893823,0.7369753066317231,13.464547729492187,14.218797435741397,12.710298023242977,13.261729499889285,13.64736815502419,13.748095516978168,14.377215105848164,12.144448280334473
2018-01-16,12.85466578238919,13.04034445159034,12.797533988952637,12.797533988952637,1520200,0.0,0,0.0050478628744057286,0.7406954569214231,13.418128108978271,14.215825653690938,12.620430564265604,13.261729499889285,13.64736815502419,13.645818686379148,14.352905718454355,12.526026725769045
2018-01-17,12.833240316702518,12.961787187134725,12.69041152010067,12.804675102233888,1294500,0.0,0,0.0005580069791115694,0.7411087701557815,13.347784519195557,14.099528959527309,12.596040078863805,13.204597190749872,13.629515612963623,13.64403360993587,14.234831875214201,12.709477424621582
2018-01-18,12.72611938279767,12.804676112510812,12.58329057492676,12.690412521362305,1664800,0.0,0,-0.008923504888589506,0.7344954824223198,13.264586353302002,13.912381807787538,12.616790898816467,13.02963358265879,13.575955140376667,13.64403360993587,14.234831875214201,12.775517463684082
2018-01-19,12.647563183020058,12.754686496073544,12.57614945715708,12.683271408081056,1404500,0.0,0,-0.0005627171905742134,0.7340821691879617,13.20674033164978,13.845053197878894,12.568427465420665,13.026063023773947,13.572384581491827,13.588747239470223,14.234831875214201,12.548039436340332
2018-01-22,12.654702859700592,12.868948090354024,12.640420934027134,12.85466480255127,1265900,0.0,0,0.013513342808465945,0.7440020731897808,13.176031923294067,13.82008465558537,12.531979191002764,13.026063023773947,13.572384581491827,13.588747239470223,14.234831875214201,12.386603355407717
2018-01-23,12.87609131038936,13.13318371166258,12.84752473128708,13.111760139465332,1303400,0.0,0,0.02000015876439165,0.758882232774613,13.166390991210937,13.808202676967916,12.524579305453958,12.85466658440983,13.572384581491827,13.661947249975409,14.234831875214201,12.58473014831543
2018-01-24,13.126040219816687,13.176031726210976,12.940362930297852,12.940362930297852,816600,0.0,0,-0.013072021402495637,0.7489621079858095,13.145323753356934,13.787775181377832,12.502872325336035,12.876090591684028,13.572384581491827,13.661947249975409,14.227886268972505,12.540700912475586
2018-01-25,12.997495626490544,13.068909344927922,12.911797257384576,13.054627418518066,1486300,0.0,0,0.008830083733794014,0.7555755061127631,13.129255485534667,13.763766960826192,12.494744010243142,12.876090591684028,13.572384581491827,13.733362803547823,14.19316017733251,12.988322257995604
2018-01-26,13.118900989262771,13.168891137533,12.940363967080874,12.9832124710083,1190000,0.0,0,-0.005470469988937632,0.7514421529821969,13.103546094894408,13.717420291401188,12.489671898387629,12.876090591684028,13.440269364434329,13.89404509640293,14.19316017733251,13.223140716552734
2018-01-29,12.96178812424374,12.983213058241196,12.747544232786929,12.861807823181152,1409800,0.0,0,-0.009350894325903303,0.7444154968176311,13.068195915222168,13.651149918311729,12.485241912132606,12.876090591684028,13.240305910563263,13.929752041247102,14.123705907551432,13.384575843811035
2018-01-30,12.79039324841473,12.97607193073795,12.69041294336742,12.697554588317873,1392400,0.0,0,-0.012770618028302483,0.7349088508534241,13.032845497131348,13.615667543617695,12.450023450645,12.876090591684028,13.186745926356922,13.945525604547045,14.12023160964134,13.259831428527832
2018-01-31,12.761826969917058,12.940363992448956,12.661845311051213,12.926080703735352,1860300,0.0,0,0.017997647801233363,0.7481354815170931,12.997495079040528,13.51138766564134,12.483602492439715,12.876090591684028,13.186745926356922,13.908033346124103,14.12023160964134,13.259831428527832
2018-02-01,12.926079082911189,13.083191152672116,12.611853581260114,12.668985366821287,1777500,0.0,0,-0.019889658962114476,0.7332553219322608,12.949646997451783,13.393259996758614,12.506033998144952,12.893942653735545,13.186745926356922,13.883036844598742,14.043830577236143,13.516661643981934
2018-02-02,12.547580805162037,12.618995881361954,12.39046872722564,12.590429306030272,2533100,0.0,0,-0.0062006592095958935,0.7287086555673363,12.909297609329224,13.328535381449695,12.490059837208753,12.783250226718309,13.093905561391203,13.883036844598742,14.043829863704667,13.164437294006348
2018-02-05,12.554723124007944,12.640421492481334,12.219074018589998,12.240497589111328,3068700,0.0,0,-0.027793469818486738,0.7084553135423555,12.86109275817871,13.350143643921077,12.372041872436343,12.697552872400486,13.00820820707338,13.883036844598742,14.043829863704667,13.274505615234377
2018-02-06,12.147656835822742,12.340477109914165,11.911988065976267,12.269062042236328,3558800,0.0,0,0.0023336022834896664,0.7101085664797883,12.802532434463501,13.280389611088944,12.324675257838058,12.540439601754635,12.854665230766516,13.883036844598742,14.043829863704667,13.06904125213623
2018-02-07,12.233354797149044,12.47616522922535,12.147657798845188,12.211931228637695,1772200,0.0,0,-0.004656493984785404,0.7068019502114306,12.756469774246217,13.274338132567193,12.23860141592524,12.540439601754635,12.854665230766516,13.883036844598742,14.043829863704667,13.135082244873049
2018-02-08,12.211933042276822,12.340479920952804,11.72631210600286,11.733453750610352,2006000,0.0,0,-0.039181147442534425,0.6791086387875256,12.6925537109375,13.363443123503792,12.021664298371206,12.404751629337488,12.761827250779813,13.816979236069994,14.043829863704667,13.098390579223633
2018-02-09,11.833432600339824,12.011969607254134,11.440651729980049,11.897706031799316,2918300,0.0,0,0.013998630299320025,0.6886152295549867,12.637564373016357,13.377026041119146,11.898102704913567,12.261921441326082,12.579717295689562,13.71699750913446,14.043829863704667,12.863579750061035
2018-02-12,11.911988858720424,12.09052585873211,11.547773215241078,12.004827499389648,3453200,0.0,0,0.00900353961545397,0.6948152040540899,12.601142835617065,13.388883657786689,11.81340201344744,12.261921441326082,12.458314160185433,13.69021751703129,13.977847508806597,12.775517463684082
2018-02-13,11.94769814123813,12.076245025303583,11.74773753236252,11.997688293457031,3531700,0.0,0,-0.0005946945870717313,0.6944020012132238,12.561150550842285,13.385710118987689,11.736590982696882,12.261921441326082,12.458314160185433,13.661651121166951,13.963957365977976,12.628758430480955
2018-02-14,11.902292362228996,11.91696876825607,11.579419127538516,11.711503982543944,4411400,0.45,0,-0.023853287726199657,0.677838230480636,12.506491994857788,13.401917691466588,11.611066298248987,12.040536611230692,12.458314160185433,13.650941851911803,13.876550583398501,12.217827796936035
2018-02-15,11.799560359657804,12.137110701340069,11.777545750541858,12.11509609222412,4527600,0.0,0,0.03446116829074497,0.7011973278151299,12.477726173400878,13.384685486960564,11.570766859841193,12.040536611230692,12.308341728095513,13.647370955150581,13.852144656932047,12.35725212097168
2018-02-16,12.137110970198323,12.511349536125635,12.137110970198323,12.47465991973877,1981100,0.0,0,0.029678990969409735,0.7220081569751293,12.467295598983764,13.369290540377731,11.565300657589797,11.976000633052841,12.308341728095513,13.583095429047443,13.775914756614895,12.393939971923828
2018-02-20,12.430632633731856,12.577392505198093,12.078405863050628,12.188477516174316,3367800,0.0,0,-0.022941098627596523,0.7054444966360337,12.433986234664918,13.325326139720012,11.542646329609823,12.00902211758907,12.308341728095513,13.575953635034544,13.768772962601997,12.958970069885254
2018-02-21,12.25451993332454,12.408618008119904,12.07106904450004,12.144448280334473,2692200,0.0,0,-0.003612365513364302,0.702896173264793,12.385620641708375,13.227699127430023,11.543542155986726,12.00902211758907,12.308341728095513,13.454548827456737,13.64736815502419,12.951631546020508
2018-02-22,12.511350318448937,12.819547874075027,12.25452018844322,12.526026725769045,3117200,0.0,0,0.03141999015735131,0.7249811641104127,12.364903831481934,13.170586763068622,11.559220899895246,12.130099802027537,12.308341728095513,13.454548827456737,13.64736815502419,12.570053100585938
2018-02-23,12.614083577733892,12.834224085701925,12.555379348967804,12.709477424621582,2003000,0.0,0,0.014645561826491571,0.7355989205724336,12.347646331787109,13.106422656829912,11.588870006744306,12.190998650471501,12.308341728095513,13.417056401856748,13.629515612963623,12.804871559143066
2018-02-26,12.819545277106066,12.819545277106066,12.62141941689766,12.775517463684082,1860800,0.0,0,0.0051961254468704254,0.7394211848423105,12.337261581420899,13.06571727955215,11.608805883289648,12.20682160662022,12.308341728095513,13.302794361517728,13.575955140376667,13.091056823730469
2018-02-27,12.804870927067984,12.841560540192352,12.415954589702167,12.548039436340332,2550200,0.0,0,-0.01780577796479732,0.7262552154025409,12.321573162078858,13.016557313484189,11.626589010673527,12.210489833865434,12.308341728095513,13.299223802632888,13.572384581491827,13.03968906402588
2018-02-28,12.606745261018812,12.70213910705018,12.371928348062337,12.386603355407717,2291200,0.0,0,-0.012865442585801912,0.7169116206261403,12.30602560043335,12.980042371911034,11.632008828955664,12.309553145367104,12.308341728095513,13.299223802632888,13.572384581491827,12.988322257995604
2018-03-01,12.437970283384418,12.702138600107896,12.33523683835165,12.58473014831543,1711400,0.0,0,0.01599524802909058,0.7283787998129927,12.288958072662354,12.914330374458306,11.663585770866401,12.456314792346197,12.308341728095513,13.21352558295083,13.572384581491827,12.907604217529297
2018-03-02,12.467320288487972,12.614081536463198,12.115094972890216,12.540700912475586,2483400,0.0,0,-0.0034986237544185617,0.725830476441752,12.282543849945068,12.894538489749696,11.67054921014044,12.456314792346197,12.304771433756525,13.224237586587927,13.572384581491827,12.91494369506836
2018-03-05,12.540701683797147,13.032350075248528,12.481997460920224,12.988322257995604,2198600,0.0,0,0.03569348704223696,0.7517378971474864,12.302438497543335,12.976594221849819,11.628282773236851,12.551709559874284,12.304771433756525,13.224237586587927,13.572384581491827,12.848902702331545
2018-03-06,12.995660601279727,13.259830335341675,12.848900726504723,13.223140716552734,1949100,0.0,0,0.018079198674992636,0.765328715941537,12.351570653915406,13.136008758108355,11.567132549722457,12.687462654115945,12.350241032660861,13.158179978059177,13.572384581491827,12.555377960205078
2018-03-07,13.179110357311403,13.413928656004892,13.032350495199482,13.384575843811035,2011500,0.0,0,0.012208531295157199,0.7746722555211917,12.40734634399414,13.311306019436792,11.503386668551489,12.764511814447554,12.42729019299247,13.058198251123645,13.572384581491827,12.621419906616213
2018-03-08,13.406592715021583,13.406592715021583,13.208465398140826,13.259831428527832,1269600,0.0,0,-0.009320012583057258,0.7674523003519889,12.459741353988647,13.431985270341228,11.487497437636067,12.764511814447554,12.42729019299247,13.031418259020475,13.572384581491827,12.81954574584961
2018-03-09,13.303859254628216,13.303859254628216,13.13508475489395,13.259831428527832,1103600,0.0,0,0.0,0.7674523003519889,12.536060237884522,13.507904682165098,11.564215793603946,12.764511814447554,12.42729019299247,13.031418259020475,13.572384581491827,13.025012969970703
2018-03-12,13.25983011781493,13.560689465730237,13.230478703189132,13.516661643981934,1201400,0.0,0,0.019369040763334677,0.7823171152414214,12.617008018493653,13.631904207256198,11.602111829731108,12.837892219310227,12.500670597855143,13.040344290046233,13.572384581491827,13.06904125213623
2018-03-13,13.575366928042884,13.758817832475897,13.120408069216513,13.164437294006348,2396300,0.0,0,-0.026058531259632978,0.761931080238957,12.674988508224487,13.675607557634105,11.67436945881487,12.936956402683055,12.599734781227973,12.938577894054756,13.479544216526108,12.8709135055542
2018-03-14,13.413928674105083,13.45061828977779,13.17911037509474,13.274505615234377,1833900,0.0,0,0.00836103501956309,0.7683016126833284,12.738829374313354,13.721009080589988,11.75664966803672,12.936956402683055,12.599734781227973,12.852880539736933,13.393846862208285,12.621419906616213
2018-03-15,13.281844960268378,13.33321098647428,13.002998818551715,13.06904125213623,1868100,0.0,0,-0.015478117909140554,0.756409749732433,12.80670623779297,13.675442452589166,11.937970022996772,13.12040764669806,12.599734781227973,12.697552416260574,13.24030388590142,12.606743812561035
2018-03-16,13.076378021417378,13.179110062560026,12.980984183159071,13.135082244873049,2689100,0.0,0,0.00505323928991519,0.7602320691990558,12.857705545425414,13.675797872343225,12.039613218507604,13.303859279490311,12.599734781227973,12.697552416260574,13.24030388590142,12.768179893493652
2018-03-19,13.105728780959016,13.127741986546305,12.944291142018292,13.098390579223633,1553300,0.0,0,-0.002793409661651536,0.7581084295918579,12.888892078399659,13.693496776132699,12.084287380666618,13.351554487247094,12.599734781227973,12.58328944005865,13.147465905914718,12.775517463684082
2018-03-20,13.039692475380368,13.215805200699698,12.790199097939766,12.863579750061035,1679900,0.0,0,-0.01792669318740958,0.7445180523717757,12.922647190093993,13.66002125791487,12.185273122273117,13.27450846520783,12.653295523858487,12.420819368507821,13.004635717903312,12.878251075744627
2018-03-21,12.848898085800023,12.936953712643993,12.738827852435588,12.775517463684082,1698600,0.0,0,-0.006845861578814061,0.7394211848423103,12.954200649261475,13.603528472817883,12.304872825705067,13.248822842455741,12.669118480007207,12.360117800755758,13.004635717903312,13.472634315490724
2018-03-22,12.738830082735568,12.93695597763163,12.6214216266419,12.628758430480955,1943000,0.0,0,-0.011487521630361042,0.7309270679874871,12.95933723449707,13.596413654720319,12.322260814273822,13.190119729558898,12.669118480007207,12.360117800755758,13.004635717903312,13.435941696166992
2018-03-23,12.658110169719668,12.658110169719668,12.203151391265465,12.217827796936035,1927700,0.0,0,-0.03253927421345648,0.7071432316922045,12.934754753112793,13.64325396788045,12.226255538345137,12.980984611870682,12.768181791508876,12.249425385708061,13.004635717903312,13.714789390563965
2018-03-26,12.415956350065306,12.467322375569823,12.14444841574527,12.35725212097168,2169800,0.0,0,0.011411547646023479,0.7152128303732231,12.913841485977173,13.663846668583087,12.163836303371259,12.79753335276153,12.914943438487969,12.174439169663103,13.004635717903312,13.714789390563965
2018-03-27,12.430630984637226,12.592067241719102,12.25451832246999,12.393939971923828,2022500,0.0,0,0.0029689327848125835,0.7173362491934369,12.906136512756348,13.674162443498343,12.138110582014352,12.738829701109776,12.914943438487969,12.142171180574177,13.004635717903312,13.685437202453612
2018-03-28,12.445307045298163,13.025012498749854,12.445307045298163,12.958970069885254,2030800,0.0,0,0.04558922338186222,0.7500390516978236,12.934754848480225,13.664509880608643,12.204999816351807,12.680126808222484,12.914943438487969,12.158681922842291,13.004635717903312,14.096364974975586
2018-03-29,12.97364615496998,13.025012176232966,12.841561300511376,12.951631546020508,1483800,0.0,0,-0.0005662891283158,0.7496143127370348,12.953099918365478,13.664765138288846,12.24143469844211,12.680126808222484,12.936956402683055,12.158681922842291,13.004635717903312,14.360533714294434
2018-04-02,12.951631249252108,12.951631249252108,12.45998285759891,12.570053100585938,2083000,0.0,0,-0.029461805184831213,0.7275293218914152,12.954567527770996,13.662902152320433,12.246232903221559,12.680126808222484,12.936956402683055,12.219220765061525,13.004635717903312,14.2944917678833
2018-04-03,12.621420685227658,12.88558899192486,12.371927384733178,12.804871559143066,2134100,0.0,0,0.018680784932100458,0.7411201406854656,12.94539499282837,13.65651958371037,12.234270401946368,12.584730457247563,12.936956402683055,12.249670189283506,13.004635717903312,14.45592975616455
2018-04-04,12.70214039737685,13.142422853705234,12.665450775857543,13.091056823730469,1784100,0.0,0,0.022349717704357452,0.7576839666147994,12.938790798187256,13.641794568937852,12.23578702743666,12.643435634725252,12.936956402683055,12.257581667357867,13.004635717903312,14.77146339416504
2018-04-05,13.127744703839266,13.127744703839266,12.81220896199978,13.03968906402588,1284000,0.0,0,-0.003923881806965568,0.7547109042827701,12.921546459197998,13.596001965562182,12.247090952833814,12.643435634725252,12.936956402683055,12.259415780980474,13.004635717903312,14.793476104736328
2018-04-06,12.980984055183605,13.164434926626372,12.973645852371606,12.988322257995604,1326300,0.0,0,-0.003939266172533817,0.7517378971474866,12.907971000671386,13.565168575019234,12.250773426323539,12.654441671185822,12.936956402683055,12.308947436731309,13.004635717903312,14.70542335510254
2018-04-09,13.039689076999958,13.076378693688849,12.760842951535416,12.907604217529297,1157900,0.0,0,-0.0062146625917459675,0.7470660997592864,12.89035964012146,13.527244429946304,12.253474850296616,12.70947662454818,12.936956402683055,12.382328260220856,13.004635717903312,14.632043838500977
2018-04-10,12.958971519362947,12.98832433530554,12.768182414593998,12.91494369506836,1611300,0.0,0,0.0005686165624054773,0.7474908939168212,12.860273742675782,13.428406193989774,12.292141291361789,12.768181155679775,12.951633124110582,12.38054311305136,13.004635717903312,14.55132293701172
2018-04-11,12.892930531572455,13.12040928220653,12.82688808790136,12.848902702331545,1151600,0.0,0,-0.005113533151680172,0.7436685744501985,12.844497013092042,13.395031709423922,12.293962316760162,12.768181155679775,12.951633124110582,12.428240496815405,13.004635717903312,14.36786937713623
2018-04-12,12.848899071568862,12.848899071568862,12.415954907450132,12.555377960205078,1848300,0.0,0,-0.022844343126141364,0.7266799543633298,12.808540630340577,13.335204703454915,12.281876557226239,12.768181155679775,12.951633124110582,12.518851843388404,12.872520500845813,14.367871284484863
2018-04-13,12.577390691866912,12.628756709455418,12.430630841559612,12.621419906616213,1161600,0.0,0,0.0052600524349373234,0.7305023290266988,12.786159563064576,13.304530341996118,12.267788784133034,12.768181155679775,12.951633124110582,12.595901003720012,12.672557046974749,14.705848693847656
2018-04-16,12.694799103576862,12.878249965765075,12.599405271071353,12.81954574584961,1471400,0.0,0,0.015697587173178373,0.7419694530168052,12.770382738113403,13.263648518870566,12.27711695735624,12.790194917038253,12.951633124110582,12.595901003720012,12.618997062768408,14.773449897766112
2018-04-17,12.82688567620902,13.069040790933569,12.819547472778677,13.025012969970703,1515800,0.0,0,0.01602765247650173,0.7538614815579386,12.766713857650757,13.251082080034585,12.282345635266928,12.790194917038253,12.951633124110582,12.595901003720012,12.618997062768408,14.96872901916504
2018-04-18,13.025013429619635,13.113070474272066,13.002998818551715,13.06904125213623,1585200,0.0,0,0.0033802870113861516,0.7564097497324332,12.776986932754516,13.277755499844616,12.276218365664416,12.790194917038253,12.951633124110582,12.669281408582684,12.618997062768408,15.096406936645508
2018-04-19,12.98832194851044,13.061701175643812,12.73149045468652,12.8709135055542,1853400,0.0,0,-0.015160082729836488,0.7449425153488346,12.781756734848022,13.284211187589337,12.279302282106707,12.768182094828331,12.79753335276153,12.768345591955514,12.618997062768408,15.261639595031738
2018-04-20,12.834222179428448,12.988321631812973,12.562715686569488,12.621419906616213,1427600,0.0,0,-0.019384296136425894,0.7305023290266988,12.781389808654785,13.28430615421146,12.27847346309811,12.768182094828331,12.738829701109776,12.768345591955514,12.618997062768408,15.479446411132812
2018-04-23,12.6140820152002,12.650771628776976,12.481997166933333,12.606743812561035,1373000,0.0,0,-0.0011627926306044811,0.7296529063018671,12.800835609436035,13.240547961000047,12.361123257872023,12.768182094828331,12.680126808222484,12.860071213963018,12.618997062768408,15.757342338562012
2018-04-24,12.628756844534273,12.819545911631575,12.628756844534273,12.768179893493652,1518500,0.0,0,0.012805533556711657,0.7389965010782679,12.821381998062133,13.211345312958093,12.431418683166173,12.7645126908611,12.680126808222484,12.951797030359142,12.618997062768408,15.56957721710205
2018-04-25,12.724151448088609,12.79019386803106,12.62141941689766,12.775517463684082,1561200,0.0,0,0.0005746762852369969,0.7394211848423107,12.840460872650146,13.178223188166218,12.502698557134075,12.771850657915838,12.680126808222484,12.975644634237533,12.618997062768408,15.622151374816896
2018-04-26,12.790195438091391,12.966308113016993,12.75350442271994,12.878251075744627,1605900,0.0,0,0.008041444297859357,0.7453671991128773,12.836424922943115,13.170291099339394,12.502558746546836,12.797533820602698,12.654441671185822,12.96390199453316,12.599734781227973,15.764852523803713
2018-04-27,12.929619828650193,13.47997251932064,12.907605217160436,13.472634315490724,1647800,0.0,0,0.04615403413477326,0.7797689022636733,12.862475061416626,13.295923548118445,12.429026574714808,12.980984843126986,12.812210467532955,12.958970661231474,12.599734781227973,15.56206512451172
2018-04-30,13.428603493211028,13.56068834718017,13.28184363294906,13.435941696166992,2059900,0.0,0,-0.0027234925601404836,0.7776452074597293,12.905769491195679,13.384832505961297,12.426706476430061,13.02134275705675,12.85256838146272,12.929619104783052,12.599734781227973,15.622151374816896
2018-05-01,13.45795785598336,13.729464398547996,13.274506959799966,13.714789390563965,2058000,0.0,0,0.020753863086241386,0.7937843496250203,12.951265382766724,13.544062598875398,12.358468166658051,13.105730782740665,12.936956407146633,12.874583201689779,12.599734781227973,15.65219497680664
2018-05-02,13.714789390563965,13.758817213754586,13.435943244578418,13.714789390563965,1433400,0.0,0,0.0,0.7937843496250203,12.982452011108398,13.661712335469407,12.30319168674739,13.12040719034396,13.006667768112287,12.85623839562475,12.599734781227973,15.742321968078612
2018-05-03,13.663423989659243,13.758817844213285,13.524000910277802,13.685437202453612,1459100,0.0,0,-0.0021401851150953943,0.7920855041753572,13.014739418029786,13.760685991915224,12.268792844144347,13.120407505573308,13.065372614473231,12.826886569798873,12.599734781227973,15.68974494934082
2018-05-04,13.70745000437056,14.096364974975586,13.685435394864577,14.096364974975586,1890300,0.0,0,0.030026645582670985,0.8158691748804019,13.070141553878784,13.95355960929591,12.186723498461658,13.358892195936622,13.234146179854381,12.797535123355226,12.599734781227973,16.020214080810547
2018-05-07,14.11104042199791,14.389886524973576,14.05233620025867,14.360533714294434,1741500,0.0,0,0.018740202867037814,0.8311587287306234,13.14278802871704,14.18701640641519,12.098559651018892,13.505652970935618,13.380906954853376,12.80854160545277,12.599734781227973,15.82494068145752
2018-05-08,14.36053419450074,14.426576621118176,14.177083320478769,14.2944917678833,1672600,0.0,0,-0.00459885041357444,0.8273363540672545,13.211765432357788,14.364529599915763,12.059001264799814,13.590040521919057,13.399252002925678,12.80854160545277,12.599734781227973,16.05776596069336
2018-05-09,14.250464268800716,14.4999575750214,14.191760043785209,14.45592975616455,2160000,0.0,0,0.011293720049842415,0.8366800592371474,13.292116785049439,14.552717096594026,12.031516473504851,13.703781396090918,13.457956241235767,12.760843429965309,12.599734781227973,15.892538070678713
2018-05-10,14.529308302444925,15.10901372179799,14.38254844663765,14.77146339416504,3644100,0.0,0,0.021827280799142867,0.8549425098291601,13.402921056747436,14.77120640957136,12.034635703923513,14.191760340798979,13.76248431462406,12.790196018704155,12.599734781227973,15.98266315460205
2018-05-11,14.822828911903995,14.97692695067762,14.62470166237887,14.793476104736328,2164800,0.0,0,0.0014902186725780364,0.8562165611212882,13.511523866653443,14.957893929744092,12.065153803562794,14.191760340798979,13.76248431462406,12.790196018704155,12.599734781227973,15.907556533813477
2018-05-14,14.859521423978457,14.859521423978457,14.617366316016906,14.70542335510254,1709200,0.0,0,-0.005952133833210138,0.8511202455592833,13.605817747116088,15.10495636507729,12.106679129154886,14.272478483188204,13.76248431462406,12.795699036934439,12.599734781227973,16.192960739135742
2018-05-15,14.543986792698949,14.67607166159236,14.441254738945965,14.632043838500977,1775900,0.0,0,-0.004989962874894283,0.8468731871318717,13.686169290542603,15.224361993338086,12.14797658774712,14.316507316037896,13.76248431462406,12.823216513615618,12.599734781227973,16.035234451293945
2018-05-16,14.64671677347835,14.793478029170618,14.485280511912103,14.55132293701172,1514700,0.0,0,-0.0055167208614327334,0.8422012241534332,13.760283374786377,15.31532626153046,12.205240488042294,14.397224558331283,13.76248431462406,12.859907139895178,12.599734781227973,16.087814331054688
2018-05-17,14.588009819839083,14.712756443935712,14.28715056165641,14.36786937713623,2265300,0.0,0,-0.012607345783583024,0.831583302101174,13.835131168365479,15.35507101306331,12.315191323667648,14.580674961028329,13.76248431462406,12.859907139895178,12.599734781227973,16.15540885925293
2018-05-18,14.420447032203136,14.61572265070042,14.300276759646666,14.367871284484863,1616200,0.45,0,1.3275097243692358e-07,0.831583412494666,13.92245373725891,15.350361927429727,12.494545547088094,14.643048521138379,13.7698222816788,12.859907139895178,12.599734781227973,16.29810905456543
2018-05-21,14.615720287730325,14.788466280076676,14.367868961585684,14.705848693847656,2075800,0.0,0,0.023523137329867216,0.8511448633080178,14.027408981323243,15.35724113033114,12.697576832315345,14.650386882791599,13.795505444365661,12.859907139895178,12.599734781227973,16.305620193481445
2018-05-22,14.750917430082488,14.886109371098383,14.66079042443384,14.773449897766112,1330500,0.0,0,0.004596892387906726,0.8550574846511643,14.127672481536866,15.360446972833541,12.89489799024019,14.6980821417272,13.795505444365661,12.870914020574418,12.599734781227973,16.500896453857422
2018-05-23,14.80349376546886,15.006281704527014,14.758430256525868,14.96872901916504,1498800,0.0,0,0.013218247785742765,0.8663598463543373,14.237333059310913,15.352887130885364,13.121778987736462,14.646716133091711,13.795505444365661,12.870914020574418,12.599734781227973,16.320642471313477
2018-05-24,15.021300149389994,15.096406936645506,14.818512253562954,15.096406936645508,1661300,0.0,0,0.00852964318593763,0.8737495867143635,14.348240852355957,15.333366519307171,13.363115185404743,14.69177874915096,13.795505444365661,12.870914020574418,12.599734781227973,16.343175888061523
2018-05-25,15.12644767446846,15.336746376738304,15.09640582131146,15.261639595031738,1290100,0.0,0,0.010945164573242794,0.8833129197367551,14.437691116333008,15.413286795058715,13.462095437607301,14.811948469197358,13.909371771835819,12.78285772379493,12.599734781227973,16.628576278686523
2018-05-29,15.20155179718938,15.53202071936854,15.126445028620145,15.479446411132812,1447900,0.0,0,0.014271521401408194,0.8959191389749185,14.5398663520813,15.502207296701565,13.577525407461033,14.909585640512475,14.007008943150936,12.753505897969053,12.599734781227973,16.921497344970703
2018-05-30,15.479449108732654,15.817427477379931,15.34425718825666,15.757342338562012,1427700,0.0,0,0.01795257530846439,0.9120031947876602,14.641993999481201,15.664724243747058,13.619263755215345,15.05228901951817,14.219423447138796,12.724154451525408,12.599734781227973,17.01913070678711
2018-05-31,15.742321824522351,15.832450255483227,15.509492073975736,15.56957721710205,1319500,0.0,0,-0.011916039991112903,0.9011357282465478,14.734733390808106,15.740387478207062,13.72907930340915,15.066363507564947,14.226934836190445,12.722319749541793,12.599734781227973,16.763771057128906
2018-06-01,15.62966219669695,15.734812270474936,15.471939234844168,15.622151374816896,1516800,0.0,0,0.0033767235283110875,0.9041786144623196,14.83156909942627,15.78552513437516,13.87761306447738,15.100159608534454,14.292977339101583,12.725988733069162,12.599734781227973,16.898967742919922
2018-06-04,15.682234924059523,15.772363344920697,15.50949033599682,15.764852523803713,1089200,0.0,0,0.00913453887131399,0.9124378691627365,14.914993476867675,15.889011457054357,13.940975496680993,15.246620339958532,14.37002773632183,12.72598774589426,12.653295523858487,16.891450881958008
2018-06-05,15.809916498738724,15.81742732008411,15.524512450327476,15.56206512451172,1330300,0.0,0,-0.012863260153293421,0.9007009434779795,14.97507004737854,15.953137047922134,13.997003046834948,15.295440256004547,14.553478607641598,12.89659765532997,12.669118480007207,17.03415298461914
2018-06-06,15.532024377341818,15.637173018577004,15.42687573610663,15.622151374816896,1354200,0.0,0,0.0038610717680735984,0.9041786144623195,15.04145302772522,16.00571617056422,14.077189884886222,15.32548125452309,14.553478607641598,12.936955569259736,12.669118480007207,16.921497344970703
2018-06-07,15.65219497680664,15.817428763859205,15.569577367008948,15.65219497680664,1111900,0.0,0,0.0019231411390734365,0.9059174775528624,15.101266288757325,16.061180836721316,14.141351740793333,15.464428038397344,14.634196750030823,13.021343594943648,12.768181791508876,16.801326751708984
2018-06-08,15.59210982516443,15.809917933779984,15.5620665370559,15.742321968078612,1279400,0.0,0,0.00575810558234946,0.9111338460375076,15.149809217453003,16.136219475360257,14.163398959545747,15.479447642051685,14.678225582880515,13.063537479228124,12.914943438487969,16.643600463867188
2018-06-11,15.704766590812843,15.809915216031849,15.584596324121817,15.68974494934082,1535500,0.0,0,-0.003339851569825858,0.9080907942314977,15.194622659683228,16.193700251202767,14.19554506816369,15.588353721869943,14.758942825173902,13.092890060023269,12.914943444356663,16.455833435058594
2018-06-12,15.727299231494978,16.057766752374175,15.704766769031243,16.020214080810547,1477000,0.0,0,0.021062747198042242,0.9272176810632652,15.260362195968629,16.294821214905483,14.225903177031775,15.742321244240403,15.055051476316422,13.296519187895502,13.083717009737814,16.801326751708984
2018-06-13,15.990175912492212,16.140388065882114,15.742323065940171,15.82494068145752,2776300,0.0,0,-0.012189187882759356,0.9159156505405686,15.320007038116454,16.339980643887134,14.300033432345773,15.783631900994372,15.158735693180441,13.443279962894497,13.252490748931896,16.48587417602539
2018-06-14,15.94510651901422,16.11034170384998,15.869999747047286,16.05776596069336,752900,0.0,0,0.014712553046637877,0.9293911081353925,15.395329189300536,16.39931355637567,14.391344822225404,15.783631900994372,15.166074054833661,13.494646262422368,13.270835797004196,16.41828155517578
2018-06-15,16.050262493243313,16.16292197647914,15.870005601014324,15.892538070678713,2049700,0.0,0,-0.010289593858765711,0.919828051096731,15.471562623977661,16.377665534723448,14.565459713231876,15.794898856292885,15.225036269067775,13.580868818663342,13.307526273955808,16.170433044433594
2018-06-18,15.817427943575677,16.027726651907994,15.764853624628284,15.98266315460205,769400,0.0,0,0.005670905649086677,0.9250443091878839,15.55230221748352,16.327662909975142,14.776941524991898,15.794898856292885,15.225036269067775,13.97712232771152,13.612054347344102,16.23802375793457
2018-06-19,15.915067355531926,16.057768670554168,15.854982214327096,15.907556533813477,953600,0.0,0,-0.004699255691123505,0.9206972894533914,15.61238760948181,16.295935054290354,14.92884016467327,15.86249425676752,15.225036269067775,13.97712232771152,13.612054347344102,16.24553680419922
2018-06-20,15.952620172197909,16.275578346224165,15.915067495817413,16.192960739135742,1506700,0.0,0,0.017941423292483938,0.9372159092477172,15.683363151550292,16.293865527391496,15.072860775709088,15.918822441640032,15.281364453940288,14.017481398906131,13.612054347344102,15.742321968078612
2018-06-21,16.20797901886083,16.275574968350913,15.975149322029704,16.035234451293945,1143900,0.0,0,-0.009740423038301915,0.9280870298134177,15.736688423156739,16.268656001954096,15.204720844359384,15.930087335172992,15.281364453940288,14.039495815330978,13.612054347344102,15.757342338562012
2018-06-22,16.080303508228077,16.207984631194503,16.05026164946461,16.087814331054688,3077100,0.0,0,0.003279021577168084,0.9311302472096658,15.786258792877197,16.250038011813995,15.3224795739404,15.990172557627705,15.281364453940288,14.079854436477671,13.62673106877163,16.230514526367188
2018-06-25,16.072791248091274,16.207983181794766,15.907557458310816,16.15540885925293,1318200,0.0,0,0.004201597980140859,0.9350424821755899,15.830947256088256,16.25393725294527,15.407957259231244,16.008950706082167,15.287927552935415,14.171579637826195,13.62673106877163,16.305620193481445
2018-06-26,16.200469814433667,16.33566172689757,16.10283200684453,16.29810905456543,1255800,0.0,0,0.008832967123005853,0.9433016816792608,15.871880388259887,16.30924734832152,15.434513428198255,16.05025767576293,15.351765344241628,14.20643540140859,13.62673106877163,16.24553680419922
2018-06-27,16.358195945950364,16.388237800532686,16.192960731847887,16.305620193481445,1129800,0.0,0,0.0004608595322850295,0.9437364112510831,15.89929428100586,16.372196275351026,15.426392286660693,16.076545712580483,15.524514112483264,14.22294616357863,13.62673106877163,16.703683853149414
2018-06-28,16.27557754162772,16.523428918097473,16.26055589880102,16.500896453857422,1106300,0.0,0,0.01197600937951715,0.9550386073640179,15.945860242843628,16.461674701265313,15.430045784421942,16.144141271362876,15.640929587311671,14.24679379304643,13.62673106877163,16.576004028320312
2018-06-29,16.455834403544824,16.530941191733664,16.275578971417303,16.320642471313477,2449300,0.0,0,-0.01092389028971863,0.9446058703947278,15.980784797668457,16.49880527190101,15.462764323435907,16.19296170303038,15.674726722648309,14.221110788728687,13.62673106877163,16.793813705444336
2018-07-02,15.719791945160583,16.440813715605707,15.719791945160583,16.343175888061523,1523900,0.0,0,0.0013806697124609801,0.9459100591101947,16.009700965881347,16.540822024572222,15.478579907190472,16.125366568447124,15.813673506522562,14.243642096758311,13.62673106877163,16.643600463867188
2018-07-03,16.403257383721176,16.73372633787394,16.283087115400644,16.628576278686523,1403400,0.0,0,0.017462970023683244,0.9624284581175364,16.06302652359009,16.617567974147164,15.508485073033016,16.226759141517263,15.930085683247043,14.360660120516588,13.740597396241787,16.741239547729492
2018-07-05,16.718709422647336,16.936517558350097,16.53845396920757,16.921497344970703,1193400,0.0,0,0.01761552290316204,0.9793821386641608,16.12799382209778,16.76057319143214,15.495414452763415,16.328154751755342,16.14038737330338,14.458297291831705,13.838234567556905,16.583515167236328
2018-07-06,16.94402392945162,17.15432261948247,16.906471257055188,17.01913070678711,1234800,0.0,0,0.005769782651381172,0.9850329607368978,16.196340608596802,16.90065453467515,15.492026682518452,16.437057282321526,16.29059917779455,14.635856233328482,13.980937946562602,16.741239547729492
2018-07-09,17.064196779336033,17.071707601459064,16.68115344631838,16.763771057128906,1200700,0.0,0,-0.015004271020515048,0.970253259229861,16.247413063049315,16.960808338908123,15.534017787190509,16.437057282321526,16.29059917779455,14.646649171877696,13.988449335614249,17.184370040893555
2018-07-10,16.763775771769645,16.981585376965814,16.70369061042988,16.898967742919922,1668900,0.0,0,0.008064813419980554,0.9780781707356779,16.30787420272827,17.026974385600692,15.588774019855851,16.437057282321526,16.29059917779455,14.696568473818019,13.988449335614249,17.357112884521484
2018-07-11,16.711195462359036,17.08672794465924,16.711195462359036,16.891450881958008,1423800,0.0,0,-0.00044481184154354647,0.9776431099833794,16.351436042785643,17.10080817703101,15.602063908540277,16.437057282321526,16.29059917779455,14.808324038140182,13.988449335614249,17.517967224121094
2018-07-12,16.929004351950006,17.086727300953708,16.846386750542727,17.03415298461914,1247100,0.0,0,0.008448185040963896,0.9859024198805425,16.411896657943725,17.176730753627034,15.647062562260418,16.437057282321526,16.29059917779455,14.924459431823072,13.988449335614249,17.816699981689453
2018-07-13,16.989093319078492,17.11677444433287,16.853901370862914,16.921497344970703,1110600,0.0,0,-0.006613515785032553,0.9793821386641608,16.455083227157594,17.232630703441355,15.677535750873833,16.437057282321526,16.358194578269185,14.939479931082344,13.988449335614249,17.755420684814453
2018-07-16,16.913986229089907,16.951538910702556,16.703687487447336,16.801326751708984,1146800,0.0,0,-0.007101652460882013,0.9724269070889726,16.500522661209107,17.24650242636188,15.754542896056336,16.71870486744156,16.358194578269185,15.049312394214084,13.988449335614249,17.824357986450195
2018-07-17,16.838877537866296,16.95153700256579,16.576004498538925,16.643600463867188,1332800,0.0,0,-0.009387728134372053,0.9632980276546731,16.533569526672363,17.242079100253896,15.825059953090829,16.84638829434502,16.369459471802145,15.0788366124661,14.043484288976607,17.84733772277832
2018-07-18,16.63608885657742,16.688663175452568,16.313130689152658,16.455833435058594,968700,0.0,0,-0.011281635197638362,0.9524304507200685,16.56098337173462,17.209776213203803,15.912190530265434,16.733726654317564,16.429544694256858,15.173648273521923,14.102188820108204,17.793720245361328
2018-07-19,16.44832524136099,16.97407137919593,16.388240091254968,16.801326751708984,1899200,0.0,0,0.020995187999067078,0.9724269070889725,16.591401672363283,17.225030372288813,15.957772972437752,16.714952566742763,16.437057282321526,15.398686360278411,14.214847068553677,17.724781036376953
2018-07-20,16.801321473111308,16.92149173556856,16.470852535082603,16.48587417602539,2293600,0.0,0,-0.018775456268744217,0.9541691482203734,16.613933658599855,17.19629289563529,16.03157442156442,16.714952566742763,16.437057282321526,15.471183797087406,14.256157725307645,17.625207901000977
2018-07-23,16.508408554031924,16.55347348600281,16.268067980358452,16.41828155517578,1036300,0.0,0,-0.0041000325568362195,0.9502570236479412,16.63045701980591,17.16879858626408,16.092115453347738,16.69242121234566,16.437057282321526,15.474852977914017,14.256157725307645,17.985214233398438
2018-07-24,16.500900675921113,16.500900675921113,16.08030459695504,16.170433044433594,1570700,0.0,0,-0.01509588624785485,0.9359120517127267,16.631208229064942,17.166902975694455,16.09551348243543,16.598539520643953,16.437057282321526,15.50996756268033,14.289438441964636,18.107770919799805
2018-07-25,16.1779386232747,16.380725057412636,16.14789533967346,16.23802375793457,881000,0.0,0,0.004179895078582518,0.9398240658916668,16.6282039642334,17.172038225696383,16.084369702770417,16.598539520643953,16.437057282321526,15.50996756268033,14.289438441964636,17.93925666809082
2018-07-26,16.275580094565118,16.47085718431469,16.215494946376246,16.24553680419922,1341500,0.0,0,0.0004626823052267248,0.9402589058569811,16.625199794769287,17.176821728987832,16.073577860550742,16.527187988075486,16.437057282321526,15.543765262917647,14.289438441964636,18.06181526184082
2018-07-27,16.31313154925529,16.328153193309554,15.659705790865802,15.742321968078612,1039800,0.0,0,-0.030975574533833483,0.9111338460375075,16.587271070480348,17.260284149085134,15.914257991875562,16.316888585030867,16.407014205174136,15.60009344779016,14.345766626837149,17.893301010131836
2018-07-30,15.742320695721856,15.82493829880001,15.592108564948411,15.757342338562012,1293100,0.0,0,0.0009541394537513348,0.91200319478766,16.559106063842773,17.31714919770116,15.801062929984386,16.28308997207217,16.37321559221544,15.60572589455664,14.345766626837149,18.11543273925781
2018-07-31,15.900045537106235,16.253045558731806,15.794896899290691,16.230514526367188,1468200,0.0,0,0.03002867981405788,0.9393894467133365,16.553472995758057,17.319570055975035,15.787375935541077,16.28308997207217,16.37321559221544,15.635768505783997,14.345766626837149,18.046491622924805
2018-08-01,16.223004018972983,16.328152658825267,15.960130986799497,16.305620193481445,1172100,0.0,0,0.004627435993618478,0.9437364112510831,16.537325191497803,17.310067409004354,15.764582973991251,16.256800150258485,16.37321559221544,15.648439129508791,14.345766626837149,17.717124938964844
2018-08-02,16.253047626790693,16.41828285871729,16.207984123784772,16.24553680419922,818300,0.0,0,-0.00368482698414907,0.9402589058569811,16.50352716445923,17.26502897227289,15.742025356645566,16.07279102547561,16.37321559221544,15.701011510002278,14.38314628422859,17.80904197692871
2018-08-03,16.253044609130416,16.711194674346377,16.253044609130416,16.703683853149414,910100,0.0,0,0.02820141029945966,0.9667755330487748,16.487754821777344,17.21797932929803,15.75753031425666,16.151651619647396,16.37321559221544,15.800529912531873,14.43511748373301,17.80137825012207
2018-08-06,16.69617431159656,16.7637702750073,16.55347299554525,16.576004028320312,761200,0.0,0,-0.007643812344127143,0.9593856822952566,16.478366470336915,17.198812336239072,15.757920604434759,16.177939419977854,16.37321559221544,15.892535429337274,14.502713042515403,17.832021713256836
2018-08-07,16.606047457154638,16.82385556024844,16.455833885505765,16.793813705444336,897100,0.0,0,0.013140059374496582,0.9719920671236582,16.473108768463135,17.182531988478935,15.763685548447334,16.207982062598425,16.37321559221544,15.933844212839345,14.506469179333498,18.031177520751957
2018-08-08,16.786303216509385,16.786303216509385,16.538451821153366,16.643600463867188,846500,0.0,0,-0.00894455805047134,0.963298027654673,16.460716247558594,17.14857684607578,15.772855649041407,16.207982062598425,16.37321559221544,15.969520037484843,14.506469179333498,17.740100860595703
2018-08-09,16.67364358308525,17.10926122604658,16.67364358308525,16.741239547729492,1048400,0.0,0,0.00586646405471436,0.9689491809078864,16.44607057571411,17.095462511782415,15.796678639645805,16.350684895497494,16.37321559221544,16.078422412382153,14.607861752403636,17.90096092224121
2018-08-10,16.718707096643215,16.77128141751416,16.57600434532008,16.583515167236328,714600,0.0,0,-0.009421308383019689,0.9598204118670789,16.42917146682739,17.044536086852606,15.813806846802176,16.452079062668638,16.37321559221544,16.23427106252936,14.709257362641715,17.854995727539062
2018-08-13,16.628578651627222,16.756259759006035,16.530940831887097,16.741239547729492,764300,0.0,0,0.00951091363336376,0.9689491809078863,16.42616710662842,17.034710026917747,15.817624186339094,16.534696106423038,16.35444150464064,16.36382823005804,14.887871018190065,17.563926696777344
2018-08-14,16.853902405570494,17.30454178310741,16.68866715536587,17.184370040893555,1502400,0.0,0,0.02646939564425277,0.9945966801365118,16.453205585479736,17.141712806899275,15.764698364060198,16.75626295344609,16.44832517402791,16.36382823005804,14.887871018190065,17.916276931762695
2018-08-15,17.124281699386913,17.447239883731207,17.109261487880506,17.357112884521484,1186300,0.0,0,0.010052323315713929,1.0045946875339797,16.49826955795288,17.292641896532377,15.703897219373385,16.850142246430813,16.51967422433981,16.36382823005804,14.953913521101207,17.84733772277832
2018-08-16,17.40306902921561,17.58690409567665,17.027738919233744,17.517967224121094,1090800,0.45,0,0.009267344210398765,1.013904612295295,16.534101581573488,17.438258026189008,15.629945136957968,17.021368990591206,16.58950633031253,16.36382823005804,15.030963918321454,17.50264549255371
2018-08-17,17.464348322965783,17.824359959160763,17.364771537821387,17.816699981689453,1308300,0.0,0,0.017052935066405706,1.031194661812296,16.60064287185669,17.66447429148319,15.536811452230186,17.140096922333264,16.70823426205459,16.36382823005804,15.214414789641218,17.609886169433594
2018-08-20,17.877977395897577,18.03883253132246,17.678822375139692,17.755420684814453,1578300,0.0,0,-0.0034394302501573604,1.027647939698658,16.667499828338624,17.84076887356378,15.494230783113467,17.284886681604778,16.815470548135437,16.397625930295355,15.214414789641218,17.242218017578125
2018-08-21,17.732439727958845,17.90095629169446,17.732439727958845,17.824357986450195,1219900,0.0,0,0.003882605929731664,1.0316378916830085,16.750196075439455,18.003010686142527,15.497381464736382,17.284886681604778,16.815470548135437,16.538449722855372,15.295132932030445,17.35710906982422
2018-08-22,17.770740873085597,17.908616079127253,17.724781010080456,17.84733772277832,1043800,0.0,0,0.0012892322037962867,1.0329679124756228,16.83066177368164,18.147363349886223,15.513960197477058,17.284886681604778,16.815470548135437,16.607923883073582,15.339161764880137,17.709463119506836
2018-08-23,17.862658582371495,17.931596919381665,17.740101863462602,17.793720245361328,1258700,0.0,0,-0.0030042283196424213,1.0298646410196817,16.908070945739745,18.260023270525465,15.556118620954022,17.284886681604778,16.815470548135437,16.581635674287213,15.419879007173524,17.257537841796875
2018-08-24,17.809039324353463,17.809039324353463,17.586904369139486,17.724781036376953,840400,0.0,0,-0.0038743561230455414,1.025874578641839,17.007193899154665,18.29099190596553,15.723395892343797,17.363749843344166,16.815470548135437,16.576004924532143,15.603329409870572,17.23455810546875
2018-08-27,17.77840309329506,17.7860630720585,17.55626955312159,17.625207901000977,976500,0.0,0,-0.005617735709773863,1.0201114863876537,17.100587177276612,18.272868989146822,15.928305365406402,17.533285725278102,16.815470548135437,16.576004924532143,15.66570296998062,17.004758834838867
2018-08-28,17.617544098502375,18.000534187600252,17.47200745556763,17.985214233398438,1305800,0.0,0,0.02042565026294052,1.0409479268378163,17.188322162628175,18.349477409675547,16.027166915580803,17.533285725278102,16.815470548135437,16.56473924733359,15.67304133163384,16.767305374145508
2018-08-29,18.015854116699487,18.1613892984402,17.923935852607922,18.107770919799805,1142800,0.0,0,0.006814302282470486,1.0480412606716,17.27842969894409,18.43118211672369,16.125677281164492,17.76308041813079,16.876748931694305,16.51779840148274,15.720736590569441,16.7902889251709
2018-08-30,18.123091744109026,18.138411699025035,17.916276735716803,17.93925666809082,1310600,0.0,0,-0.009306184204303292,1.03828799564608,17.36311569213867,18.445900240817114,16.280331143460227,17.816698377003917,16.876748931694305,16.51779840148274,15.720736590569441,17.19625473022461
2018-08-31,17.939258531763187,18.13075360513342,17.87798016672437,18.06181526184082,1990600,0.0,0,0.006831865780035251,1.0453814398733559,17.431022262573244,18.51016922061796,16.351875304528527,17.816698377003917,16.876748931694305,16.482122635198508,15.720736590569441,17.387752532958984
2018-09-04,18.04649619982642,18.169052935978705,17.793722748888396,17.893301010131836,996400,0.0,0,-0.009329862434425684,1.0356281748478355,17.496887111663817,18.517872828940945,16.47590139438669,17.820530195773166,16.880580750463558,16.3619513951025,15.720736590569441,17.22689437866211
2018-09-05,17.885639247145413,18.25330941892181,17.78606099583635,18.11543273925781,1457100,0.0,0,0.012414239776114666,1.0484847113292965,17.562968063354493,18.564050753739377,16.56188537296961,17.86265843724472,17.02410315910625,16.328152782143803,15.720736590569441,16.70602798461914
2018-09-06,18.14606985891349,18.16904832799459,18.01585317715294,18.046491622924805,605600,0.0,0,-0.0038056566092181665,1.044494538557962,17.633112621307372,18.559742523537437,16.706482719077307,17.86265843724472,17.106720202860654,16.328152782143803,15.720736590569441,16.231121063232422
2018-09-07,18.023518249250564,18.04649672482789,17.640528072384996,17.717124938964844,802300,0.0,0,-0.018251009162443488,1.0254314591646185,17.68190689086914,18.512336392430246,16.851477389308034,17.86265843724472,17.230646771353292,16.315007871236965,15.727299689564568,16.453256607055664
2018-09-10,17.80904197692871,18.00053705194945,17.770743546321157,17.80904197692871,919200,0.0,0,0.00518803351449626,1.0307514319415834,17.74318323135376,18.40179027251507,17.084576190192454,17.86265843724472,17.253177014026114,16.223003308845527,15.761095790534078,17.050718307495117
2018-09-11,17.7783983200016,17.893296509612785,17.671161568088404,17.80137825012207,689600,0.0,0,-0.00043032785348973146,1.0303078708903946,17.796190166473387,18.265348755790566,17.32703157715621,17.946918745653402,17.354571652213785,16.26243360593142,15.907556521958156,16.874544143676758
2018-09-12,17.839681691491318,17.900960056375716,17.74776341366899,17.832021713256836,925400,0.0,0,0.0017214095843705035,1.0320814527341977,17.828572750091553,18.203332114962414,17.45381338522069,17.946918745653402,17.354571652213785,16.275577506096646,15.95637643800417,16.751989364624023
2018-09-13,17.954579196185442,18.13841429855016,17.824362482719827,18.031177520751957,880600,0.0,0,0.011168436798563386,1.043608189210029,17.862275981903075,18.17725102557709,17.54730093822906,17.946918745653402,17.392125125404455,16.29059882740693,15.986417436522713,16.698368072509766
2018-09-14,18.023514170170444,18.023514170170444,17.571585746870145,17.740100860595703,1032000,0.0,0,-0.016142964585715847,1.0267612591702486,17.873382663726808,18.152236054620662,17.594529272832954,17.91244758289598,17.392125125404455,16.29059882740693,16.125364220396968,16.491558074951172
2018-09-17,17.755424250729394,17.931599375669652,17.571589147184145,17.90096092224121,1368800,0.0,0,0.009067595664171701,1.0360715151120403,17.877595710754395,18.155429464441745,17.599761957067045,17.91244758289598,17.392125125404455,16.36195024385647,16.14038382405131,16.37665367126465
2018-09-18,17.893295609145767,17.9545739587254,17.74009900470114,17.854995727539062,1047300,0.0,0,-0.0025677501281531345,1.0334111423463355,17.882574462890624,18.15492827394549,17.610220651835757,17.87031703743237,17.392125125404455,16.412647327442038,16.249289903869567,16.58346939086914
2018-09-19,17.809040133675772,17.923936874597995,17.517968292606717,17.563926696777344,863900,0.0,0,-0.016301825842096496,1.0165646538805235,17.869552898406983,18.175061110704554,17.564044686109412,17.82819129557844,17.47098828714384,16.444568805531837,16.29059917779455,16.805606842041016
2018-09-20,17.617545112588207,17.916276931762695,17.403070124391125,17.916276931762695,954100,0.0,0,0.020061017167078088,1.0369579748534654,17.8729998588562,18.178988167430138,17.567011550282263,17.77074221147064,17.64052416907778,16.602294063737,16.36570875960702,16.43027687072754
2018-09-21,17.90095756295099,18.023514275648854,17.770740873085597,17.84733772277832,1743000,0.0,0,-0.0038478535047734574,1.0329679124756228,17.87568073272705,18.179756578547245,17.571604886906858,17.77074221147064,17.64052416907778,16.68490823538531,16.43705780991892,16.66773223876953
2018-09-24,17.80903723887375,17.916273984837993,17.28051056335225,17.50264549255371,926400,0.0,0,-0.01931336962289243,1.0130178213733936,17.86457395553589,18.20441952559662,17.524728385475157,17.709462430951206,17.76690999113703,16.80543766045187,16.50688991589164,16.874544143676758
2018-09-25,17.54094782849914,17.763082807286033,17.533287850507374,17.609886169433594,708500,0.0,0,0.006127112437117388,1.019224695465752,17.86380786895752,18.205894355232587,17.52172138268245,17.709462430951206,17.76690999113703,16.924165592193926,16.6256178476337,16.58346939086914
2018-09-26,17.61754821732386,17.763084894283747,17.203918123119426,17.242218017578125,1036100,0.0,0,-0.02087850814695491,0.9979448043578927,17.826658058166505,18.258610448513966,17.394705667819043,17.61371619938414,17.72861377102062,17.050178614870106,16.80044953418918,16.7596492767334
2018-09-27,17.288170743465525,17.45668730167171,17.21923241710683,17.35710906982422,1576700,0.0,0,0.006663356891147387,1.0045944667469955,17.789124965667725,18.24682171574694,17.33142821558851,17.61371619938414,17.72861377102062,17.050178614870106,16.80044953418918,16.52985191345215
2018-09-28,17.341791507907683,17.7401015682285,17.33413153047944,17.709463119506836,2007000,0.0,0,0.020300272831447197,1.0249880085069216,17.777635288238525,18.23115301067864,17.32411756579841,17.61371619938414,17.72861377102062,17.050178614870106,16.811714427722137,17.104339599609375
2018-10-01,17.75542477797388,17.801383189977038,17.257537841796875,17.257537841796875,1487800,0.0,0,-0.025518858175444525,0.9988314848863021,17.737421417236327,18.224764156275928,17.250078678196726,17.61371619938414,17.72861377102062,17.050178614870106,16.815470548135437,16.43793296813965
2018-10-02,17.29583647584853,17.372434804071155,17.142639819403282,17.23455810546875,1276300,0.0,0,-0.0013315767601835837,0.9975014640936879,17.704484272003175,18.233002091164796,17.175966452841553,17.583077047526068,17.697974619162544,17.0896101957398,16.815470548135437,16.614110946655273
2018-10-03,17.234552280853812,17.349449003861285,16.836242277502883,17.004758834838867,1533000,0.0,0,-0.013333632880146995,0.9842011457740535,17.648950576782227,18.224893046000926,17.073008107563528,17.42987827657587,17.544775848212346,17.17437813670677,16.815470548135437,16.384315490722656
2018-10-04,16.920501991814383,16.920501991814383,16.629428710441765,16.767305374145508,1747600,0.0,0,-0.013963941682423098,0.9704578183706906,17.584991264343262,18.24859894035919,16.921383588327334,17.27285134763988,17.441369064681787,17.17437813670677,16.815470548135437,16.300060272216797
2018-10-05,16.7596490106345,16.88220720778855,16.706030621187345,16.7902889251709,1773900,0.0,0,0.0013707361148698194,0.971788059950289,17.538649463653563,18.284205562430213,16.793093364876913,17.2154059502094,17.441369064681787,17.319914674912546,16.876748931694305,16.192819595336914
2018-10-08,16.82092317589065,17.441368141306334,16.82092317589065,17.19625473022461,1847700,0.0,0,0.024178607459524715,0.9952845419856802,17.50801010131836,18.25699522704381,16.759024975592908,17.2154059502094,17.441369064681787,17.346723654349113,16.876748931694305,15.794511795043944
2018-10-09,17.2268959182127,17.441370917543946,17.14263762186982,17.387752532958984,1739800,0.0,0,0.011136018030588613,1.0063680485907989,17.487328815460206,18.225415366159904,16.749242264760507,17.2154059502094,17.441369064681787,17.346723654349113,16.876748931694305,15.387316703796388
2018-10-10,17.34945109275822,17.763081098576038,17.22689437866211,17.22689437866211,2184000,0.0,0,-0.009251233245467727,0.9970579030424992,17.457072448730468,18.185605786296776,16.72853911116416,17.2154059502094,17.441369064681787,17.350555473118362,16.880580750463558,14.972288131713867
2018-10-11,17.203914829326102,17.280513142586702,16.70602798461914,16.70602798461914,1700800,0.0,0,-0.030235652613516573,0.9669112066505449,17.390814971923827,18.139424330657828,16.642205613189827,17.2154059502094,17.39923851921818,17.443380798175482,16.92270899193511,14.604246139526367
2018-10-12,16.95114140890743,16.95114140890743,16.070264459374776,16.231121063232422,2392900,0.0,0,-0.028427279172760556,0.939424551843819,17.315365982055663,18.201171744001556,16.42956022010977,16.916672778975407,17.104339378962468,17.484689320052688,16.92270899193511,15.074088096618652
2018-10-15,16.23112307823627,16.713690027734604,16.16218473388058,16.453256607055664,2467300,0.0,0,0.013685779494703842,0.9522813091122645,17.242980766296387,18.16189459723049,16.324066935362286,16.916672778975407,17.104339378962468,17.546652604299005,16.92270899193511,15.03493595123291
2018-10-16,16.506871641497348,17.15029508411914,16.353676488153372,17.050718307495117,2106100,0.0,0,0.03631267138830396,0.9868611873592821,17.20276689529419,18.080037970797814,16.325495819790564,16.916672778975407,17.104339378962468,17.557917725635416,16.92270899193511,14.659058570861816
2018-10-17,17.012419350905716,17.096677639482802,16.71368754375607,16.874544143676758,1546700,0.0,0,-0.010332360234988847,0.9766645820695572,17.16829776763916,18.040197457680414,16.296398077597907,16.916672778975407,17.104339378962468,17.650745198933592,16.92270899193511,14.627739906311035
2018-10-18,16.874546092531453,17.066041162510736,16.721349452151447,16.751989364624023,897400,0.0,0,-0.007262701617848366,0.9695713586292655,17.110083389282227,17.927657544432567,16.292509234131888,16.916672778975407,17.104339378962468,17.650745198933592,16.92270899193511,14.792180061340332
2018-10-19,16.690709556045924,16.90518308082496,16.675389601135617,16.698368072509766,1294000,0.0,0,-0.0032008910074580177,0.9664678663863402,17.052634906768798,17.81385487388777,16.291414939649826,16.916672778975407,17.046889367511817,17.669521935528927,16.92270899193511,14.956628799438477
2018-10-22,16.77496999683896,16.951145133254784,16.48389809584723,16.491558074951172,1015200,0.0,0,-0.012385042458074813,0.9544981208267804,17.002080535888673,17.771383048284104,16.232778023493243,16.916672778975407,17.046889367511817,17.652286354150217,16.92270899193511,15.13673496246338
2018-10-23,16.42261352854988,16.591128622289173,16.192818625096947,16.37665367126465,1626000,0.0,0,-0.006967468032086699,0.947847685683233,16.940418910980224,17.702550810197394,16.178287011763054,16.67538880098074,17.046889367511817,17.652286354150217,16.92270899193511,15.105412483215332
2018-10-24,16.45325271136153,16.713686070376752,16.315376055295687,16.58346939086914,1772900,0.0,0,0.01262869226863983,0.959817762423269,16.907481479644776,17.671551911066807,16.143411048222745,16.61027977174696,17.046889367511817,17.63122108141841,16.92270899193511,15.105412483215332
2018-10-25,16.583471871596547,16.935823541027787,16.353678384439352,16.805606842041016,1587700,0.0,0,0.013395113286378102,0.9726746300852066,16.879906368255615,17.616079963948682,16.143732772562547,16.656239908999858,17.046889367511817,17.649589791361137,16.92270899193511,15.113241195678713
2018-10-26,16.813266993952038,16.882205333011758,16.24644032590737,16.43027687072754,1771400,0.0,0,-0.02233361608665918,0.9509512883196504,16.81594705581665,17.469510849022143,16.162383262611158,16.671556854608042,17.046889367511817,17.70563319027421,16.92270899193511,14.71387767791748
2018-10-29,16.54517550224113,16.85156734356213,16.529855544927194,16.66773223876953,1702900,0.0,0,0.014452304724398513,0.9646947261165053,16.786456775665282,17.40986918285662,16.163044368473944,16.644748132289877,16.993269222106385,17.70563319027421,16.92270899193511,15.17588710784912
2018-10-30,16.721347520989557,17.012419350905716,16.675389118579904,16.874544143676758,1659300,0.0,0,0.012407921002365097,0.9766645820695571,16.768456077575685,17.358628095366374,16.178284059784996,16.62942989380384,16.935823824675907,17.738186211044116,16.92270899193511,15.089749336242676
2018-10-31,16.958799476275516,16.958799476275516,16.391974359886838,16.58346939086914,1607900,0.0,0,-0.017249340209091746,0.9598177624232689,16.747391605377196,17.332316912482725,16.162466298271667,16.602618988001332,16.935823824675907,17.738186211044116,16.92270899193511,14.807843208312988
2018-11-01,16.66007247489217,16.790289191756276,16.44559745270671,16.7596492767334,1168700,0.0,0,0.010623825552526611,0.9700146988934701,16.747008800506592,17.331891029247775,16.16212657176541,16.602618988001332,16.935823824675907,17.67116498520238,16.92270899193511,15.097579956054688
2018-11-02,16.813265217530176,16.813265217530176,16.307718425167185,16.52985191345215,1662700,0.0,0,-0.013711346788161438,0.9567144909673277,16.733986949920656,17.32606587936548,16.14190802047583,16.602618988001332,16.935823824675907,17.67116498520238,16.92270899193511,14.72953987121582
2018-11-05,16.560494301905653,17.219236349449034,16.560494301905653,17.104339599609375,1668600,0.0,0,0.034754557340571424,0.9899646796022074,16.729391193389894,17.30818166105291,16.15060072572688,16.732838337678203,16.935823824675907,17.67116498520238,16.92270899193511,14.682550430297852
2018-11-06,15.388541003112074,16.460912898107765,14.40042592935049,16.43793296813965,6335400,0.0,0,-0.03896126053793658,0.9513944077968708,16.681900215148925,17.187287894186525,16.176512536111325,15.809831139399762,16.081753513963264,17.67116498520238,16.92270899193511,14.659058570861816
2018-11-07,16.33835760714507,16.652409372257786,16.238780823983767,16.614110946655273,2262600,0.0,0,0.010717769615991024,0.9615912338735798,16.651261043548583,17.09000431624491,16.212517770852255,15.809831139399762,16.081753513963264,17.640525833344306,16.92270899193511,14.103084564208984
2018-11-08,16.591130488799767,16.79028550980092,16.26175877948983,16.384315490722656,2789200,0.0,0,-0.013831342325234641,0.9482911363409295,16.63517541885376,17.088221659649193,16.182129178058325,15.809831139399762,16.081753513963264,17.487327062394108,16.92270899193511,14.244035720825195
2018-11-09,16.391977084209703,16.560493674515676,16.231121932726424,16.300060272216797,2301000,0.0,0,-0.005142431403592496,0.9434146142216615,16.63862237930298,17.080096871242013,16.197147887363947,15.809831139399762,16.081753513963264,17.357110206160833,16.92270899193511,13.797684669494627
2018-11-12,16.338356230144917,16.69836636783717,16.16984112630855,16.192819595336914,1971900,0.0,0,-0.006579158303032351,0.937207740129303,16.62560052871704,17.1025175684636,16.14868348897048,15.809831139399762,16.081753513963264,17.328387507445594,16.92270899193511,13.727211952209473
2018-11-13,16.108563548795356,16.169841904137307,15.679613600410455,15.794511795043944,3155900,0.0,0,-0.02459780385669663,0.9141544879646245,16.562790203094483,17.12369110871844,16.001889297470527,15.809831139399762,16.081753513963264,17.328387507445594,16.92270899193511,13.257365226745604
2018-11-14,15.935465998521618,15.935465998521618,15.316840323229236,15.387316703796388,4773900,0.45,0,-0.025780796300099995,0.8905868573235863,16.488428831100464,17.231376474535633,15.745481187665293,15.809831139399762,16.081753513963264,17.328387507445594,16.92270899193511,12.536940574645996
2018-11-15,15.316837604908844,15.316837604908844,14.886150016621922,14.972288131713867,3718300,0.0,0,-0.02697212126530968,0.8665658406105635,16.399443769454955,17.38467247608903,15.414215062820878,15.809831139399762,15.840469535968596,17.328387507445594,16.92270899193511,12.920646667480469
2018-11-16,14.776522388527058,14.901813391298523,14.502447759869517,14.604246139526367,3455900,0.0,0,-0.02458154618384112,0.8452643123782558,16.294737672805788,17.54368853906632,15.045786806545255,15.595355719575705,15.809831139399762,17.30732223471379,17.02410315910625,12.803187370300291
2018-11-19,14.565093212852736,15.08974984530968,14.53376971547068,15.074088096618652,2602100,0.0,0,0.03217159945152237,0.8724578172667555,16.22386417388916,17.577744888316754,14.869983459461569,15.646366634835218,15.809831139399762,17.010506078968938,17.106720202860654,12.842339515686035
2018-11-20,15.050596207100606,15.379485477708409,15.034935951232908,15.03493595123291,2026100,0.0,0,-0.002597314353929292,0.8701917700547708,16.156778287887573,17.60449331704869,14.709063258726454,15.646366634835218,15.809831139399762,17.010506078968938,17.161786939148293,12.904984474182127
2018-11-21,15.027102143264548,15.05059326927402,14.659058570861816,14.659058570861816,1562500,0.0,0,-0.0250002648225629,0.8484367453569868,16.060557746887206,17.63382579407464,14.487289699699772,15.600407063853343,15.809831139399762,17.010506078968938,17.161786939148293,12.5839262008667
2018-11-23,14.604247281359653,14.760861793862174,14.51811064371128,14.627739906311035,469600,0.0,0,-0.0021364717522197596,0.8466240842169863,15.951664400100707,17.603958370812396,14.299370429389016,15.600407063853343,15.809831139399762,17.010506078968938,17.161786939148293,13.116415023803713
2018-11-26,14.737365443895394,14.80784180734926,14.565090718556112,14.792180061340332,1226400,0.0,0,0.011241665225285358,0.8561415487434175,15.869759559631348,17.581033003042872,14.158486116219825,15.336144832003413,15.809831139399762,17.010506078968938,17.161786939148293,13.53927230834961
2018-11-27,14.831337790123555,15.011443429315426,14.71387765558915,14.956628799438477,1917500,0.0,0,0.011117275304668217,0.8656595100405631,15.784204387664795,17.49846762032404,14.069941155005552,15.218956879195567,15.809831139399762,16.98178107324361,17.161786939148293,13.82900619506836
2018-11-28,14.940967566935612,15.285518601268755,14.886152935161707,15.13673496246338,2121500,0.0,0,0.01204189563303637,0.876083691514217,15.697313928604126,17.356397446019265,14.038230411188986,14.940966618788963,15.809831139399762,16.98178107324361,17.161786939148293,14.27535629272461
2018-11-29,15.160227113274155,15.215041743332982,15.019274353930523,15.105412483215332,1384500,0.0,0,-0.0020693022191194954,0.8742708095872321,15.623411083221436,17.24899877452174,13.997823391921132,14.940966618788963,15.809831139399762,16.86113908424628,17.161786939148293,14.35366153717041
2018-11-30,15.144565363661163,15.2855181230048,15.00361260431753,15.105412483215332,2830900,0.0,0,0.0,0.8742708095872321,15.540699243545532,17.092500980336403,13.988897506754661,14.948798060709844,15.809831139399762,16.82858456962939,17.161786939148293,14.345833778381348
2018-12-03,15.152395567978624,15.168057316898588,14.925304689398883,15.113241195678713,1691800,0.0,0,0.000518272008267262,0.8747239196754863,15.469868707656861,16.96215500274612,13.977582412567603,14.948798060709844,15.809831139399762,16.851564638255837,17.161786939148293,14.27535629272461
2018-12-04,15.14456533639276,15.230703465522474,14.682554178747894,14.71387767791748,1420300,0.0,0,-0.026424743216261315,0.85160956471294,15.350345611572266,16.67116254489607,14.029528678248463,14.901814622490019,15.809831139399762,16.85922311105993,17.161786939148293,14.14223289489746
2018-12-06,14.64340107246093,15.324670739435996,14.557262944660115,15.17588710784912,2694200,0.0,0,0.03139956985132608,0.8783497387262014,15.287243318557739,16.510129306037673,14.064357331077803,14.921390691573638,15.809831139399762,16.81900867719813,17.161786939148293,14.267523765563965
2018-12-07,15.183716838045637,15.215040334370968,14.948796589951725,15.089749336242676,2441100,0.0,0,-0.005675962860971273,0.8733642582302477,15.21102523803711,16.27115488438785,14.150895591686368,14.940966842048056,15.809831139399762,16.782626859239876,17.161786939148293,14.619908332824709
2018-12-10,15.12890156393966,15.175885312825248,14.800012334567649,14.807843208312988,1807100,0.0,0,-0.01868196228101704,0.8570481001004018,15.132201623916625,16.055933811261934,14.208469436571317,14.940966842048056,15.809831139399762,16.76922140633862,17.161786939148293,14.83133602142334
2018-12-11,14.870489092280197,15.246362080334714,14.737367222312576,15.097579956054688,1565600,0.0,0,0.019566438114299034,0.8738174787119939,15.07207760810852,15.822504588352604,14.321650627864436,14.940966842048056,15.809831139399762,16.76922140633862,17.161786939148293,15.027106285095217
2018-12-12,15.18372021380428,15.246365726796244,14.635572348521292,14.72953987121582,1361900,0.0,0,-0.024377422468378374,0.8525160608731784,14.998913621902465,15.556815990480713,14.441011253324218,14.940966842048056,15.809831139399762,16.76922140633862,17.161786939148293,14.995779991149902
2018-12-13,14.72953417347065,14.9096412605412,14.651226939125142,14.682550430297852,1074700,0.0,0,-0.003190149952327692,0.8497964068022252,14.943315553665162,15.380362696783836,14.506268410546488,14.940966842048056,15.595355719575705,16.834331081177055,17.161786939148293,15.152396202087402
2018-12-14,14.643398318050949,14.831334794058446,14.56509107965124,14.659058570861816,956400,0.0,0,-0.0015999849309258352,0.8484367453569868,14.906902647018432,15.309552414890074,14.50425287914679,14.940966842048056,15.646366634835218,15.945792326681513,16.32686767413615,15.37948513031006
2018-12-17,14.69038680122919,14.815677825639888,14.071761061312897,14.103084564208984,1476100,0.0,0,-0.037926992648624536,0.8162580911530094,14.86344246864319,15.396606550080065,14.330278387206313,14.698215900374446,15.431023285556908,15.945792326681513,16.32686767413615,15.637898445129396
2018-12-18,14.087421211322134,14.40847961157542,14.009113956570602,14.244035720825195,1533700,0.0,0,0.009994349532152613,0.8244160598244402,14.84543194770813,15.434449386594132,14.256414508822129,14.666892348003298,15.353740162203886,15.945792326681513,16.32686767413615,15.880651473999023
2018-12-19,14.220541405125402,14.259694281051528,13.774192047787068,13.797684669494627,1817100,0.0,0,-0.03133599634814099,0.7985821611844328,14.781611776351928,15.517722060490915,14.045501492212942,14.510278887291655,15.23627920781212,15.945792326681513,16.32686767413615,15.87281894683838
2018-12-20,13.789857466519704,14.001285143824932,13.625412057963551,13.727211952209473,3129800,0.0,0,-0.005107575580485801,0.7945033424389556,14.716225576400756,15.574351759578882,13.85809939322263,14.435888892379896,14.89762698105043,15.945792326681513,16.32686767413615,16.021604537963867
2018-12-21,13.703714547312837,14.063925755635038,13.202550607530172,13.257365226745604,3431000,0.0,0,-0.034227396437063407,0.7673095615667255,14.646140909194946,15.716735020112077,13.575546798277815,14.224458167163208,14.569008303025896,15.945792326681513,16.32686767413615,16.08424949645996
2018-12-24,13.2260409510699,13.233871823863907,12.489956084675072,12.536940574645996,1183200,0.0,0,-0.05434146527442818,0.7256128356721105,14.541600942611694,15.956307941312396,13.126893943910993,13.868160905735657,13.93472078119174,15.945792326681513,16.32686767413615,15.911972045898438
2018-12-26,12.568264797296388,12.92847754166084,12.29419092212276,12.920646667480469,2849900,0.0,0,0.030606039053136858,0.7478209704581485,14.448024272918701,16.024267273228716,12.871781272608684,13.60191609133198,13.836838199915585,15.825150337684178,16.32686767413615,16.10774040222168
2018-12-27,12.826678500774728,12.951971002180436,12.349007093559468,12.803187370300291,1933100,0.0,0,-0.009090821860782472,0.7410226632319561,14.340352201461792,16.052771669033373,12.627932733890212,13.562762858090604,13.836838199915585,15.702593429487735,16.28473712867254,16.00594139099121
2018-12-28,12.881493886881874,13.03027601666643,12.623081011335511,12.842339515686035,1605400,0.0,0,0.0030579998756063986,0.743288710443941,14.225632429122925,16.015785937395744,12.435478920850105,13.554934373881323,13.836838199915585,15.72809888711749,16.269420113950325,16.08424949645996
2018-12-31,12.91281534809251,12.91281534809251,12.458635116395866,12.904984474182127,1974100,0.0,0,0.004878002050917152,0.74691447429791,14.115611028671264,15.946415308163951,12.284806749178577,13.351335266849091,13.809430830779378,15.72809888711749,16.269420113950325,16.225196838378906
2019-01-02,12.77969356925252,12.77969356925252,12.435143329482504,12.5839262008667,1697200,0.0,0,-0.024878625306194002,0.7283322689560795,13.989536714553832,15.877347946167633,12.101725482940031,13.276942601587145,13.809430830779378,15.705119101626552,16.269420113950325,16.09990692138672
2019-01-03,12.568265738807106,13.233875158135367,12.474298228776435,13.116415023803713,2283900,0.0,0,0.04231499886739165,0.7591516480920408,13.889695405960083,15.739655402881008,12.039735409039158,13.1790583388789,13.809430830779378,15.705119101626552,16.269420113950325,16.060758590698242
2019-01-04,13.163397814988713,13.578425185731156,13.053768563451154,13.53927230834961,2635900,0.0,0,0.03223878504747635,0.7836257748933175,13.830965137481689,15.646423635873722,12.015506639089656,13.1790583388789,13.809430830779378,15.572987985701587,16.269420113950325,15.857158660888672
2019-01-07,13.578424213166894,13.915144311441898,13.523609591324252,13.82900619506836,1858700,0.0,0,0.02139951691052655,0.8003949879146716,13.763621091842651,15.470028863764824,12.057213319920479,13.10466761678233,13.809430830779378,15.514394009297664,16.21197010249967,15.833662986755373
2019-01-08,13.977790546860955,14.400647290307884,13.782023176438775,14.27535629272461,2241700,0.0,0,0.03227636833479952,0.8262288313579329,13.722901439666748,15.336127027139815,12.10967585219368,13.347419106215323,13.809430830779378,15.375398879094362,16.21197010249967,15.8416748046875
2019-01-09,14.314508665982688,14.384985028989624,14.024772341000126,14.35366153717041,1790700,0.0,0,0.005485344312261331,0.8307609809786485,13.70019235610962,15.263156594172656,12.137228118046583,13.374827191933676,13.809430830779378,15.375398879094362,16.21197010249967,16.00986099243164
2019-01-10,14.338002903726633,14.392817532723017,14.071759139812803,14.345833778381348,2171700,0.0,0,-0.000545349266373063,0.8303079260871404,13.662605047225952,15.120896372366735,12.20431372208517,13.417895309895194,13.809430830779378,15.379314600054803,16.21197010249967,15.881717681884766
2019-01-11,14.330170917468978,14.41630903840242,14.236203416074774,14.27535629272461,890100,0.0,0,-0.004912749356049684,0.8262288313579329,13.639895868301391,15.043562742889762,12.23622899371302,13.425726183942462,13.809430830779378,15.379314600054803,16.21197010249967,15.761584281921388
2019-01-14,14.236201879737257,14.275354752161803,13.93080529278402,14.14223289489746,1161400,0.0,0,-0.009325399317353322,0.81852391757801,13.612879991531372,14.953978180625231,12.271781802437513,13.425726183942462,13.809430830779378,15.35582288094489,16.21197010249967,15.745567321777344
2019-01-15,14.13440190935765,14.39281474863034,14.13440190935765,14.267523765563965,1157100,0.0,0,0.00885934149137868,0.8257755004826947,13.59330325126648,14.882624897315887,12.303981605217073,13.445303633589429,13.770278324459502,15.3656109154867,16.15834995709424,15.68149185180664
2019-01-16,14.25969556871364,14.682553836115336,14.25969556871364,14.619908332824709,1248500,0.0,0,0.024698369040832224,0.8461708085384941,13.619144439697266,14.968291107375077,12.269997772019455,13.868161199783245,13.770278324459502,15.375398990723909,16.100904559663764,15.265029907226562
2019-01-17,14.604245160629947,14.854827149376815,14.463292418563215,14.83133602142334,1669000,0.0,0,0.014461628882031619,0.8584078167423864,13.648509454727172,15.074993202829855,12.222025706624489,14.189218370350535,13.770278324459502,15.375398990723909,16.100904559663764,15.056800842285156
2019-01-18,14.839169757287909,15.06625916829337,14.784353629789033,15.027106285095217,1512100,0.0,0,0.013199772656292907,0.8697386047697707,13.709980535507203,15.25896190160611,12.160999169408296,14.424141172366074,13.770278324459502,15.375398990723909,16.100904559663764,14.776485443115234
2019-01-22,15.027103486744764,15.113240112457676,14.59641438383429,14.995779991149902,1836200,0.0,0,-0.002084652450777269,0.8679255020558018,13.773408937454224,15.421829478102543,12.124988396805906,14.522022702620848,13.703715517290219,15.375398990723909,16.100904559663764,14.512191772460938
2019-01-23,14.9957816935068,15.152396202087402,14.925305314004191,15.152396202087402,1176000,0.0,0,0.010444018986003334,0.8769901324777091,13.868160486221313,15.603564510921922,12.132756461520705,14.541600747435712,13.72329356210508,15.268161280811881,16.100904559663764,14.183822631835938
2019-01-24,15.152395742698372,15.410808628511171,15.011442987966552,15.37948513031006,1785800,0.0,0,0.014986997778699385,0.8901335816450938,14.010287714004516,15.751969096609425,12.268606331399607,14.670806960647596,13.852499775316966,15.293666738441637,16.081753513963264,14.127760887145996
2019-01-25,15.402978176522682,15.724036573958957,15.402978176522682,15.637898445129396,1317700,0.0,0,0.016802468524128367,0.9050900231329552,14.146150302886962,15.950137985494175,12.34216262027975,14.827420933371489,14.009113748040859,15.064619592965677,15.917421079944468,14.135770797729492
2019-01-28,15.58308419992791,16.0294336174479,15.551762193681132,15.880651473999023,1921100,0.0,0,0.015523379290472095,0.9191400788540702,14.300023508071899,16.14454351991602,12.455503496227777,15.081917763402775,14.16181226978533,15.010316255103593,15.88609752757332,14.047673225402832
2019-01-29,15.87281894683838,15.982448197670804,15.731866199432964,15.87281894683838,2690600,0.0,0,-0.0004932119550300484,0.9186867479788321,14.451547479629516,16.290009605872314,12.61308535338672,15.14456459308077,14.16181226978533,14.873279047551886,15.768636573181553,14.02364730834961
2019-01-30,15.89631351176256,16.14689705775202,15.700546096624665,16.021604537963867,2198300,0.0,0,0.009373608533166156,0.9272981579189932,14.607378482818604,16.42301918390976,12.791737781727448,15.305094738157617,14.22054398993739,14.666757936715163,15.694246578269794,13.983600616455078
2019-01-31,16.00594224165919,16.13123325190576,15.825835107541424,16.08424949645996,1658000,0.0,0,0.003910030256186525,0.9309239217729625,14.782394647598267,16.451483042080316,13.113306253116217,15.371655720793155,14.22054398993739,14.396733235094551,15.482815853053104,14.239888191223145
2019-02-01,16.154723173378773,16.209539293146047,15.67705179267057,15.911972045898438,1490600,0.0,0,-0.010710941197439205,0.9209528503875628,14.922172498703002,16.472545780950416,13.371799216455589,15.402976838490169,14.251865107634405,13.901440843463698,15.126518591625555,14.424095153808594
2019-02-04,15.911973014749687,16.115571276950956,15.700543877819143,16.10774040222168,973500,0.0,0,0.012303211428385197,0.932283528021455,15.050595903396607,16.545415884787232,13.55577592200598,15.56742230357512,14.279273193352758,13.719377145623781,14.787352032354733,14.69639778137207
2019-02-05,16.139063269001493,16.201708770795356,15.943295889197348,16.00594139099121,1147500,0.0,0,-0.0063198815407049524,0.9263916065620089,15.159442663192749,16.597979841478814,13.720905484906684,15.610491140556299,14.322341311314275,13.699800529003095,14.756713635785896,14.720423698425291
2019-02-06,16.029433372588763,16.115571502228274,15.818005726289336,16.08424949645996,1431500,0.0,0,0.004892439848169339,0.9309239217729625,15.249887323379516,16.682089518213616,13.817685128545419,15.806258734834365,14.322341311314275,13.695886286898453,14.756713635785896,14.656350135803224
2019-02-07,16.021598622576246,16.240858584268256,15.7475255374441,16.225196838378906,1559900,0.0,0,0.008763066125650809,0.9390816696574091,15.34346408843994,16.77375038610966,13.91317779077022,15.896310388974694,14.33800095687538,13.580383048814234,14.756713635785896,14.520198822021484
2019-02-08,16.178214162417184,16.280014023832706,15.919801312527127,16.09990692138672,874600,0.0,0,-0.007721935101325128,0.9318301419494706,15.43116774559021,16.82007953788492,14.0422559532955,15.978532908251637,14.37715612630457,13.54318671618326,14.756713635785896,14.552237510681152
2019-02-11,16.107742351172046,16.28001862888735,16.060758590698242,16.060758590698242,1479200,0.0,0,-0.0024315873923763665,0.9295643155244699,15.520437860488892,16.82691795876622,14.213957762211562,15.978535210778961,14.666893596169253,13.49424458482914,14.756713635785896,14.728431701660156
2019-02-12,16.05292605176384,16.084249551225465,15.645729520282693,15.857158660888672,1768300,0.0,0,-0.012676856367636824,0.9177803622120856,15.606184148788453,16.753369586981425,14.45899871059548,15.962874074585022,14.901814110105802,13.49424458482914,14.756713635785896,15.22498893737793
2019-02-13,15.86498648018414,15.990277466726482,15.755357240356188,15.833662986755373,1310400,0.0,0,-0.0014817077028591585,0.9164204799798631,15.684491109848022,16.653704568492625,14.715277651203419,15.962874074585022,15.031020902663062,13.457049223780853,14.756713635785896,14.984716415405272
2019-02-14,15.881718870739046,15.96981764915229,15.737557788820355,15.8416748046875,1180800,0.45,0,0.000505999018599157,0.9168841878433571,15.745579433441161,16.582317691030614,14.908841175851709,15.962874074585022,15.105411960835685,13.578424968497352,14.756713635785896,15.112859725952148
2019-02-15,15.897736390482663,16.121985594380618,15.841674089508176,16.00986099243164,1688200,0.0,0,0.010616692352148016,0.9266184651882391,15.804505681991577,16.533349469676573,15.07566189430658,15.962874074585022,15.105411960835685,13.592129011356526,14.756713635785896,15.369149208068848
2019-02-19,15.98583316237496,16.07393193419341,15.857690327502528,15.881717681884766,1490500,0.0,0,-0.00800402393296562,0.9192017888161446,15.847236251831054,16.481934545704704,15.212537957957405,15.962874074585022,15.105411960835685,13.613663070337285,14.756713635785896,15.457244873046877
2019-02-20,15.881718001080891,15.889727119369276,15.52131531601926,15.761584281921388,1228100,0.0,0,-0.007564257366217131,0.912248709914052,15.88552646636963,16.387336791729833,15.383716141009426,15.900666972453305,15.105411960835685,13.617578507360921,14.756713635785896,15.721539497375488
2019-02-21,15.729549083902045,15.801629626757665,15.561362168961091,15.745567321777344,1147200,0.0,0,-0.0010162024234083855,0.9113216805642862,15.915185022354127,16.294057521016835,15.536312523691416,15.900666972453305,15.2072102691225,13.617578507360921,14.756713635785896,15.593393325805664
2019-02-22,15.777599726677986,15.961804831966646,15.649456911904757,15.68149185180664,1803900,0.0,0,-0.004069429107332434,0.9076131215912547,15.930285358428955,16.23954443957882,15.621026277279089,15.900666972453305,15.269857098800497,13.607790979024465,14.756713635785896,15.481273651123049
2019-02-25,15.65746754469966,15.737557201396507,15.008744227863165,15.265029907226562,4150900,0.0,0,-0.026557546215355665,0.8835091441689318,15.911641931533813,16.31960320042139,15.503680662646236,15.565364911121891,15.371655523725284,13.819219762121374,14.756713635785896,15.465252876281738
2019-02-26,14.91264126047671,15.17693611850077,14.896623019970162,15.056800842285156,3117100,0.0,0,-0.013640920863366879,0.8714572658512624,15.87044939994812,16.424640011025385,15.316258788870854,15.509304307175391,15.43821650636082,13.979748347405017,14.756713635785896,15.31308364868164
2019-02-27,15.016752878132108,15.104851650510408,14.648342607428487,14.776485443115234,2897700,0.0,0,-0.018617195120406382,0.8552331758938135,15.815632724761963,16.548399223107374,15.082866226416554,15.385164100904554,15.43821650636082,14.097209748412787,14.756713635785896,15.369149208068848
2019-02-28,14.776486582390008,14.816530648785871,14.51219177246094,14.512191772460938,3056000,0.0,0,-0.017886098265500472,0.8399363912698607,15.740162086486816,16.66149144040696,14.818832732566674,15.317088683420778,15.396105200674146,14.112869109955533,14.756713635785896,15.529327392578123
2019-03-01,14.592278485173498,14.592278485173498,14.087716270805377,14.183822631835938,5039400,0.0,0,-0.02262712247560905,0.8209310476728765,15.645140743255615,16.775689083703284,14.514592402807946,15.080824102499394,15.183867449846364,14.132447154770396,14.542238215961842,15.457244873046877
2019-03-04,14.231877897857652,14.295949316917469,13.903511684228205,14.127760887145996,2701100,0.0,0,-0.003952513095031862,0.8176863069568312,15.555930185317994,16.85865453828272,14.253205832353267,14.932658258097426,15.091765156557777,14.26165336798228,14.542238215961842,15.401183128356934
2019-03-05,14.111744968974966,14.30395923692725,14.039664427544956,14.135770797729492,986300,0.0,0,0.0005669624965682907,0.8181499044268331,15.457331705093384,16.87295848835827,14.041704921828497,14.932658258097426,15.091765156557777,14.418267340706173,14.542238215961842,15.60140609741211
2019-03-06,14.167806949180637,14.295949791554714,13.95957444842696,14.047673225402832,3416900,0.0,0,-0.006232243970792917,0.8130509946177642,15.359418296813965,16.878021581818636,13.840815011809294,14.932658258097426,15.091765156557777,14.621865016594052,14.496278644979967,15.761584281921388
2019-03-07,13.999619950095726,14.151790163870318,13.975594119425176,14.02364730834961,2819400,0.0,0,-0.0017103129228387415,0.8116604229947425,15.256388187408447,16.84313561510196,13.669640759714934,14.820534442812356,15.091765156557777,14.65318843143305,14.496278644979967,15.761584281921388
2019-03-08,13.983600616455078,14.119752580734133,13.863466889757849,13.983600616455078,2007600,0.0,0,-0.0028556545251026133,0.8093426012349708,15.144308376312257,16.75822946715941,13.530387285465101,14.520201504129309,15.0717427593226,14.762819364047504,14.232016413130033,15.745567321777344
2019-03-11,14.007628323226433,14.247897310214402,13.975593374844657,14.239888191223145,2316600,0.0,0,0.018327724153282876,0.8241760091759058,15.051307439804077,16.64834184280554,13.454273036802615,14.484159270134128,15.0717427593226,14.796099855365274,14.22054398993739,15.417201042175291
2019-03-12,14.279934049057111,14.496175706184331,14.279934049057111,14.424095153808594,2263700,0.0,0,0.012935983774014836,0.8348375366575377,14.969474267959594,16.51768289959805,13.42126563632114,14.33999876927186,15.0717427593226,14.827420973062287,14.251865107634405,15.040782928466797
2019-03-13,14.46413790546189,14.71241601990035,14.46413790546189,14.69639778137207,1530100,0.0,0,0.018878316085676694,0.8505978635547464,14.911436223983765,16.407793215620046,13.415079232347484,14.287941454829099,15.0717427593226,14.92334774846394,14.251865107634405,15.3291015625
2019-03-14,14.728432817736683,14.840558960512851,14.664361390828867,14.720423698425291,1640700,0.0,0,0.0016348167360897836,0.8519884351777679,14.85577425956726,16.291730389617733,13.419818129516786,14.35201292513535,15.0717427593226,14.966416225935287,14.251865107634405,15.080821990966797
2019-03-15,14.7284306715189,14.776485380384749,14.592278718231851,14.656350135803224,3105400,0.0,0,-0.0043526982602356545,0.8482799865982288,14.796508026123046,16.160061904120983,13.43295414812511,14.35201292513535,15.0717427593226,15.06430002307432,14.251865107634405,15.3291015625
2019-03-18,14.752458675686434,14.79250274058852,14.36002103482998,14.520198822021484,1866500,0.0,0,-0.009289578409371058,0.8403998231496244,14.722024917602539,15.968866264198482,13.475183571006596,14.35201292513535,15.0717427593226,15.117155672925037,14.26752475319551,15.489280700683594
2019-03-19,14.5202010318174,14.61630894082527,14.40807641096104,14.552237510681152,1563600,0.0,0,0.002206491044122405,0.842254157832886,14.655550909042358,15.782782600015963,13.528319218068752,14.35201292513535,15.0717427593226,15.177844517278103,14.287102472977733,15.489280700683594
2019-03-20,14.560244791615576,14.832548717235255,14.504182488267382,14.728431701660156,2247600,0.0,0,0.012107704457797519,0.8524519222542778,14.603893280029297,15.610667322447696,13.597119237610897,14.35201292513535,14.992726242069233,15.322714403474107,14.287104775505057,15.689507484436035
2019-03-21,14.688390114295345,15.297069490298236,14.656353634071449,15.22498893737793,2386600,0.0,0,0.033714196173500355,0.881191653589636,14.577864360809325,15.486331825268367,13.669396896350284,14.636331432571446,14.992726242069233,15.432344092345412,14.287104775505057,15.53733253479004
2019-03-22,15.216976259981724,15.305075032418737,14.9206449975192,14.984716415405272,1966000,0.0,0,-0.015781457901935192,0.8672851646049745,14.543025588989257,15.32251752058723,13.763533657391285,14.792504540737923,14.992726242069233,15.496947488624041,14.287104775505057,15.665477752685549
2019-03-25,14.936662193352587,15.136885551246277,14.792501131255854,15.112859725952148,1365800,0.0,0,0.008551600643915913,0.8747018409770692,14.535417079925537,15.288827535966162,13.782006623884913,14.83254803362436,14.992726242069233,15.534143017710353,14.287104775505057,15.64145278930664
2019-03-26,15.120871082575308,15.37715832768961,15.112863490537915,15.369149208068848,1424900,0.0,0,0.01695837100086317,0.8895353593114963,14.551034498214722,15.358636752586785,13.74343224384266,14.868589681259795,14.96869941197563,15.534143017710353,14.287104775505057,15.68149185180664
2019-03-27,15.385164331484404,15.537334533403312,15.281048842329287,15.457244873046877,2044800,0.0,0,0.005731980592118768,0.8946341587270732,14.585072469711303,15.48134302214714,13.688801917275466,14.948677784116647,14.912635860862247,15.534143017710353,14.287104775505057,16.01786994934082
2019-03-28,15.481272046724936,15.729548616074933,15.449237099510352,15.721539497375488,3194300,0.0,0,0.01709843031531877,0.9099309985477719,14.645539855957031,15.669542257917922,13.62153745399614,15.044784825452457,14.912635860862247,15.503039466644495,14.287104775505057,15.937782287597656
2019-03-29,15.745563493456435,15.825653135776992,15.537331034456134,15.593393325805664,4230300,0.0,0,-0.008150993838180853,0.9025141565854393,14.716018390655517,15.796316273252893,13.63572050805814,15.116864773369016,14.912635860862247,15.553938620787903,14.287104775505057,15.68149185180664
2019-04-01,15.721541126673664,15.721541126673664,15.30507760422482,15.481273651123049,2422400,0.0,0,-0.007190203718972943,0.896024895940333,14.78369402885437,15.877751278611061,13.689636779097679,15.164917812022187,14.84456001276742,15.5852620356269,14.287104775505057,15.82565689086914
2019-04-02,15.497289349146705,15.553351649077287,15.241003676559398,15.465252876281738,1921800,0.0,0,-0.0010348486308261462,0.895097645803583,14.850168132781983,15.940183747876732,13.760152517687233,15.24100338492422,14.84456001276742,15.468510217423589,14.287104775505057,15.433218002319336
2019-04-03,15.521314604298816,15.521314604298816,15.289056294918254,15.31308364868164,1437600,0.0,0,-0.009839427057379169,0.8862903978084669,14.913438653945922,15.955102619151395,13.87177468874045,15.309077133516423,14.84456001276742,15.473760406768106,14.287104775505057,15.817646026611328
2019-04-04,15.345121849206558,15.417202398210057,15.249015468924146,15.369149208068848,1045200,0.0,0,0.0036612847335966148,0.8895353593114963,14.980713748931885,15.954711588771401,14.00671590909237,15.309077133516423,14.84456001276742,15.411690303632687,14.287104775505057,15.761584281921388
2019-04-05,15.401184530719568,15.545345632206296,15.337113099790292,15.529327392578123,1893600,0.0,0,0.010422059304699971,0.8988061495798683,15.058000087738037,15.943634388002286,14.172365787473789,15.469258313157454,14.84456001276742,15.356596942047462,14.287104775505057,15.90574550628662
2019-04-08,15.481272229428772,15.561361889785209,15.305076198711182,15.457244873046877,1011400,0.0,0,-0.0046417026126770455,0.8946341587270732,15.118867921829224,15.935120170977696,14.302615672680753,15.533328406168195,14.84456001276742,15.13234577617288,14.287104775505057,16.033891677856445
2019-04-09,15.465254553452151,15.465254553452151,15.321093465092089,15.401183128356934,1751600,0.0,0,-0.0036268911536556647,0.8913894180110278,15.16772232055664,15.926097143395369,14.409347497717912,15.533328406168195,14.84456001276742,15.012211707327602,14.287104775505057,16.178049087524414
2019-04-10,15.49729060731443,15.633442572877998,15.42521006509941,15.60140609741211,1271000,0.0,0,0.013000492714518863,0.9029779196456793,15.212972736358642,15.961280615918449,14.464664856798835,15.533328406168195,14.84456001276742,15.012211707327602,14.287104775505057,16.145282745361328
2019-04-11,15.625432326185118,15.761584281921388,15.52932443430764,15.761584281921388,1253800,0.0,0,0.010266906938333431,0.9122487099140514,15.265030765533448,16.013901697149855,14.51615983391704,15.501293979240394,14.84456001276742,15.012211707327602,14.287104775505057,15.99783992767334
2019-04-12,15.761584281921388,15.777602518498153,15.57737914403794,15.761584281921388,949800,0.0,0,0.0,0.9122487099140514,15.320292472839355,16.043757636567744,14.596827309110967,15.509303097528775,14.84456001276742,14.956149799685067,14.287104775505057,16.161666870117188
2019-04-15,15.809638745695311,15.833666102508268,15.633442711816713,15.745567321777344,750900,0.0,0,-0.0010162024234083855,0.9113216805642855,15.381560897827148,16.026043907105237,14.73707788854906,15.541340785716207,14.904629738676462,14.795972131725954,14.287104775505057,16.13709259033203
2019-04-16,15.745567279827952,15.825656941407848,15.273039956848129,15.417201042175291,1006400,0.0,0,-0.020854521967455297,0.8923165025575394,15.424809074401855,15.943451846298316,14.906166302505394,15.541340785716207,15.05680007578269,14.777951014728364,14.287104775505057,16.145282745361328
2019-04-17,15.441229743656807,15.449238863270612,14.99272821078397,15.040782928466797,1568000,0.0,0,-0.024415463784818292,0.87053018130475,15.440426635742188,15.887385321643912,14.993467949840465,15.413197156646119,15.096843568669124,14.70587076429723,14.287104775505057,16.178049087524414
2019-04-18,15.040780932579564,15.337110681051008,15.000735339824526,15.3291015625,1058400,0.0,0,0.019169124067838217,0.8872174823549784,15.445632266998292,15.884703985188544,15.00656054880804,15.413197156646119,15.096843568669124,14.67984210707585,14.31451286122341,16.006031036376953
2019-04-22,15.321089389260312,15.369144090985309,14.856571298998748,15.080821990966797,1150300,0.0,0,-0.016196615993501973,0.8728475614905532,15.450437545776367,15.870729673952813,15.030145417599922,15.345118700753508,15.096843568669124,14.711877842228976,14.357580979184927,15.743905067443848
2019-04-23,15.136887300025322,15.465253522700795,15.008744458375537,15.3291015625,1791800,0.0,0,0.016463265177582453,0.8872174823549784,15.46124963760376,15.85635494067385,15.066144334533671,15.345118700753508,15.096843568669124,14.711877842228976,14.357580979184927,15.866777420043944
2019-04-24,15.393172806757075,15.57737947615097,15.31308467733199,15.489280700683594,1374500,0.0,0,0.01044934939797404,0.8964883278200965,15.467256212234497,15.860201632525914,15.07431079194308,15.345118700753508,15.120871256734654,14.711877842228976,14.357580979184927,15.80124568939209
2019-04-25,15.433218399052771,15.505298937601872,15.329101386667118,15.489280700683594,1110200,0.0,0,0.0,0.8964883278200965,15.468858003616333,15.861889224883313,15.075826782349353,15.345118700753508,15.168924295387825,14.711877842228976,14.377158428831894,15.760286331176758
2019-04-26,15.537337255853876,15.70552572483068,15.481274942056103,15.689507484436035,1201500,0.0,0,0.012926796771369986,0.9080770502417321,15.46725640296936,15.856354877711777,15.078157928226943,15.345118700753508,15.24500986828986,14.672369583602292,14.666893596169253,15.645606994628906
2019-04-29,15.697511834898572,15.729546778370468,15.497288473554416,15.53733253479004,1049900,0.0,0,-0.009699154023601553,0.8992694710661399,15.46445336341858,15.85064217107163,15.078264555765529,15.341114120203297,15.31308361688206,14.814528837320339,14.901814110105802,15.825818061828612
2019-04-30,15.537334904091315,15.761585652922845,15.465254360809157,15.665477752685549,1271000,0.0,0,0.008247568725749721,0.9066862578317264,15.473663568496708,15.869785020354877,15.077542116638538,15.309078475960796,15.31308361688206,14.892615391403577,15.031020902663062,15.932308197021484
2019-05-01,15.705524217151083,15.85769290354206,15.561363122605249,15.64145278930664,1091300,0.0,0,-0.0015336246846853197,0.9052957414054507,15.482473564147952,15.885308920337613,15.079638207958292,15.357132101270405,15.357132101270405,14.912637137846797,15.0717427593226,15.965070724487305
2019-05-02,15.649456911904757,15.793616432837505,15.52131256954868,15.68149185180664,1283400,0.0,0,0.002559804580772207,0.907613121591254,15.500893974304201,15.904764232920027,15.097023715688376,15.357132101270405,15.357132101270405,14.918644546617713,15.0717427593226,15.825818061828612
2019-05-03,15.761584274564669,16.025879067625464,15.66547638273205,16.01786994934082,854300,0.0,0,0.021450643900020605,0.927082007461494,15.533330011367799,15.990916494940576,15.075743527795021,15.5173117630005,15.441225183312106,14.930656822489446,15.0717427593226,15.80124568939209
2019-05-06,15.8576926223166,16.049908430024455,15.777604484618854,15.937782287597656,1143600,0.0,0,-0.004999894617477518,0.922446695122427,15.553752756118774,16.04443597270013,15.06306953953742,15.681496553678222,15.453239864511602,14.978710343157353,15.0717427593226,15.825818061828612
2019-05-07,15.88972430770885,15.953795715095463,15.553349037033412,15.68149185180664,1154100,0.0,0,-0.01608068369652993,0.907613121591254,15.564965105056762,16.056572348588773,15.073357861524752,15.689504908345786,15.453239864511602,15.014750317115631,15.0717427593226,15.956878662109377
2019-05-08,15.65746844933014,15.873710076630328,15.633442620241164,15.82565689086914,1289000,0.0,0,0.009193324233745637,0.9159571032968443,15.586188793182373,16.0843588215113,15.088018764853443,15.757581395416807,15.453239864511602,15.004738912394803,15.0717427593226,15.915923118591309
2019-05-09,16.0979595415082,16.0979595415082,15.337110110863414,15.433218002319336,1788100,0.0,0,-0.024797636600868533,0.893243531907305,15.577779388427734,16.080344642080757,15.075214134774711,15.717534826185807,15.477265420253474,15.04278169884582,15.0717427593226,16.2108154296875
2019-05-10,15.425208409767396,15.817646026611328,15.401181055746436,15.817646026611328,1279600,0.0,0,0.024909129400894736,0.9154934506300962,15.580582475662231,16.087871759831934,15.073293191492528,15.717534826185807,15.477265420253474,15.07681857314192,15.0717427593226,16.038793563842773
2019-05-13,15.665476390043914,15.825655700645331,15.649459681050264,15.761584281921388,1374100,0.0,0,-0.0035442533355229955,0.912248709914051,15.580582475662235,16.087871759831938,15.073293191492532,15.717534826185807,15.477265420253474,15.07681857314192,15.0717427593226,16.497514724731445
2019-05-14,15.777602667627532,15.929771333795744,15.617423355512104,15.90574550628662,1829800,0.0,0,0.00914636636690025,0.920592470832657,15.588591384887696,16.111044383465543,15.066138386309849,15.717534826185807,15.477265420253474,15.156909162962437,15.0717427593226,16.423791885375977
2019-05-15,15.665479794443682,16.06592663038865,15.665479794443682,16.033891677856445,1615800,0.0,0,0.00805659637388123,0.9280093127949898,15.619425916671753,16.170121667342162,15.068730166001343,15.717534826185807,15.477265420253474,15.188944209467808,15.0717427593226,16.030603408813477
2019-05-16,16.001851542305484,16.338226868761595,15.977825715290614,16.178049087524414,2157100,0.0,0,0.008990793536858943,0.9363528529266119,15.676289224624634,16.21069268120074,15.141885768048526,15.837668489812504,15.597399083880171,15.188944209467808,15.0717427593226,15.817626953125
2019-05-17,16.153474350146475,16.309111716286512,16.030603403147015,16.145282745361328,1570700,0.45,0,-0.002025358063003635,0.9344564031261204,15.717098283767701,16.263864604041522,15.170331963493878,15.837668489812504,15.597399083880171,15.188944209467808,15.0717427593226,15.776673316955566
2019-05-20,16.0961360688044,16.169858955847197,15.891350618660864,15.99783992767334,2033200,0.0,0,-0.009132253675170232,0.9259227102043855,15.762949180603027,16.236797218960778,15.289101142245274,15.837668489812504,15.597399083880171,15.172926996003907,15.0717427593226,15.457205772399902
2019-05-21,16.055179126657947,16.235389754969333,16.022412705661903,16.161666870117188,1349200,0.0,0,0.010240566425499642,0.9354046832231122,15.804577445983886,16.264589185635064,15.344565706332709,15.837668489812504,15.597399083880171,15.176931555148098,15.0717427593226,15.932308197021484
2019-05-22,16.112517776148124,16.17804905158303,16.06336971016915,16.13709259033203,746400,0.0,0,-0.0015205287909129117,0.9339823734711167,15.836968040466308,16.294814668886115,15.379121412046503,15.869703962254015,15.597399083880171,15.222985262196335,15.0717427593226,16.128902435302734
2019-05-23,16.112517888609606,16.145282745361328,15.94049731289928,16.145282745361328,915900,0.0,0,0.0005075359754831421,0.9344564031261204,15.869768142700195,16.3170385093527,15.42249777604769,15.977825112136848,15.597399083880171,15.299070430749449,15.0717427593226,16.087942123413086
2019-05-24,16.219005548866406,16.268155177343413,16.137092626182426,16.178049087524414,1013900,0.0,0,0.002029468463319306,0.9363528529266117,15.894195222854615,16.35276202003765,15.435628425671581,15.977825112136848,15.597399083880171,15.255020362657621,15.0717427593226,16.40740966796875
2019-05-28,16.251772943966365,16.28453780253011,16.006031036376953,16.006031036376953,1286400,0.0,0,-0.010632805613138618,0.9263967950561353,15.91763014793396,16.34756326194351,15.487697033924409,16.00185333160264,15.597399083880171,15.255020362657621,15.0717427593226,16.636770248413086
2019-05-29,16.022413408572707,16.038796619789466,15.678373784965824,15.743905067443848,969300,0.0,0,-0.016376700028718605,0.9112254726359347,15.921551513671876,16.343484074641257,15.499618952702495,16.00830032686371,15.673485663568567,15.220981134711316,15.0717427593226,16.628576278686523
2019-05-30,15.735713294095998,15.965073561518658,15.719331645442878,15.866777420043944,892000,0.0,0,0.007804439373442218,0.9183370765926581,15.932817745208737,16.335629848118323,15.530005642299152,15.993742750626168,15.825655773046792,15.220981134711316,15.0717427593226,16.833362579345703
2019-05-31,15.784862478815375,15.940498292127296,15.711139593609118,15.80124568939209,1432700,0.0,0,-0.004130122262197333,0.9145442321884215,15.93880543708801,16.329754942370567,15.547855931805453,15.981455793747967,15.833664127714357,15.232994978744081,15.0717427593226,16.866130828857422
2019-06-03,15.8667756285379,15.915923693725986,15.596458926420205,15.760286331176758,1135200,0.0,0,-0.002592160075254646,0.9121735871426883,15.92592625617981,16.32260045933565,15.529252053023969,15.940498364475157,15.837668489812504,15.257021498070667,15.0717427593226,17.013572692871094
2019-06-04,15.793052752610448,15.809434399417093,15.473586422854169,15.645606994628906,997500,0.0,0,-0.007276475448354969,0.9055361784312066,15.911317491531372,16.32646423339928,15.496170749663463,15.87906211269214,15.837668489812504,15.295064284521683,14.992726242069233,16.792407989501953
2019-06-05,15.719330323786163,15.834009666660936,15.563692956749785,15.825818061828612,1530200,0.0,0,0.011518317394880961,0.9159664315469248,15.91853380203247,16.32218545844301,15.514882145621934,15.87906211269214,15.837668489812504,15.327098868542679,14.992726242069233,16.78421401977539
2019-06-06,15.842202101533768,15.948689845155563,15.653799867685771,15.932308197021484,964700,0.0,0,0.006728886606482742,0.9221298658001487,15.923866367340088,16.325256353416968,15.522476381263205,15.87906211269214,15.837668489812504,15.311081046421428,14.992726242069233,16.718679428100586
2019-06-07,15.899539454352892,16.128899681017693,15.850391392349264,15.965070724487305,824400,0.0,0,0.002056357877381787,0.9240260948136558,15.950459003448486,16.282005847729074,15.618912159167898,15.87906211269214,15.837668489812504,15.357132101270405,14.992726242069233,16.72687530517578
2019-06-10,15.940497404703384,16.014220285805415,15.801244809720515,15.825818061828612,774600,0.0,0,-0.008722332964369972,0.9159664315469246,15.95086760520935,16.28177128279441,15.619963927624289,15.80124305193593,15.837668489812504,15.357132101270405,14.96869941197563,16.776020050048828
2019-06-11,15.809435732291494,15.907733433362822,15.686564777744048,15.80124568939209,1220900,0.0,0,-0.0015526762876030276,0.9145442321884213,15.952850675582884,16.279597702937536,15.62610364822823,15.80124305193593,15.837668489812504,15.479268473156303,14.944672978691656,16.964426040649414
2019-06-12,15.719330323786163,15.924115757427607,15.719330323786163,15.825818061828612,1232000,0.0,0,0.0015550908402759411,0.9159664315469247,15.948854303359985,16.279782072066112,15.617926534653858,15.80124305193593,15.837668489812504,15.567368209094912,14.956687659891152,16.366453170776367
2019-06-13,15.80124287650326,16.014218326531488,15.73571004586236,15.956878662109377,1270900,0.0,0,0.008281442372756631,0.92355195476516,15.945003652572632,16.273643491818724,15.61636381332654,15.80124305193593,15.837668489812504,15.571372386428694,14.956687659891152,16.505706787109375
2019-06-14,15.932306327191592,16.07975051742783,15.899539909991027,15.915923118591309,990800,0.0,0,-0.0025666387759981646,0.9211815305064109,15.931897354125976,16.24254114240359,15.621253565848363,15.80124305193593,15.837668489812504,15.605410629964204,14.956687659891152,16.939847946166992
2019-06-17,15.924115514485663,16.24358028612805,15.907732305070963,16.2108154296875,1401500,0.0,0,0.018528131161410943,0.938249302727103,15.935173988342285,16.256077677937302,15.614270298747266,15.903636621438917,15.869703962254015,15.59740012321964,14.980713215633024,17.038148880004883
2019-06-18,16.28453543571576,16.40740793404097,15.965070689803134,16.038793563842773,1252700,0.0,0,-0.010611549221003158,0.9282930240696425,15.937221670150757,16.260237353959216,15.614205986342299,16.030603900863373,15.94049717844757,15.59740012321964,14.980713215633024,16.825170516967773
2019-06-19,16.038795771642764,16.636768887931986,15.948689677104497,16.497514724731445,2080500,0.0,0,0.02860072729677099,0.9548428797025532,15.95401406288147,16.349597707231684,15.558430418531255,16.161666832838016,16.055177655393077,15.59740012321964,14.980713215633024,17.02995491027832
2019-06-20,16.579429259351762,16.653152143740876,16.38283542177711,16.423791885375977,2033700,0.0,0,-0.004468723961491672,0.9505759504465667,15.968349027633668,16.408235329853998,15.528462725413336,16.16985846074246,16.063369283297522,15.59740012321964,14.980713215633024,16.907087326049805
2019-06-21,16.268155260500077,16.456557483458433,16.014220199237396,16.030603408813477,2709900,0.0,0,-0.023940176501664134,0.9278189944146388,15.962615060806275,16.395998219267792,15.529231902344758,16.16985846074246,16.063369283297522,15.59740012321964,14.980713215633024,17.161022186279297
2019-06-24,16.038795603368165,16.112518486782555,15.711139211742502,15.817626953125,1691000,0.0,0,-0.01328561690768193,0.9154923466951752,15.944593954086304,16.37047428326559,15.518713624907019,16.182145677741687,16.063369283297522,15.717533786846339,15.100846879259722,16.907087326049805
2019-06-25,15.87496947086166,16.071564903452238,15.743906890727406,15.776673316955566,1678500,0.0,0,-0.002589113796323428,0.9131220328299182,15.933126068115234,16.364148439321408,15.50210369690906,16.182145677741687,16.063369283297522,15.717533786846339,15.100846879259722,17.005382537841797
2019-06-26,15.776670560359667,15.78486216548542,15.3916744937828,15.457205772399902,1553900,0.0,0,-0.02024936044104586,0.8946318956604847,15.918791103363038,16.391555264752462,15.446026941973614,16.02241331876184,16.02241331876184,15.717533786846339,15.100846879259722,16.948041915893555
2019-06-27,15.530927351151997,15.95688145041708,15.465396071448826,15.932308197021484,1206600,0.0,0,0.03073663064445431,0.922129865800149,15.922067642211914,16.39424607634397,15.44988920807986,16.02241331876184,16.02241331876184,15.717533786846339,15.100846879259722,16.505706787109375
2019-06-28,15.94869023986726,16.18624211116348,15.932308591327752,16.128902435302734,1999000,0.0,0,0.012339344422046983,0.933508343816113,15.938450479507447,16.415488605836153,15.46141235317874,16.02241331876184,16.02241331876184,15.733551523067092,15.156910121803126,16.546659469604492
2019-07-01,16.227196271752536,16.235387876053533,15.874965098753412,16.087942123413086,1331600,0.0,0,-0.002539559778103384,0.9311376435736337,15.954833269119263,16.42873254741913,15.480933990819397,16.02241331876184,16.02241331876184,15.787612098008509,15.309080458909353,16.87432289123535
2019-07-02,16.153474602823707,16.472940944886112,16.08794332590635,16.40740966796875,1371000,0.0,0,0.019857576693462775,0.9496277807430673,15.992923402786255,16.48363060928512,15.502216196287389,16.02241331876184,16.02241331876184,15.787612098008509,15.349123951795788,17.464099884033203
2019-07-03,16.472942818678803,16.636770248413086,16.41560314015235,16.636770248413086,582400,0.0,0,0.01397908536970971,0.9629027085595226,16.033471012115477,16.592322091488363,15.474619932742591,16.014222371097944,16.02241331876184,15.799626207741404,15.349123951795788,17.578779220581055
2019-07-05,16.505705333255605,16.710490763103415,16.23538862835205,16.628576278686523,777700,0.0,0,-0.0004925216616094019,0.9624284581175347,16.06828441619873,16.682246820008352,15.454322012389106,16.05108262844311,16.05108262844311,15.840892995216139,15.349123951795788,17.283891677856445
2019-07-08,16.604003885979996,16.9070854628958,16.604003885979996,16.833362579345703,891100,0.0,0,0.012315323767174258,0.9742810761819944,16.11169900894165,16.80849493900819,15.414903078875106,16.1493799783393,16.1493799783393,15.90969926183648,15.349123951795788,17.26750946044922
2019-07-09,16.79240793731224,16.939853720402603,16.784216331319545,16.866130828857422,820600,0.0,0,0.0019466253018232127,0.9761776363759779,16.16371464729309,16.920773898946344,15.40665539563984,16.165764107092702,16.165764107092702,15.907559960731163,15.373151639861318,17.103681564331055
2019-07-10,16.923466610096458,17.103677213257004,16.866126943744863,17.013572692871094,1340700,0.0,0,0.008741890212389691,0.9847112741009667,16.224330997467042,17.047586207580338,15.401075787353745,16.284536642352915,16.2476758535199,15.88908342714383,15.421204678514489,17.144634246826172
2019-07-11,17.013576664824875,17.054533132526558,16.68592023604412,16.792407989501953,1255500,0.0,0,-0.0129993098663993,0.9719107071199914,16.272660493850708,17.11018215530835,15.435138832393065,16.489321156005207,16.2476758535199,15.858365301252322,15.497290251416523,17.652502059936523
2019-07-12,16.82517204409808,16.931659782559326,16.65315146672053,16.78421401977539,641800,0.0,0,-0.0004879568035558446,0.9714364566780034,16.314027261734008,17.166829207062584,15.461225316405432,16.489321156005207,16.2476758535199,15.858365301252322,15.565364000008724,18.020612716674805
2019-07-15,16.776019088393596,16.90708161546006,16.6695313710478,16.718679428100586,1140700,0.0,0,-0.0039045374181710946,0.9676434466835285,16.354165077209473,17.203764533741968,15.50456562067698,16.595810269581676,16.2476758535199,15.858365301252322,15.565364000008724,17.962053298950195
2019-07-16,16.669535630232076,16.849746260396422,16.456558578734782,16.72687530517578,986000,0.0,0,0.0004902227541621063,0.9681178075190087,16.379968070983885,17.241976665329357,15.517959476638412,16.669532920804528,16.2476758535199,15.858365301252322,15.597399083880171,18.112642288208008
2019-07-17,16.743255197598305,16.816978068597795,16.636765911759642,16.776020050048828,787900,0.0,0,0.0029380708576121073,0.9709622062360156,16.41682939529419,17.280394270398425,15.553264520189956,16.669532920804528,16.2476758535199,15.819455770874217,15.597399083880171,18.42218780517578
2019-07-18,16.792407011454408,16.98080925173151,16.66953605311669,16.964426040649414,606200,0.0,0,0.011230672712508882,0.9818667649904679,16.440174961090086,17.336195633247396,15.544154288932777,16.780117895995893,16.2476758535199,15.819455770874217,15.597399083880171,18.020612716674805
2019-07-19,16.89070499742913,16.98900114078406,16.32549670477665,16.366453170776367,1069000,0.0,0,-0.03524863549407509,0.9472573012875722,16.437308025360107,17.33389288976542,15.540723160954794,16.714586959016827,16.2476758535199,15.819455770874217,15.597399083880171,18.003881454467773
2019-07-22,16.415602252464172,16.57123806793724,16.32549615542999,16.505706787109375,634300,0.0,0,0.008508478586041868,0.9553170197510493,16.461063194274903,17.338037829348625,15.584088559201179,16.714586684343498,16.2476758535199,15.819455770874217,15.597399083880171,17.83656120300293
2019-07-23,16.57942521729001,16.95623115256789,16.489319144473626,16.939847946166992,1359300,0.0,0,0.026302488264039248,0.9804442344514882,16.517174243927002,17.365108916933842,15.669239570920162,16.690014643978273,16.2476758535199,15.819455770874217,15.597399083880171,17.82819366455078
2019-07-24,16.93985273856795,17.054532091040706,16.743258893305086,17.038148880004883,631800,0.0,0,0.005802940743640628,0.9861336942464543,16.580248022079466,17.384557702006155,15.775938342152777,16.69001412323535,16.2476758535199,15.886670291846466,15.597399083880171,18.129371643066406
2019-07-25,17.07091239104375,17.07910399516478,16.726872829904146,16.825170516967773,1102300,0.0,0,-0.012500088157290978,0.9738069361334986,16.64864625930786,17.269225404107452,16.028067114508268,16.702300075297387,16.2476758535199,15.98555053965547,15.63198961651986,18.08754539489746
2019-07-26,16.82516950671493,17.0545281587772,16.816977903085753,17.02995491027832,1300700,0.0,0,0.012171311613396574,0.9856594438044664,16.703528594970702,17.249957312003637,16.157099877937767,16.702300075297387,16.2476758535199,16.108422244115545,15.746670093465367,18.622976303100582
2019-07-29,17.103681183051656,17.218362104761216,16.857939252396616,16.907087326049805,942800,0.0,0,-0.007214792104608514,0.978548115831473,16.742437839508057,17.22625421762742,16.258621461388692,16.771929130095604,16.305018299272007,16.11661387201999,15.754861721369812,18.572776794433597
2019-07-30,16.89070544136499,17.177403835676323,16.866130623685844,17.161022186279297,937700,0.0,0,0.015019432698986535,0.9932453533999239,16.796091842651368,17.209918610641672,16.382265074661063,16.771929130095604,16.305018299272007,16.11661387201999,15.754861721369812,18.38872337341309
2019-07-31,17.16102242510098,17.267510178414405,16.841556040382525,16.907087326049805,1282300,0.0,0,-0.014797187339605,0.978548115831473,16.82107572555542,17.196140944088356,16.446010507022486,16.7965031669222,16.329592336098603,16.122757480519603,15.754861721369812,18.33852767944336
2019-08-01,17.111870275513343,17.275699246811424,16.849745171347507,17.005382537841797,1176400,0.0,0,0.005813846577851667,0.984237244445963,16.839506340026855,17.212736018271514,16.466276661782196,16.800597701120708,16.33368687029711,16.122757480519603,15.754861721369812,18.33852767944336
2019-08-02,16.956233520237834,17.021764792603275,16.874319039183835,16.948041915893555,761200,0.0,0,-0.0033719101478983937,0.9809184848934761,16.855479621887206,17.21832216648581,16.492637077288602,16.882509195642527,16.370547659130125,16.02241331876184,15.754861721369812,18.19630241394043
2019-08-05,16.85793800745501,16.87432121825922,16.227198452993708,16.505706787109375,1815700,0.0,0,-0.026099482818092712,0.9553170197510493,16.83909683227539,17.233059447280667,16.445134217270116,16.751448849902566,16.575332172782417,16.02241331876184,15.754861721369812,18.715002059936523
2019-08-06,16.481128209943005,16.726870043076463,16.36644733374405,16.546659469604492,1053700,0.0,0,0.00248112262160749,0.9576872784195603,16.823123264312745,17.2370292283226,16.40921730030289,16.751448849902566,16.575332172782417,16.02241331876184,15.754861721369812,18.81539535522461
2019-08-07,16.587622923293196,17.021768678313553,16.35826263646165,16.87432289123535,1136600,0.0,0,0.01980239106465942,0.9766517764244738,16.81616077423096,17.221522992173522,16.410798556288395,16.751448849902566,16.681821286358886,16.02241331876184,15.754861721369812,18.447284698486328
2019-08-08,17.17739999149423,17.55420596630255,16.816978787194277,17.464099884033203,2669400,0.0,0,0.034951150134989284,1.0107868792918895,16.84974536895752,17.344242665435477,16.355248072479565,16.89070220964813,16.89070220964813,16.02241331876184,15.754861721369812,18.857223510742188
2019-08-09,17.45590828442976,17.652502094749575,17.259314474109946,17.578779220581055,3101700,0.0,0,0.006566575850422085,1.017424288003371,16.889473628997802,17.476618078670256,16.302329179325348,16.93985027387164,16.93985027387164,16.01831784492989,15.754861721369812,19.074743270874023
2019-08-12,17.554208399748326,17.758993842466083,17.18559397790079,17.283891677856445,2216000,0.0,0,-0.016775200315352845,1.0003567917664093,16.917734241485597,17.523592895746088,16.311875587225106,16.993096147729894,16.993096147729894,16.05108262844311,15.859617610739477,18.79029655456543
2019-08-13,17.25931785478277,17.406763632000786,17.144638500230545,17.26750946044922,1942200,0.0,0,-0.0009478315250155411,0.9994086220629097,16.944765949249266,17.562407497740594,16.32712440075794,16.993096147729894,16.993096147729894,16.1493799783393,16.110085070113897,18.79029655456543
2019-08-14,17.15283120146899,17.234745700976426,17.054533489582248,17.103681564331055,1357100,0.0,0,-0.009487638995849812,0.9899265938474371,16.96114902496338,17.577383116002498,16.34491493392426,16.993096147729894,16.993096147729894,16.165764107092702,16.13447755353486,18.98271369934082
2019-08-15,17.169207495340125,17.341228046880985,17.013571713456297,17.144634246826172,1265100,0.0,0,0.0023943782127306967,0.9922968525159481,16.970159435272215,17.591626294007312,16.34869257653712,16.993096147729894,16.993096147729894,16.266106247936406,16.22039366206021,18.865591049194336
2019-08-16,17.24293123198079,17.74260814205117,17.177399962003424,17.652502059936523,3302100,0.0,0,0.029622551627449756,1.0216912172593577,17.034461879730223,17.65892023766462,16.410003521795826,17.058628239463864,16.993096147729894,16.368498504762556,16.22039366206021,18.79029655456543
2019-08-19,17.811459838880772,18.045710040755804,17.635770591764672,18.020612716674805,2068200,0.45,0,0.0208531717197038,1.0429967196573804,17.110207176208498,17.822139070495055,16.39827528192194,17.201986338608727,17.136454246874756,16.368498504762556,16.22039366206021,19.041278839111328
2019-08-20,18.0457147912334,18.11264366591791,17.87002709357789,17.962053298950195,1802300,0.0,0,-0.0032495797254675773,1.0396074186634525,17.161317443847658,17.959523391513237,16.36311149618208,17.464811226556094,17.16992105945581,16.42174306155079,16.22039366206021,19.09147453308105
2019-08-21,18.003883473509582,18.162838541475733,17.895123063101035,18.112642288208008,1542100,0.0,0,0.008383729117795946,1.048323205650378,17.215042114257812,18.11247120638633,16.317613022129294,17.588205127466015,17.19501849723472,16.458604387162215,16.22039366206021,19.166770935058597
2019-08-22,18.19630229032548,18.4891166693118,18.11264081122796,18.42218780517578,1499500,0.0,0,0.01709002541110749,1.0662390758739966,17.294892978668212,18.316408029350228,16.273377927986196,17.75134419138405,17.358157561152755,16.458604387162215,16.22039366206021,19.20860481262207
2019-08-23,18.413819552472056,18.530944653409573,17.978781183690106,18.020612716674805,1508700,0.0,0,-0.021798447217444616,1.0429967196573804,17.344425868988036,18.405494371952518,16.283357366023555,17.772258183432935,17.37907155320164,16.513896874757897,16.22039366206021,18.92415428161621
2019-08-26,18.17956911905741,18.238131673920623,17.89512105625614,18.003881454467773,1046400,0.0,0,-0.0009284513501336411,1.0420283479448296,17.399265575408936,18.47767265444163,16.320858496376243,17.772258183432935,17.37907155320164,16.481131406268364,16.22039366206021,18.81539535522461
2019-08-27,18.171205564129497,18.321795925564,17.819828586019057,17.83656120300293,1518700,0.0,0,-0.00929356549519611,1.0323441892453533,17.433042526245117,18.52186586531162,16.344219187178613,17.772258183432935,17.37907155320164,16.481131268931698,16.22039366206021,18.98271369934082
2019-08-28,17.83655997246553,17.962051399766615,17.769631104857613,17.82819366455078,922100,0.0,0,-0.0004691228514799306,1.0318598929955858,17.479097843170166,18.552689164707584,16.40550652163275,17.8541723077065,17.37907155320164,16.468845248749087,16.22039366206021,19.058013916015625
2019-08-29,17.91185245709106,18.154470563040043,17.895119843775305,18.129371643066406,615100,0.0,0,0.016893353537800193,1.0492914669694369,17.535297298431395,18.621552780527374,16.449041816335416,18.083357622587123,17.37907155320164,16.468844988377626,16.2476758535199,19.01618194580078
2019-08-30,18.19630421221432,18.254866775054943,17.936955035758615,18.08754539489746,858400,0.0,0,-0.002307098612816083,1.046870648081552,17.59227247238159,18.668728982194608,16.515815962568574,18.150287879133593,17.37907155320164,16.474987964408644,16.2476758535199,18.932518005371094
2019-09-03,18.16283891883764,18.715004099095207,18.10427635619021,18.622976303100582,2265700,0.0,0,0.02960218738990239,1.0778603091790506,17.698135948181154,18.741939418221772,16.654332478140535,18.24231760197641,17.471101276044458,16.474987964408644,16.2476758535199,18.823760986328125
2019-09-04,18.656436671722226,18.80702700397756,18.5309452600794,18.572776794433597,1285600,0.0,0,-0.002695568519765934,1.0749548628609225,17.799441814422607,18.766197414723667,16.832686214121548,18.288329054417588,17.517112728485635,16.538473714683803,16.305018299272007,18.798662185668945
2019-09-05,18.62297520591181,18.698270380796757,18.32179450637203,18.38872337341309,2279500,0.0,0,-0.009909849402576665,1.0643022220554033,17.875161838531493,18.77438329732723,16.975940379735757,18.288329054417588,17.517112728485635,16.538473714683803,16.305018299272007,19.024547576904297
2019-09-06,18.405456548518657,18.497484341888487,18.296697734662587,18.33852767944336,1109300,0.0,0,-0.0027296997703660786,1.0613969965242585,17.918883228302,18.81894801385181,17.018818442752192,18.288329054417588,17.517112728485635,16.563047751510403,16.329592336098603,19.09147453308105
2019-09-09,18.35526029563971,18.42218916471501,18.146107380315637,18.33852767944336,1122500,0.0,0,0.0,1.0613969965242585,17.95687065124512,18.86047438529098,17.053266917199256,18.288329054417588,17.517112728485635,16.56714228570891,16.33368687029711,19.3842887878418
2019-09-10,18.26323127853112,18.26323127853112,17.853291783449386,18.19630241394043,2017900,0.0,0,-0.007755544392059166,1.0531652850001163,18.002491188049316,18.85578065573861,17.149201720360022,18.288329054417588,17.517112728485635,16.626528427386326,16.33368687029711,19.37592315673828
2019-09-11,18.19630216954291,18.715002059936523,18.129373305851157,18.715002059936523,2846300,0.0,0,0.02850577189785053,1.0831865743850644,18.07486581802368,18.911731816363556,17.237999819683807,18.330159393713473,17.582644820219606,16.66339051134249,16.33368687029711,19.59344291687012
2019-09-12,18.823761663004483,18.957619396062377,18.597876140078014,18.81539535522461,1702900,0.0,0,0.005364321893557289,1.0889971358408455,18.16045150756836,18.929149689963943,17.39175332517278,18.40545558975588,17.657941016262015,16.66339051134249,16.33368687029711,19.76912879943848
2019-09-13,18.8237605477248,19.124941227115585,18.330159587927668,18.447284698486328,1128200,0.0,0,-0.019564332813026164,1.0676916334428228,18.225584030151367,18.843435722012167,17.607732338290567,18.489116505282485,17.97096000715493,16.716635068130728,16.33368687029711,19.969919204711918
2019-09-16,18.422185158504018,18.89068714014756,18.3803536271101,18.857223510742188,887600,0.0,0,0.02222217626909062,1.0914180651222225,18.285820102691652,18.903340827536372,17.66829937784693,18.489116505282485,18.069256470285943,16.89070220964813,16.472940230042674,19.827695846557617
2019-09-17,18.90742191330737,19.20023628368644,18.8823229916029,19.074743270874023,1216200,0.0,0,0.011535089458314163,1.1040076701398276,18.33852663040161,19.03258713213783,17.64446612866539,18.526764033567915,18.10690399857137,16.93985027387164,16.522088294266187,20.02848052978516
2019-09-18,19.049647310304675,19.216968679864447,18.589509953667665,18.79029655456543,923100,0.0,0,-0.014912217284880902,1.0875444678785273,18.379938793182372,19.078075124264995,17.68180246209975,18.535130231656915,18.115270196660372,16.993096147729894,16.575334168124442,19.94482421875
2019-09-19,18.982718443338754,18.99108475117325,18.78193184244099,18.79029655456543,807700,0.0,0,0.0,1.0875444678785273,18.413821506500245,19.12259042988854,17.70505258311195,18.535130231656915,18.115270196660372,16.993096147729894,16.575334168124442,19.660371780395508
2019-09-20,18.79029185865592,19.074739871101777,18.79029185865592,18.98271369934082,3562400,0.0,0,0.010240239914076188,1.0986811841468298,18.441847801208496,19.193245970819934,17.69044963159706,18.535130231656915,18.115270196660372,16.993096147729894,16.575334168124442,19.76912879943848
2019-09-23,18.639707128647057,18.932519913747235,18.639707128647057,18.865591049194336,1530200,0.0,0,-0.006169963473165119,1.09190236137199,18.484096717834472,19.23096328659636,17.737230149072584,18.673170992857802,18.197184320933935,16.993096147729894,16.575334168124442,19.919721603393555
2019-09-24,18.86559172936585,19.03291469463568,18.740100303268505,18.79029655456543,994100,0.0,0,-0.003991101812424902,1.0875444678785273,18.523417472839355,19.24721867680799,17.79961626887072,18.77356413389606,18.42636963581456,17.02586219359688,16.575334168124442,19.94482421875
2019-09-25,18.781929708547874,19.133306619125083,18.76519709477994,19.041278839111328,837000,0.0,0,0.013357015617984969,1.102070816321234,18.583653354644774,19.267796517592508,17.89951019169704,18.77356413389606,18.49329989236103,17.16922029274174,16.7186922672693,20.580644607543945
2019-09-26,19.06637720886419,19.19186861707801,18.982715738151693,19.09147453308105,648500,0.0,0,0.0026361514052626323,1.1049760418523782,18.64681739807129,19.270248250685885,18.02338654545669,18.798661153487274,18.49329989236103,17.317366143005952,16.752159079850355,20.354759216308597
2019-09-27,19.20023616378891,19.325727580107745,18.96598434980648,19.166770935058597,1092900,0.0,0,0.0039439804320549054,1.1093340457393335,18.6986873626709,19.313758293638646,18.083616431703152,18.957618766887705,18.54767934248268,17.39161181235037,16.777256517629265,20.045211791992188
2019-09-30,19.175141172742343,19.43449036572372,19.15004224604985,19.20860481262207,933700,0.0,0,0.002182625216590406,1.1117553062011865,18.75474033355713,19.340114338625618,18.169366328488643,19.012000159695692,18.602060735290664,17.5547508762684,16.9403955815473,19.51814842224121
2019-10-01,19.2086007453505,19.283895913774547,18.865590131734237,18.92415428161621,907100,0.0,0,-0.014808495139581712,1.095291883152902,18.76979923248291,19.356347104591762,18.183251360374058,19.03709874718539,18.602060735290664,17.57566486831729,16.961309573596186,19.2420654296875
2019-10-02,18.899056837313303,18.991084627181877,18.731733873135912,18.81539535522461,1496000,0.0,0,-0.005747095736650998,1.0889971358408455,18.78193016052246,19.36159827154185,18.20226204950307,19.03709874718539,18.602060735290664,17.57566486831729,16.961309573596186,18.87395668029785
2019-10-03,18.832123387374228,19.12493770556375,18.73172931415995,18.98271369934082,1289400,0.0,0,0.008892629729927437,1.0986811841468296,18.811629676818846,19.36781174035021,18.255447613287483,19.03709874718539,18.602060735290664,17.57566486831729,16.961309573596186,18.99944877624512
2019-10-04,18.982718740038344,19.099843860131852,18.924156179991588,19.058013916015625,698200,0.0,0,0.0039667782945818075,1.1030394088207687,18.84760398864746,19.368299681172306,18.326908296122614,19.083109839941834,18.643891074586552,17.61662193045407,16.961309573596186,18.940887451171875
2019-10-07,18.9910846181831,19.200237525450703,18.96598569485537,19.01618194580078,1435800,0.0,0,-0.0021949805682369705,1.1006182587524076,18.881486701965333,19.350345260034057,18.412628143896608,19.083109839941834,18.643891074586552,17.73121458789438,16.961309573596186,18.748464584350582
2019-10-08,18.982715845508384,19.024545783246285,18.740097738641005,18.932518005371094,3212500,0.0,0,-0.004399618212958978,1.0957759586156852,18.918297481536865,19.2646383649713,18.571956598102428,19.083109839941834,18.643891074586552,17.764679716167617,16.961309573596186,18.9910831451416
2019-10-09,19.08311013534096,19.17513792190132,18.77356473716338,18.823760986328125,1420800,0.0,0,-0.00574445612633856,1.0894813216971209,18.923735427856446,19.260311021915612,18.58715983379728,19.083109839941834,18.643891074586552,17.856709439010434,17.053339296439002,19.025222778320312
2019-10-10,18.75683224371235,18.9492525298487,18.63970712966588,18.798662185668945,1300600,0.0,0,-0.0013333573815248467,1.0880286537348025,18.922898769378662,19.26064127531147,18.585156263445853,19.0370987476948,18.643891074586552,17.90272089145161,17.09935074888018,18.752092361450195
2019-10-11,18.82376098455425,19.183504227572666,18.723366890524236,19.024547576904297,1341800,0.0,0,0.012016035449988305,1.101102444608683,18.95176191329956,19.210708408838983,18.692815417760137,18.96180152172021,18.643891074586552,17.90272089145161,17.09935074888018,18.854516983032227
2019-10-14,18.94088420494053,19.09984083972329,18.91578688072366,19.09147453308105,473100,0.0,0,0.003517926295288243,1.104976041852378,18.963474464416503,19.225463272357242,18.701485656475764,18.91997232755829,18.643891074586552,17.90272089145161,17.09935074888018,19.050830841064453
2019-10-15,19.10820705283875,19.39265509444308,19.06637711554216,19.3842887878418,1262400,0.0,0,0.015337435264802135,1.1219235403634462,18.978951740264893,19.29671087243874,18.661192608091046,19.01618111205448,18.643891074586552,17.90272089145161,17.09935074888018,18.78623580932617
2019-10-16,19.367556849845325,19.401022077417142,19.166770271544035,19.37592315673828,794400,0.0,0,-0.0004315676058626039,1.1214393545071706,19.008233070373535,19.357761248424353,18.658704892322717,19.02036460354151,18.78193183578744,17.90272089145161,17.136211537713194,18.46189308166504
2019-10-17,19.409388947018723,19.63527285683773,19.342460085644586,19.59344291687012,1016700,0.0,0,0.0112262914325294,1.1340289595247757,19.04839038848877,19.467066369821108,18.62971440715643,19.137489993251805,18.9827162223827,17.95640210696654,17.340996051365487,18.50457000732422
2019-10-18,19.57670853977841,19.953184348426177,19.4428508290836,19.76912879943848,1581300,0.0,0,0.008966565157218609,1.1441973040805273,19.087711143493657,19.61039209838131,18.565030188606002,19.296445739046028,19.141671968176922,18.031698303008948,17.416292247407895,18.64967155456543
2019-10-21,19.810962557012665,19.969919204711918,19.735667386824076,19.969919204711918,875500,0.0,0,0.010156765495864528,1.1558186477790737,19.142927551269533,19.781874526096466,18.5039805764426,19.304813167188897,19.17513641591101,18.230038256218705,17.60644227651097,18.62406349182129
2019-10-22,20.020116134384807,20.020116134384807,19.685471808661436,19.827695846557617,1349700,0.0,0,-0.007121879497676842,1.1475870466484235,19.194797515869144,19.878200508975368,18.51139452276292,19.329911632025343,19.304813044026236,18.279186487784216,17.676069840054645,19.10204124450684
2019-10-23,19.819327646713035,20.036846836593227,19.752398787958352,20.02848052978516,1315100,0.0,0,0.01012647585384463,1.1592080591664937,19.244157600402836,20.01418961864134,18.474125582164334,19.38010686355873,19.313178395130446,18.31683401606964,17.713717368340074,19.016685485839844
2019-10-24,20.04521673500674,20.04521673500674,19.82769908454704,19.94482421875,568300,0.0,0,-0.004176867581679566,1.1543662006037394,19.28682508468628,20.11152848365127,18.462121685721293,19.480501807865203,19.342461931826897,18.32520021415864,17.722083566429077,18.49603271484375
2019-10-25,19.852792057403462,19.911354611648505,19.610175533286892,19.660371780395508,982600,0.0,0,-0.0142619676781649,1.1379026671619628,19.31150512695313,20.149939017585996,18.473071236320262,19.55579692527445,19.342461931826897,18.32520021415864,17.722083566429077,18.74355697631836
2019-10-28,19.61854007168915,19.836057654785883,19.49304707166671,19.76912879943848,1151400,0.0,0,0.0055317885265739886,1.1441973040805273,19.339531326293947,20.199761904488344,18.47930074809955,19.605993503275386,19.342461931826897,18.32520021415864,17.722083566429077,18.90572929382324
2019-10-29,19.744033934620344,20.02848200419505,19.718935012348464,19.919721603393555,1069100,0.0,0,0.00761757412189823,1.1529133118544368,19.389309692382817,20.262895628504968,18.515723756260666,19.69383841032566,19.34246193233631,18.435177656895867,17.722083566429077,18.90572929382324
2019-10-30,19.928091600803786,20.204173414075235,19.85279641575609,19.94482421875,1449600,0.0,0,0.0012601890657031323,1.1543662006037394,19.445781135559084,20.30952582642367,18.5820364446945,19.82351212157942,19.421940271870557,18.59996688485531,17.722083566429077,18.837446212768555
2019-10-31,20.16233882932439,20.87345897143961,20.05357843338976,20.580644607543945,3247800,0.0,0,0.03187896678458646,1.1911662023700353,19.525677680969242,20.49381435777229,18.557541004166193,20.18325302155316,19.756583050552745,18.633432013128544,17.722083566429077,18.92280387878418
2019-11-01,20.572278413664545,20.764698689733684,20.21253518710316,20.354759216308597,2520700,0.0,0,-0.010975622753455871,1.178092411496155,19.59051494598389,20.59801112393696,18.583018768030822,20.18325302155316,19.756583050552745,18.64598052292415,17.722083566429077,18.68381118774414
2019-11-04,20.37149137864393,20.396588703664147,19.92808668667149,20.045211791992188,2606900,0.0,0,-0.015207619064753874,1.1601764308790443,19.64196643829346,20.63163922433728,18.652293652249636,20.18325302155316,19.756583050552745,18.752649054685193,17.77646301655073,18.291187286376957
2019-11-05,19.82769541410267,19.928087911775048,19.3591917725983,19.51814842224121,3137000,0.0,0,-0.026293729156881884,1.1296710660313127,19.671247959136966,20.60790124594724,18.734594672326693,20.116325372018956,19.756583050552745,18.807030447493176,17.83084440935871,17.7876033782959
2019-11-06,19.53487978797689,19.610174954271592,19.183502877171595,19.2420654296875,2044100,0.0,0,-0.014144937653979062,1.1136919392327957,19.692163181304934,20.568276115833445,18.816050246776424,20.028480924305605,19.756583050552745,18.819579741238027,17.83084440935871,17.548614501953125
2019-11-07,19.33409400385428,19.33409400385428,18.69826901553427,18.87395668029785,2188300,0.0,0,-0.01913041771605839,1.0923865472282652,19.69592790603638,20.55700742997353,18.83484838209923,19.78586399348694,19.756583050552745,18.819579741238027,17.83084440935871,17.95831298828125
2019-11-08,18.899056277281627,19.20860167741405,18.807028490140095,18.99944877624512,1858900,0.0,0,0.0066489553872013385,1.0996497766463649,19.69467296600342,20.55977011237796,18.82957581962888,19.78586399348694,19.756583050552745,18.819579741238027,17.83084440935871,17.70224952697754
2019-11-11,18.97435268347633,19.07474518896948,18.78193238485604,18.940887451171875,1047000,0.0,0,-0.0030822644258219345,1.0962603652589447,19.687143611907963,20.575670529023338,18.79861669479259,19.78586399348694,19.756583050552745,18.863500457264195,17.83084440935871,17.932703018188477
2019-11-12,18.974350084333096,19.116574110724688,18.740098277420504,18.748464584350582,1396300,0.0,0,-0.010159126245660066,1.0851233178101656,19.655352401733403,20.62746397973636,18.683240823730447,19.78586399348694,19.756583050552745,18.863500457264195,17.83084440935871,18.163158416748047
2019-11-13,18.79866127264095,19.024546777939594,18.773563946969936,18.9910831451416,2300000,0.0,0,0.012940716275696262,1.099165590790089,19.636110401153566,20.64454157607208,18.627679226235053,19.73148385263398,19.756583050552745,18.863500457264195,17.83084440935871,18.239974975585938
2019-11-14,19.195928145154728,19.264210617485,18.97400970308569,19.025222778320312,2749400,0.45,0,0.0017976664584002933,1.10114152390488,19.607699394226074,20.651133662240955,18.564265126211193,19.547428859599208,19.756583050552745,18.863500457264195,17.83084440935871,17.941238403320312
2019-11-15,19.12764679529674,19.17885824555406,18.73502296335285,18.752092361450195,2312200,0.0,0,-0.014356226996792731,1.0853332862321075,19.55684757232666,20.66185651814996,18.45183862650336,19.31317846365466,19.78586399348694,18.840494911140674,17.83084440935871,17.915634155273438
2019-11-18,18.726487542765515,18.948405998953056,18.675274464272704,18.854516983032227,2329300,0.0,0,0.005462036961410899,1.0912614167569568,19.501077461242676,20.629661432050163,18.37249349043519,19.142724709272148,19.774366717856157,18.802846298153383,17.83084440935871,17.779067993164062
2019-11-19,18.91426587380099,19.144719866551647,18.863054418072892,19.050830841064453,1543100,0.0,0,0.010412033265498,1.1026236669295846,19.462234210968017,20.596702936675477,18.327765485260556,19.00468423406349,19.774366717856157,18.781931701072423,17.83084440935871,17.872955322265625
2019-11-20,19.059365734967503,19.14471924372611,18.74355824095548,18.78623580932617,2144600,0.0,0,-0.013888897232132491,1.0873094401338825,19.40012197494507,20.539852176816467,18.26039177307367,18.96974254087885,19.774366717856157,18.830036093320516,17.83084440935871,17.98391342163086
2019-11-21,18.786236094270745,18.871589604323976,18.427752654433423,18.46189308166504,2321000,0.0,0,-0.017264913043416263,1.0685371371986854,19.32597541809082,20.506968917431553,18.144981918750087,18.845981635959212,19.65060581293652,18.901148219664474,17.83084440935871,18.214370727539062
2019-11-22,18.487498980310534,18.666741507988768,18.35093402016652,18.50457000732422,1989800,0.0,0,0.0023116224035315547,1.0710071915840393,19.268185329437255,20.490907797087463,18.045462861787048,18.80757231882576,19.612196495803065,19.060103107817252,17.996767746649688,17.8985595703125
2019-11-25,18.496035558563488,18.7264895525664,18.487500044565287,18.64967155456543,2512300,0.0,0,0.00784138983957905,1.0794053764942426,19.212212467193602,20.440622964656672,17.983801969730532,18.80757231882576,19.612196495803065,19.219058853611475,18.15572349244391,18.01805686950684
2019-11-26,18.606992465218827,18.837446440404,18.53870998679167,18.62406349182129,5256000,0.0,0,-0.0013731106560893602,1.0779232334695383,19.14742956161499,20.356045580030738,17.938813543199245,18.80757231882576,19.612196495803065,19.239974791549955,18.393448995953097,18.205833435058597
2019-11-27,18.641134912378572,19.10204124450684,18.641134912378572,19.10204124450684,2318500,0.0,0,0.025664525515360914,1.1055876217985177,19.105290412902832,20.25656310983592,17.954017715969744,18.76489613286029,19.612196495803065,19.317362338025788,18.516843923920554,18.129016876220703
2019-11-29,19.076432440038765,19.17885532495623,18.96547241539871,19.016685485839844,988200,0.0,0,-0.004468410342875817,1.1006474026343176,19.027092456817627,19.955633767916268,18.098551145718986,18.764894672561375,19.612196495803065,19.346642629344586,18.525209275024764,18.129016876220703
2019-12-02,18.991081054747067,19.059363528251573,18.453356779396906,18.49603271484375,2372200,0.0,0,-0.027378733869463212,1.0705130703134766,18.934156131744384,19.66071328343478,18.207598980053987,18.764894672561375,19.612196495803065,19.41148186984605,18.529394224231517,18.120479583740234
2019-12-03,18.504569121498207,18.76062800251484,18.359468654793407,18.74355697631836,3545600,0.0,0,0.013382559670537475,1.084839275355037,18.869073390960693,19.38725307693788,18.350893704983505,18.764894672561375,19.612196495803065,19.449129428550673,18.529394224231517,18.214370727539062
2019-12-04,18.77769984773072,19.084971820738968,18.71795288141972,18.90572929382324,1216700,0.0,0,0.008652163391920542,1.0942254820193815,18.838452434539796,19.262490319782597,18.414414549296996,18.764894672561375,19.612196495803065,19.47422771755114,18.529394224231517,18.61552619934082
2019-12-05,18.89719378035271,18.93987134770537,18.76062882078965,18.90572929382324,1334500,0.0,0,0.0,1.0942254820193815,18.82163562774658,19.20457466544248,18.438696590050682,18.764894672561375,19.612196495803065,19.518150171330987,18.611308348505084,18.59845733642578
2019-12-06,18.965475654774504,19.10204060997854,18.81184130115697,18.837446212768555,1830900,0.0,0,-0.0036117665705175384,1.0902733950028154,18.819810104370116,19.202074254632407,18.437545954107826,18.769161989874817,19.612196495803065,19.62272619672499,18.919972002919955,18.82037734985352
2019-12-09,18.90573284863328,19.05083334894985,18.82891484093727,18.92280387878418,1748600,0.0,0,0.004531275898628229,1.0952137245605071,18.81597785949707,19.192390660808265,18.439565058185877,18.769161989874817,19.557816354950102,19.969918036052952,19.321545038148614,19.05936622619629
2019-12-10,19.016689707581577,19.016689707581577,18.66674178845673,18.68381118774414,1825600,0.0,0,-0.012629877293607206,1.0813813096090334,18.803124046325685,19.179150228070988,18.427097864580382,18.769161989874817,19.373761361915335,19.969918036052952,19.321545038148614,18.803306579589844
2019-12-11,18.67527563117642,18.743558112117395,18.14608681087953,18.291187286376957,2104000,0.0,0,-0.021014122730202422,1.0586570300507623,18.780260181427003,19.218058496817736,18.34246186603627,18.66247106791788,19.037087361327288,19.969918036052952,19.321545038148614,18.97401237487793
2019-12-12,18.333863225803825,18.39361019312716,17.75346132383527,17.7876033782959,2630800,0.0,0,-0.02753150466378529,1.0295106090905706,18.720086193084718,19.32611386188278,18.114058524286655,18.427750966906906,18.681818139053433,19.93645421128585,19.321545038148614,18.777700424194336
2019-12-13,17.761997465934016,17.890026918725983,17.4974030464329,17.548614501953125,2168500,0.0,0,-0.013435698517675676,1.015678414926081,18.646255779266358,19.42335004414209,17.869161514390626,18.29972182820572,18.41574852514359,19.892531987429173,19.321545038148614,18.897193908691406
2019-12-16,17.56568744519251,18.00098893453779,17.46326289500062,17.95831298828125,2516800,0.0,0,0.023346486201661465,1.0393909370254781,18.60656681060791,19.437788874095574,17.775344747120243,18.28265175248958,18.363736756242808,19.771223522019845,19.321545038148614,18.939870834350582
2019-12-17,18.00098598578611,18.04366192505188,17.65103807426207,17.70224952697754,2128400,0.0,0,-0.014258770379534269,1.0245705003198629,18.548953437805174,19.46023033295835,17.637676542652,18.28265175248958,18.363736756242808,19.771223522019845,19.321545038148614,18.88865852355957
2019-12-18,17.932703018188477,18.086339000136885,17.813209089109794,17.932703018188477,1949800,0.0,0,0.013018316731991275,1.0379086836072815,18.493047046661378,19.41154764248397,17.574546450838785,18.28265175248958,18.363736756242808,19.771223522019845,19.3633753774445,19.15325355529785
2019-12-19,18.000986908853267,18.197298844314798,17.9753803671911,18.163158416748047,1708400,0.0,0,0.012851124469402508,1.0512469772881923,18.461893177032472,19.380774033067514,17.54301232099743,18.257048121975238,18.363736756242808,19.771223522019845,19.3633753774445,19.042295455932617
2019-12-20,18.163156984639105,18.47896283365814,18.163156984639105,18.239974975585938,7048600,0.0,0,0.004229251161904646,1.055692964788337,18.450797271728515,19.374811083287753,17.526783460169277,18.2399763012911,18.363736756242808,19.74403345159336,19.3633753774445,18.72648811340332
2019-12-23,18.29118630282327,18.36800429324906,17.90709635069433,17.941238403320312,985300,0.0,0,-0.0163781240196591,1.038402694484352,18.42263069152832,19.372634518617996,17.47262686443864,18.103410503559008,18.32106057027734,19.65200595507598,19.3633753774445,18.350934982299805
2019-12-24,17.932705183769826,18.03512809878239,17.830280640774376,17.915634155273438,802700,0.0,0,-0.001427117095893271,1.0369207722466318,18.38592882156372,19.3547475331972,17.41711010993024,17.97111286432938,18.321059109978428,19.5495212285708,19.3633753774445,18.410680770874023
2019-12-26,17.924168469704792,18.00098646481358,17.693714484378436,17.779067993164062,723600,0.0,0,-0.007622736707267319,1.0290165982134993,18.34367904663086,19.340869060276372,17.34648903298535,17.97111286432938,18.321059109978428,19.458545713564153,19.3633753774445,18.257043838500977
2019-12-27,17.847348783661182,17.91563125862375,17.744925885208637,17.872955322265625,755400,0.0,0,0.005280779011456627,1.0344506074677857,18.2822247505188,19.23492380847416,17.32952569256344,17.97111286432938,18.321059109978428,19.38952547595982,19.3633753774445,18.239974975585938
2019-12-30,17.804672538456774,17.98391342163086,17.77053048757642,17.98391342163086,1132400,0.0,0,0.006208156254215336,1.0408726384762137,18.23058614730835,19.128237376663648,17.332934917953054,18.065000453960103,18.321059109978428,19.372054629367504,19.3633753774445,18.51310539245605
2019-12-31,17.975381211416295,18.26558218528577,17.932705267957854,18.214370727539062,2093700,0.0,0,0.012814636086437847,1.0542110425506168,18.216503047943114,19.105762415662184,17.327243680224043,18.08633865901829,18.321059109978428,19.248293724447866,19.501416138645382,18.34239959716797
2020-01-02,18.299720520352075,18.333860942578227,17.56568272069035,17.8985595703125,2248900,0.0,0,-0.017338570843354772,1.035932529705506,18.17425317764282,19.039029112552917,17.309477242732726,18.022322777174246,18.321059109978428,19.209884407314412,19.60180927968364,18.769163131713867
2020-01-03,17.81320943229003,18.12047977412388,17.761996351998793,18.01805686950684,1048600,0.0,0,0.006676364023870507,1.042848792377989,18.129869556427003,18.92775516983172,17.331983943022287,18.022322777174246,18.321059109978428,19.209884407314412,19.60180927968364,18.71795463562012
2020-01-06,17.98391496918748,18.28265142816716,17.92416800298809,18.205833435058597,1317300,0.0,0,0.010421576916517905,1.0537169212800541,18.094874763488768,18.80980579652969,17.379943730447845,17.966843506969706,18.321059109978428,19.209884407314412,19.612196495803065,18.436288833618164
2020-01-07,18.129016876220703,18.163158932740195,17.915633906922462,18.129016876220703,1325100,0.0,0,-0.004219337670637535,1.0492709337799089,18.059453296661378,18.68778333228724,17.431123261035516,17.949771831634287,18.321059109978428,19.188546314331678,19.612196495803065,18.68907928466797
2020-01-08,18.03512784877496,18.2058348754067,17.94124044931208,18.129016876220703,1295700,0.0,0,0.0,1.0492709337799089,18.019763946533203,18.508333559878388,17.53119433318802,17.949771831634287,18.28265175248958,19.188545584182222,19.612196495803065,19.43001365661621
2020-01-09,18.043661592093184,18.21436860197167,17.890025608799085,18.120479583740234,1001400,0.0,0,-0.00047091866805348825,1.048776812509346,17.991597366333007,18.376806171207715,17.6063885614583,17.949771831634287,18.28265175248958,19.188545584182222,19.612196495803065,19.29926109313965
2020-01-10,18.111946184062763,18.308259756727093,18.069270240604325,18.214370727539062,1150900,0.0,0,0.0051814933134042285,1.0542110425506166,17.987756538391114,18.362206914864007,17.61330616191822,17.949771831634287,18.28265175248958,19.188545584182222,19.612196495803065,19.063905715942383
2020-01-13,18.21436688041992,18.666739274253523,18.146084408518856,18.61552619934082,1947000,0.0,0,0.02202411918602465,1.0774291121989747,18.02915267944336,18.481773184872864,17.576532174013856,18.11621099747194,18.28265175248958,19.188545584182222,19.612196495803065,19.28182983398437
2020-01-14,18.547244260042444,18.606991221173747,18.342396838456867,18.59845733642578,1430300,0.0,0,-0.0009169154141688285,1.0764412008383253,18.081644821166993,18.542692728615446,17.62059691371854,18.11621099747194,18.28265175248958,19.188545584182222,19.612196495803065,19.16850471496582
2020-01-15,18.57285395058585,19.067902377104044,18.56431843640657,18.82037734985352,1859700,0.0,0,0.011932173158958781,1.0892854836421657,18.124748039245606,18.683601166330156,17.565894912161056,18.41494936455142,18.265582636052333,19.19067924283894,19.612196495803065,19.482318878173828
2020-01-16,18.880125318368016,19.1873956786426,18.79477180740954,19.05936622619629,1533100,0.0,0,0.012698410446304376,1.1031176778066552,18.192603874206544,18.8515579436408,17.53364980477229,18.53871064372084,18.32532928682161,19.16348917241246,19.612196495803065,18.49730491638184
2020-01-17,19.19593043533549,19.19593043533549,18.794771066032407,18.803306579589844,1638200,0.0,0,-0.013434845816357899,1.088297461888024,18.23613405227661,18.93492482065053,17.537343283902693,18.542978022067288,18.329596665168054,19.071461675895076,19.612196495803065,18.558324813842773
2020-01-21,18.828911897246204,19.06790139804633,18.71795347457855,18.97401237487793,1418600,0.0,0,0.009078498750500597,1.0981775690359472,18.276676750183107,19.04522729832891,17.508126202037303,18.542978022067288,18.329596665168054,18.849779214622586,19.50977289115957,17.573312759399414
2020-01-22,19.00815441102532,19.144719374780838,18.7606293967292,18.777700424194336,1835800,0.0,0,-0.010346359368011981,1.0868154292568115,18.303563022613524,19.102455385447893,17.504670659779155,18.542978022067288,18.329596665168054,18.55478455298017,19.313460147637443,17.041580200195312
2020-01-23,18.76916446172938,18.93133596280541,18.658206041824357,18.897193908691406,1734900,0.0,0,0.006363584560285629,1.0937314711423103,18.35136079788208,19.172152055420565,17.530569540343595,18.632600337969908,18.329596665168054,18.357735176674655,19.185431008936256,16.980562210083008
2020-01-24,18.91426429463304,19.02522433875972,18.83744630346309,18.939870834350582,1770100,0.0,0,0.002258373696400806,1.0962015255276638,18.402572631835938,19.236078918616847,17.569066345055028,18.671007421927172,18.380806578012923,18.323194254366193,19.168360933220114,17.085163116455078
2020-01-27,18.820376042850157,18.98254754502856,18.70088210860436,18.88865852355957,2228000,0.0,0,-0.0027039419243625185,1.0932374602652395,18.458052158355713,19.265180698185233,17.650923618526193,18.76916363689618,18.380806578012923,18.323194254366193,19.168360933220114,17.83481788635254
2020-01-28,18.914264071369832,19.21300051928419,18.888657531954543,19.15325355529785,2503900,0.0,0,0.014008143109170756,1.1085516870609413,18.522067070007324,19.33655302853818,17.70758111147647,18.88865947784538,18.38934161998727,18.323194254366193,19.168360933220114,17.52972984313965
2020-01-29,19.161791024083648,19.2471429082136,18.939872543783547,19.042295455932617,2276000,0.0,0,-0.005793172373815492,1.1021296560525133,18.57498617172241,19.380111707631777,17.769860635813046,18.95267447501898,18.406412814451976,18.310392439109023,19.168360933220114,16.34422492980957
2020-01-30,18.93987106301098,18.99961802842389,18.71795260006109,18.72648811340332,1195100,0.0,0,-0.016584520666646174,1.0838513639943868,18.600592041015624,19.390480116088106,17.81070396594314,18.95267447501898,18.406412814451976,18.301856528766955,19.168360933220114,13.990656852722168
2020-01-31,18.71795394242305,18.78623642607509,18.308259040510844,18.350934982299805,1672800,0.0,0,-0.020054648198276737,1.062115106190257,18.62321081161499,19.35451617195537,17.891905451274607,18.777700974362222,18.406412814451976,18.212235536918172,19.168360933220114,13.589679718017578
2020-02-03,18.44482282450109,18.700881714773256,18.3423982916026,18.410680770874023,1898400,0.0,0,0.0032557353961444324,1.0655730719362604,18.64284200668335,19.32719407274934,17.95848994061736,18.777700974362222,18.406412814451976,18.146085987153903,19.168360933220114,11.628373146057127
2020-02-04,18.487497804581604,18.63259826900467,18.20583238869949,18.257043838500977,1265800,0.0,0,-0.008344989209530085,1.0566808761489865,18.64540252685547,19.32348196830429,17.96732308540665,18.726487648456548,18.406412814451976,18.146085987153903,19.168360933220114,8.403112411499023
2020-02-05,18.28265091367521,18.46189180722936,18.05219694083471,18.239974975585938,2487200,0.0,0,-0.0009349193147601964,1.055692964788337,18.65095043182373,19.31351121453664,17.98838964911082,18.649669924524154,18.406412814451976,18.146085987153903,19.168360933220114,9.126615524291992
2020-02-06,18.36800491981137,18.57285235860692,18.24850935952691,18.51310539245605,1984900,0.0,0,0.014974275854857,1.0715012024611095,18.6701548576355,19.29165134408105,18.048658371189948,18.649669924524154,18.406412814451976,18.193029781969265,19.168360933220114,6.494105815887451
2020-02-07,18.56431807759137,18.71795407388317,18.333864083153664,18.34239959716797,1377100,0.0,0,-0.009220808269024605,1.0616210953131862,18.681250858306885,19.269799746794373,18.092701969819398,18.649669924524154,18.406412814451976,18.20369888449836,19.168360933220114,6.459238052368164
2020-02-10,18.385074818044952,18.794769670484847,18.36800379219763,18.769163131713867,981300,0.0,0,0.023266505142096605,1.0863213079862486,18.708990478515624,19.257413783400885,18.160567173630362,18.649669924524154,18.504569630106197,18.171690943576337,19.168360933220114,5.160417556762695
2020-02-11,18.82891306517033,18.99962009461376,18.62406560662794,18.71795463562012,1510000,0.0,0,-0.002728331345110413,1.0833574635108083,18.71411190032959,19.260840410198227,18.167383390460955,18.525908517724233,18.56858425850634,18.171690943576337,19.168360933220114,6.982253074645996
2020-02-12,18.845983743080534,18.845983743080534,18.385077376931083,18.436288833618164,1610600,0.0,0,-0.01504789425367814,1.0670552149609647,18.70600347518921,19.264168185219603,18.147838765158816,18.525908517724233,18.56858425850634,18.143951308474065,19.168360933220114,7.906246662139893
2020-02-13,18.497305956588377,18.915719432548823,18.471156257392614,18.68907928466797,2792000,0.45,0,0.013711569249709621,1.0816862164341656,18.69943857192993,19.255124237800423,18.14375290605944,18.525908517724233,18.56858425850634,18.135415470806358,19.168360933220114,8.167755126953125
2020-02-14,18.78496017397984,19.464880468784983,18.73265912441649,19.43001365661621,6155200,0.0,0,0.0396453116101918,1.1245700035491475,18.71797094345093,19.34176666328048,18.094175223621377,18.758538704809844,18.677453038792034,18.116211792061932,19.168360933220114,8.908693313598633
2020-02-18,19.38643062902953,19.403864868731624,18.93315037249865,19.29926109313965,2661400,0.0,0,-0.0067294118155207805,1.1170023088798837,18.742768669128417,19.416179058556114,18.06935827970072,18.758538704809844,18.758538704809844,18.116211792061932,19.168360933220114,9.57117748260498
2020-02-19,19.273111606791574,19.273111606791574,18.941867699314884,19.063905715942383,1451500,0.0,0,-0.012195046020747835,1.1033804143178119,18.74726333618164,19.428027354904586,18.066499317458693,18.856694914155945,18.758538704809844,18.116211792061932,19.168360933220114,9.76294994354248
2020-02-20,19.159791810348924,19.307979532704262,18.91571908831946,19.28182983398437,2426100,0.0,0,0.01143124191281264,1.1159934227557382,18.772469806671143,19.492512156564835,18.05242745677745,18.899372275969323,18.758538704809844,18.19943137498076,19.168360933220114,9.76294994354248
2020-02-21,19.27310847470148,19.29925816767013,19.1074865478785,19.16850471496582,4968900,0.0,0,-0.005877301065006502,1.1094343934236357,18.786035346984864,19.525145410881997,18.04692528308773,18.916442130491305,18.758538704809844,18.19943137498076,19.168360933220114,9.77166748046875
2020-02-24,19.13364236871767,19.586920999700304,18.863416619096,19.482318878173828,2076900,0.0,0,0.016371342881168927,1.1275973242825357,18.813157749176025,19.610997156935742,18.015318341416307,18.985999188315695,18.819558970267508,18.340266000301874,19.168360933220114,9.518877029418944
2020-02-25,19.499752115571862,19.517184693181783,18.47987233877191,18.49730491638184,2007500,0.0,0,-0.05055937991526804,1.0705867027726952,18.79359006881714,19.602303772225476,17.9848763654088,18.985999188315695,18.819558970267508,18.432019965271223,19.11398079236715,8.385676383972168
2020-02-26,18.689078290729995,18.941868124362536,18.418852554192984,18.558324813842773,2195000,0.0,0,0.0032988534133366887,1.0741184113714097,18.763843631744386,19.561011148302313,17.96667611518646,19.002886776946646,18.819558970267508,18.43628734361767,18.929925799332384,7.749342918395996
2020-02-27,18.34040274529441,18.462439108341947,17.573312759399414,17.573312759399414,1931800,0.0,0,-0.053076560752327806,1.0171079002550614,18.690394496917726,19.630904943571952,17.7498840502635,18.58011687954986,18.58011687954986,18.43628734361767,18.695675403387835,7.801644802093506
2020-02-28,17.233353529763836,17.320523073874913,16.291926111129886,17.041580200195312,3977400,0.0,0,-0.030257957989149986,0.9863322921387112,18.606149101257323,19.791588496617674,17.42070970589697,17.939423555415097,17.939423555415097,18.43628734361767,18.536718924636105,8.81280517578125
2020-03-02,17.18976812074238,17.311806148925932,16.63188569231739,16.980562210083008,3538000,0.0,0,-0.003580535924221695,0.9828006939334887,18.537630462646483,19.91871865923649,17.156542266056476,17.939423555415097,17.939423555415097,18.48109850156898,18.39867844942745,9.675783157348633
2020-03-03,16.99799358605378,17.738932100534072,16.8585230024599,17.085163116455078,3316100,0.0,0,0.006160037876128621,0.9888547834328044,18.47135457992554,19.992188261447353,16.950520898403724,17.939423555415097,17.939423555415097,18.525906999970047,18.363736756242808,10.843849182128906
2020-03-04,17.355387941604793,18.15734466449561,17.355387941604793,17.83481788635254,3537100,0.0,0,0.04387753074335321,1.0322432895935891,18.450243282318116,19.994189319172435,16.906297245463797,17.939423555415097,17.939423555415097,18.574985107454552,18.363736756242808,11.52376937866211
2020-03-05,17.573313786025427,17.72150151950625,17.25078861838065,17.52972984313965,2882400,0.0,0,-0.01710631670909002,1.0145854089609683,18.4147310256958,20.00879957582222,16.82066247556938,17.939423555415097,17.939423555415097,18.639000548916325,18.363736756242808,11.157658576965332
2020-03-06,17.024145285433043,17.28565221926178,15.882227573250228,16.34422492980957,4953500,0.0,0,-0.06762824777896004,0.9459707755308384,18.306287002563476,20.138861099181064,16.473712905945888,17.699706133216004,17.734574286475265,18.679543644735478,18.363736756242808,11.654520988464355
2020-03-09,15.47253401497976,15.768909447431277,13.947072914911333,13.990656852722168,4718300,0.0,0,-0.14399998086142496,0.8097510019589303,18.088699865341187,20.721630788120137,15.455768942562235,16.444470519636933,16.766996957305818,18.679543644735478,18.363736756242808,11.096639633178713
2020-03-10,14.417787862588472,14.531107101917405,12.892325884789098,13.589679718017578,4817400,0.0,0,-0.02866035089886232,0.786543254102082,17.82972569465637,21.094699209585375,14.564752179727368,15.677382496565523,16.2396234422447,18.5920568944071,18.35520290160711,11.026905059814451
2020-03-11,13.075381948704049,13.21485255648056,11.515053069411112,11.628373146057127,8016900,0.0,0,-0.14432323738727237,0.6730267853249495,17.475246620178222,21.690453053387714,13.26004018696873,14.83619886695336,15.550987034555707,18.5920568944071,18.35520290160711,11.47146701812744
2020-03-12,10.564908489474565,10.68694568664172,8.254924683264042,8.403112411499023,5851300,0.0,0,-0.27736130360176003,0.4863551987883196,16.973587799072266,22.73592080350686,11.211254794637671,13.206134673879827,13.920922841482174,18.56645023145426,18.35520290160711,10.730528831481934
2020-03-13,9.205067937744545,9.213784225997946,7.862662283418286,9.126615524291992,6011000,0.0,0,0.0860994209482322,0.5282300997791562,16.495464611053468,23.13887112413132,9.852058097975613,13.01000347395695,13.724791641559296,18.528041369488065,18.35520290160711,10.521322250366213
2020-03-16,8.045717482211312,8.272357622042424,6.476671990950841,6.494105815887451,5375400,0.0,0,-0.28844314756085454,0.3758657471624722,15.84866921901703,23.654207373756083,8.043131064277976,12.317008327723226,13.031796495325572,18.528041369488065,18.35520290160711,10.442870140075684
2020-03-17,6.764330606873705,7.348364355457228,6.162863033660309,6.459238052368164,4941600,0.0,0,-0.0053691400337188,0.3738476713320785,15.206668066978455,23.84829060444315,6.565045529513762,11.94218227658328,12.874892016680306,18.528041369488065,18.35520290160711,10.24238109588623
2020-03-18,6.058260231929159,6.337201867524918,4.837891563378829,5.160417556762695,4556700,0.0,0,-0.20107952131122953,0.2986745605373063,14.51149365901947,24.00473248247124,5.018254835567701,11.061771891320305,12.212406281539566,18.577119777315175,18.35520290160711,10.146496772766112
2020-03-19,5.247585789652424,7.16530842672208,4.994795144529286,6.982253074645996,5783300,0.0,0,0.3530403301368117,0.404118725992864,13.896514821052552,23.66652985905749,4.126499783047612,10.303400505405053,12.212406281539566,18.547246388115287,18.35520290160711,10.486454010009766
2020-03-20,7.853945604444396,8.804090076119266,7.71447500884264,7.906246662139893,7744500,0.0,0,0.1323345885082723,0.45759761130561694,13.333401918411255,23.121482549745306,3.545321287077204,9.684499332648116,12.212406281539566,18.547246388115287,18.35520290160711,10.843849182128906
2020-03-23,7.77549383622271,8.272358082393877,7.304780121084133,8.167755126953125,3135900,0.0,0,0.0330761834266442,0.47273319383275575,12.76767373085022,22.373031666566064,3.1623157951343757,9.026372059929695,12.212406281539566,18.547246388115287,18.35520290160711,11.541204452514648
2020-03-24,8.725637943068854,9.022013384051386,8.263640540920624,8.908693313598633,4000500,0.0,0,0.09071503431835937,0.5156172017347218,12.28824315071106,21.65343188230568,2.92305441911644,7.762418625010274,12.212406281539566,18.717995871800937,18.464071681892804,11.175091743469238
2020-03-25,9.048162796602393,10.015740589189868,8.830239802940417,9.57117748260498,4770400,0.0,0,0.07436378666163113,0.5539604493235899,11.83888578414917,20.807387385426082,2.870384182872259,7.426816076284348,12.212406281539566,18.758538704809844,18.464071681892804,10.62592601776123
2020-03-26,9.719365178575949,10.591057152665638,9.30967054929717,9.76294994354248,5137200,0.0,0,0.020036454374191104,0.5650598525915684,11.448367643356324,20.05301372859997,2.8437215581126765,7.714474358022233,12.212406281539566,18.807616809482894,18.464071681892804,10.695659637451172
2020-03-27,9.187633373652924,10.04189194054215,8.882540850197435,9.76294994354248,3182000,0.0,0,0.0,0.5650598525915684,11.084436130523681,19.315681181068456,2.8531910799789078,7.714474358022233,12.212406281539566,18.828955490389582,18.464071681892804,10.669510841369627
2020-03-30,9.780384600096705,9.893704661329238,8.93484311632181,9.77166748046875,4206100,0.0,0,0.0008929203751613102,0.5655644060471331,10.723991394042969,18.50521840453467,2.9427643835512667,7.714474358022233,12.212406281539566,18.837490417650574,18.464071681892804,10.137778282165527
2020-03-31,9.762950564931913,9.832685860792758,9.222501606355197,9.518877029418944,3423700,0.0,0,-0.02586973528879022,0.5509334045739319,10.345677089691161,17.562385654297195,3.128968525085126,7.792926148597462,12.177538128280306,18.9027790792916,18.52509194735046,10.059325218200684
2020-04-01,8.987144289607063,9.013294815105471,8.220055280735297,8.385676383972168,2046300,0.0,0,-0.11904772400615293,0.4853460366804443,9.873220014572144,16.24618866433237,3.5002513648119207,8.947918636874885,11.889879843870682,18.9027790792916,18.52509194735046,10.896150588989258
2020-04-02,8.272357669494436,8.603600760845293,7.496552247537494,7.749342918395996,2370000,0.0,0,-0.07588337975841974,0.4485163390647782,9.38420066833496,14.742088769591907,4.026312567078014,8.947918636874885,11.650165335860388,18.911222873607077,18.52509194735046,10.495173454284668
2020-04-03,7.749343737113237,7.949832538388335,7.479118797013712,7.801644802093506,2680000,0.0,0,0.0067492023837725235,0.45154346660955513,8.957071661949158,13.279241193445461,4.634902130452855,9.035087974839675,11.49761811393722,18.58011687954986,18.52509194735046,9.579895973205566
2020-04-06,8.368242920111433,9.239934856318447,8.359525801234913,8.81280517578125,2931900,0.0,0,0.1296086145086235,0.5100673897072404,8.698179078102111,12.343923238234503,5.052434917969719,9.035087974839675,11.49761811393722,17.939423555415097,17.939423555415097,9.937288284301758
2020-04-07,9.40555822619407,10.277250372574654,9.40555822619407,9.675783157348633,3534300,0.0,0,0.09792318840077852,0.5600148148066358,8.502484250068665,11.416601497314996,5.588367002822333,9.035087974839675,11.49761811393722,17.939423555415097,17.939423555415097,10.303400039672852
2020-04-08,10.050609517020076,10.913585313801992,9.771668315569151,10.843849182128906,2874400,0.0,0,0.12072056657172414,0.6276201205386521,8.463258051872254,11.22344423623396,5.703071867510548,9.196352055407852,11.49761811393722,17.939423555415097,17.939423555415097,10.464390754699709
2020-04-09,11.331996890819802,12.020633591701824,10.992036684823487,11.52376937866211,3283200,0.0,0,0.0627010008266935,0.6669725302353956,8.619290900230407,11.687400964747363,5.551180835713451,9.749876194357768,11.27969654144254,17.939423555415097,17.939423555415097,12.110072135925291
2020-04-13,11.39301500178473,11.497617949627834,10.312117042762331,11.157658576965332,2434800,0.0,0,-0.03177005627817264,0.6457827754138219,8.720843052864074,11.980034177776847,5.4616519279513005,9.749876194357768,11.061771891320305,17.939423555415097,17.939423555415097,11.814923286437988
2020-04-14,11.349429312166142,11.91602873337011,11.34071219336357,11.654520988464355,2695000,0.0,0,0.044531064297377076,0.6745401697079134,8.97886381149292,12.309137314739308,5.648590308246531,9.749876194357768,10.303400505405053,17.717140209845635,17.734574286475265,11.60027027130127
2020-04-15,11.070489103890129,11.349431131106252,10.77411366758506,11.096639633178713,2749500,0.0,0,-0.047868235497437794,0.6422511220118534,9.210733890533447,12.450567884554616,5.970899896512279,9.749876194357768,9.684499332648116,16.605733738471375,16.766996957305818,11.707596778869627
2020-04-16,11.07920695314362,11.218677560274209,10.817699149118573,11.026905059814451,1994900,0.0,0,-0.006284296477985674,0.638215025547812,9.504058265686036,12.242412969155978,6.7657035622160935,9.749876194357768,9.026372059929695,15.95850296940511,16.2396234422447,11.752315521240234
2020-04-17,11.619654730201663,11.78527668196006,11.340713545737383,11.47146701812744,2644300,0.0,0,0.040316113714727875,0.6639453750922455,9.728518962860107,12.334596440632142,7.122441485088073,10.190079696468368,8.429262577540326,15.193592950754534,15.550987034555707,12.467829704284668
2020-04-20,11.079205297193582,11.49761705604756,10.704377473070858,10.730528831481934,2380000,0.0,0,-0.06458966281075129,0.6210613671902796,9.86973307132721,12.36825225994681,7.3712138827076075,10.713095908947947,8.429262577540326,13.563528757681,13.920922841482174,12.423110008239746
2020-04-21,10.294682960516605,10.81769766552756,9.937288539621267,10.521322250366213,2652700,0.0,0,-0.01949639056948771,0.6089529122079179,9.987411427497864,12.372103048106982,7.602719806888746,10.896150953635487,8.429262577540326,13.367397557758123,13.724791641559296,12.253174781799316
2020-04-22,10.887433275729,10.96588569158668,10.355701435697386,10.442870140075684,2163300,0.0,0,-0.007456487732594441,0.6044122622883119,10.064120268821716,12.402843829398812,7.725396708244619,10.978961065661546,8.429262577540326,12.6744024115244,13.031796495325572,12.03852081298828
2020-04-23,10.547473631266527,10.704377627444432,10.216230568408292,10.24238109588623,1852500,0.0,0,-0.01919865338744886,0.5928083607615148,10.097680449485779,12.426278277725801,7.769082621245756,10.926658636495688,8.429262577540326,12.408537146631794,12.874892016680306,12.655651092529297
2020-04-24,10.25981685032012,10.3818532174472,9.858838434094558,10.146496772766112,3581000,0.0,0,-0.009361526604261039,0.5872587695210175,10.11685779094696,12.440369844487883,7.793345737406039,10.887433583732335,8.507714368115554,11.637089086429935,12.212406281539566,12.754034996032717
2020-04-27,10.329550023039726,10.756678882457985,10.146494678816154,10.486454010009766,1753400,0.0,0,0.03350488792901629,0.6069348087791512,10.153032994270324,12.475900047869663,7.830165940670986,10.822057558027309,9.662706856392978,11.25790339347231,12.212406281539566,13.54110050201416
2020-04-28,10.852566302501836,11.175092274507056,10.591058510486418,10.843849182128906,1680100,0.0,0,0.0340816039223546,0.6276201205386522,10.206642079353333,12.541416945235785,7.871867213470882,10.822057558027309,9.662706856392978,10.94845280709384,12.212406281539566,13.943577766418455
2020-04-29,11.331998525406274,11.750410379623023,11.096641233926508,11.541204452514648,1598200,0.0,0,0.06430883154802736,0.667981637146525,10.307758450508118,12.689837158072748,7.925679742943487,10.822057558027309,9.749876194357768,10.619389170734632,12.212406281539566,14.846914291381836
2020-04-30,11.244827040518164,11.358147106050248,10.739245721258296,11.175091743469238,1649400,0.0,0,-0.03172222713424333,0.6467917719314592,10.44722921848297,12.683469497194942,8.210988939771,10.80462440685879,9.749876194357768,9.98741245327492,12.212406281539566,15.499820709228516
2020-05-01,10.713095557697493,10.852566156547232,10.111628392330394,10.62592601776123,2257800,0.0,0,-0.049141943378580466,0.6150071672974717,10.591058373451233,12.448992565061861,8.733124181840605,10.80462440685879,9.749876194357768,9.819611178911957,12.212406281539566,14.578596115112305
2020-05-04,10.268529989614144,10.713093042559336,10.09419178198176,10.695659637451172,1691800,0.0,0,0.0065625922459258135,0.6190432085647669,10.735759115219116,12.07600538828567,9.395512842152561,10.80462440685879,9.749876194357768,9.9634403197809,12.212406281539566,13.737866401672363
2020-05-05,10.9397357514823,11.183809300696412,10.599775541594168,10.669510841369627,1925100,0.0,0,-0.0024448044316952577,0.617529768985057,10.828594398498534,11.835892762146923,9.821296034850146,10.80462440685879,9.749876194357768,9.9634403197809,12.212406281539566,12.673541069030762
2020-05-06,10.599774819534192,10.739245409584331,10.068042987140457,10.137778282165527,1650400,0.0,0,-0.049836638915289,0.5867541608687068,10.85169415473938,11.76836093438391,9.935027375094851,10.80462440685879,9.749876194357768,9.9634403197809,12.212406281539566,13.129681587219238
2020-05-07,10.329550092465096,10.835131364421525,9.928571756295144,10.059325218200684,2524100,0.0,0,-0.007738684135838669,0.5822134557523548,10.812467956542969,11.792767782343747,9.832168130742192,10.839491067959084,9.749876194357768,9.985232138438883,12.212406281539566,13.63054084777832
2020-05-08,10.294683442253593,10.913584828960593,10.129061487767176,10.896150588989258,1617000,0.0,0,0.08318901642373366,0.6306472204850562,10.781087017059326,11.70635657537392,9.855817458744731,10.839491067959084,9.749876194357768,10.418899240372784,12.212406281539566,14.015129089355469
2020-05-11,10.730530733848138,10.843849981811568,10.47774004356353,10.495173454284668,1638400,0.0,0,-0.03679988922966826,0.607439472628208,10.747962760925294,11.664228786657915,9.831696735192672,10.839491067959084,9.749876194357768,10.299041986367637,12.212406281539566,13.326445579528809
2020-05-12,10.547474735609924,10.730530109742338,9.440425370306654,9.579895973205566,2374200,0.0,0,-0.08720937153310582,0.5544650579759007,10.644231510162353,11.595927815815646,9.69253520450906,10.399286238178451,10.190079696468368,10.266353044388447,12.212406281539566,13.6842041015625
2020-05-13,9.55374417714815,10.155211280284782,9.388123065977563,9.937288284301758,2313700,0.0,0,0.03730649185500523,0.5751502041451637,10.586263942718507,11.561867851406674,9.610660034030339,10.285966183336988,10.704378328839693,10.266353044388447,12.212406281539566,12.932913780212402
2020-05-14,9.667065225236902,10.338267689350022,9.283520247477684,10.303400039672852,3177800,0.0,0,0.03684221941608068,0.5963400141634835,10.550088691711426,11.511041672377353,9.5891357110455,10.233664774087048,10.652076919589753,10.266353044388447,12.212406281539566,12.861361503601074
2020-05-15,10.19607286807478,10.589605995913752,9.900923448675078,10.464390754699709,4518300,0.3,0,0.01562500867742389,0.605657832059483,10.499734878540039,11.361718725310912,9.637751031769167,10.233664774087048,10.652076919589753,10.346985084672536,12.212406281539566,12.655651092529297
2020-05-18,11.188848273192146,12.244230644483686,11.09940869884722,12.110072135925291,3666900,0.0,0,0.15726490149333183,0.7009065513569824,10.568712043762208,11.681061604989049,9.456362482535367,10.763875445980684,10.763875445980684,10.514786367900154,12.212406281539566,11.922249794006348
2020-05-19,11.966970058148924,12.217399683866152,11.501885614572174,11.814923286437988,2082300,0.0,0,-0.024372179304508412,0.6838239312116055,10.633392095565796,11.871923111956312,9.39486107917528,10.763875445980684,10.763875445980684,10.405824042839036,12.212406281539566,12.35155963897705
2020-05-20,12.038522365427756,12.235288942509506,11.501886556280844,11.60027027130127,2675000,0.0,0,-0.018167956738501467,0.671400247612601,10.691262102127075,11.995905731634124,9.386618472620025,10.763875445980684,10.763875445980684,10.02663834988141,12.212406281539566,12.4857177734375
2020-05-21,11.47505454764891,11.975914672358222,11.47505454764891,11.707596778869627,2683300,0.0,0,0.009252069568920218,0.677612089412103,10.764522886276243,12.124118498797074,9.404927273755412,10.763875445980684,10.763875445980684,9.717187763502942,12.212406281539566,12.84347438812256
2020-05-22,11.770202924298475,11.805978583373951,11.492941779703289,11.752315521240234,1696200,0.0,0,0.0038196346539127735,0.6802003200307317,10.84481382369995,12.238545168039192,9.451082479360707,10.763875445980684,10.763875445980684,9.388124127143731,12.212406281539566,12.906082153320312
2020-05-26,12.378390975890904,12.619876480809037,12.244231603861664,12.467829704284668,1791800,0.0,0,0.06088282617593688,0.7216128378799794,10.943882608413695,12.49611868517485,9.39164653165254,10.951698364143361,10.951698364143361,9.309671137004347,12.212406281539566,13.02235221862793
2020-05-27,12.8255863938415,12.959744904722417,11.895418386979191,12.423110008239746,1981000,0.0,0,-0.0035868067743621834,0.7190245520646048,11.022845649719237,12.70350429048047,9.342187008958003,11.121632576100051,11.121632576100051,9.571179243244137,12.212406281539566,12.727202415466309
2020-05-28,12.593043970425098,12.691426819911904,12.083240613965923,12.253174781799316,1641200,0.0,0,-0.01367896012574299,0.7091890438874828,11.05844416618347,12.810933158175219,9.305955174191721,11.430334176698747,11.121632576100051,9.662706765587906,12.212406281539566,13.040240287780762
2020-05-29,12.154791918408224,12.22634323667296,11.788091199061704,12.03852081298828,2989700,0.0,0,-0.017518232836267078,0.6967653050917323,11.101615619659423,12.905817099283427,9.29741414003542,12.029576801784819,11.121632576100051,9.704111821600936,12.212406281539566,12.566213607788086
2020-06-01,12.01168923088074,12.727202410490248,11.993800974911007,12.655651092529297,1736600,0.0,0,0.05126296570216504,0.7324835610291083,11.203101873397825,13.115178091568376,9.291025655227275,12.217399726185663,11.121632576100051,9.677960607018008,12.212406281539566,12.593045234680176
2020-06-02,12.798754783704888,12.95974482518211,12.548324313924311,12.754034996032717,2025200,0.0,0,0.007773910862752587,0.7381778229409801,11.306020641326903,13.317856740540314,9.294184542113491,12.217399726185663,11.121632576100051,9.697573975923945,12.212406281539566,12.26211929321289
2020-06-03,12.959744962054025,13.85413731310745,12.950800833833323,13.54110050201416,1929800,0.0,0,0.0617110981917699,0.7837315870554779,11.449600124359131,13.66144541473303,9.237754833985232,12.66459593037818,11.568828780292566,10.242382207210143,12.212406281539566,12.655651092529297
2020-06-04,13.44271764302351,14.041960624157166,13.17439975023904,13.943577766418455,1475800,0.0,0,0.029722640663100375,0.8070261593938491,11.639890098571778,14.018018143125804,9.261762054017751,12.767451201930228,11.662740435817426,10.242382207210143,12.212406281539566,12.288949966430664
2020-06-05,14.650146870133772,15.079456521818008,14.498100092768512,14.846914291381836,2789500,0.0,0,0.06478513191492108,0.8593094555889718,11.879269552230834,14.524678114060277,9.233860990401391,13.433773860439857,12.181488384647846,10.28596687619254,12.212406281539566,12.387335777282717
2020-06-08,15.186783018240332,15.53559722518976,15.007905556188636,15.499820709228516,2410400,0.0,0,0.043975899977119814,0.8970983622573456,12.109453058242797,15.149006704605963,9.069899411879632,13.661844212125732,12.409558736333722,10.27725030060828,12.212406281539566,12.521492958068848
2020-06-09,14.99896165443464,15.168894990070536,14.52493304627561,14.578596115112305,1890800,0.0,0,-0.0594345322696358,0.843779740696724,12.31362419128418,15.440302023564273,9.186946359004088,13.661844212125732,12.409558736333722,10.27725030060828,12.212406281539566,12.40522289276123
2020-06-10,14.489156976738922,14.578594848389493,13.514268310709836,13.737866401672363,2667200,0.0,0,-0.05766877049076302,0.7951200004857291,12.521522712707519,15.43707623678994,9.605969188625098,13.661844212125732,12.409558736333722,10.27725030060828,12.212406281539566,12.69142723083496
2020-06-11,12.727204138307158,13.299615612663064,12.40522316377146,12.673541069030762,3464800,0.0,0,-0.07747384502967924,0.7335189967880992,12.65833535194397,15.319004257924076,9.997666445963864,13.764699100050382,12.409558736333722,10.27725030060828,12.212406281539566,12.253174781799316
2020-06-12,13.326447314310736,13.397998642882031,12.494662906429664,13.129681587219238,2481600,0.0,0,0.03599156034639028,0.7599194900262217,12.799649429321288,15.23317352053353,10.366125338109047,13.97041019448061,12.409558736333722,10.27725030060828,12.212406281539566,12.414166450500488
2020-06-15,12.5572700693553,13.711036305427893,12.440998947523598,13.63054084777832,1748400,0.0,0,0.03814709878772926,0.7889082138829728,12.95795693397522,15.161966447327949,10.753947420622492,13.97041019448061,12.409558736333722,10.294683631158426,12.177538128280306,12.950801849365234
2020-06-16,14.310278515500952,14.50704423095856,13.782586858768402,14.015129089355469,2043100,0.0,0,0.028215185726825576,0.8111674056590992,13.053209781646729,15.267161458675508,10.839258104617949,13.97041019448061,12.409558736333722,10.294683631158426,11.889879843870682,13.02235221862793
2020-06-17,13.934632646172632,13.979352433948032,13.29961404804717,13.326445579528809,1720100,0.0,0,-0.049138577706695385,0.771307793062981,13.12878589630127,15.269709064700438,10.987862727902103,13.97041019448061,12.409558736333722,10.294683631158426,11.650165335860388,12.557269096374512
2020-06-18,13.183343974538705,13.836250880143345,13.058129582502062,13.6842041015625,1625100,0.0,0,0.026845757174985607,0.7920141347827239,13.23298258781433,15.265132851632732,11.200832323995929,13.97041019448061,12.409558736333722,10.29468296732341,11.49761811393722,12.503604888916016
2020-06-19,13.523212611403,13.773642237644063,12.727203090366537,12.932913780212402,4576300,0.0,0,-0.05490201079829793,0.7485309662024782,13.29424843788147,15.207937772499362,11.380559103263577,13.787059076920997,12.409558736333722,10.495172256088342,11.49761811393722,13.040240287780762
2020-06-22,12.807697589768196,13.022352392140732,12.58409951255599,12.861361503601074,2090400,0.0,0,-0.005532571996328062,0.744389664740482,13.349700736999512,15.140494938903352,11.558906535095673,13.491909006080476,12.718260336932419,10.4428708468384,11.49761811393722,13.42482852935791
2020-06-23,13.228062489175896,13.290669679151978,12.566212371557604,12.655651092529297,1860100,0.0,0,-0.01599445058862392,0.7324835610291079,13.359091806411744,15.1329973437035,11.585186269119987,13.45613369736501,13.31750296201849,10.4428708468384,11.49761811393722,13.335390090942385
2020-06-24,12.440997281666176,12.584099919233164,11.53766081582582,11.922249794006348,1841800,0.0,0,-0.05795049920077844,0.6900357730111073,13.334048795700074,15.173749172962857,11.49434841843729,13.02235252339219,13.505325886419335,10.763875445980684,11.27969654144254,13.183343887329102
2020-06-25,11.814923848249247,12.369447043756471,11.64498966452892,12.35155963897705,1574300,0.0,0,0.03600913018837515,0.7148833609961004,13.33896803855896,15.167452223131493,11.510483853986427,13.02235252339219,13.505325886419335,10.763875445980684,11.061771891320305,12.87030792236328
2020-06-26,12.271063804978862,12.54832496766484,11.886474805104514,12.4857177734375,3574700,0.0,0,0.010861635160396732,0.7226481632454782,13.361327886581421,15.135193308037568,11.587462465125274,13.02235252339219,13.505325886419335,10.763875445980684,10.303400505405053,12.950801849365234
2020-06-29,12.700371742476923,13.03129682377222,12.369446661181628,12.84347438812256,1659100,0.0,0,0.028653267771770574,0.743354394571729,13.370719051361084,15.131337476730728,11.61010062599144,12.758506624886927,13.514269502446524,10.763875445980684,9.684499332648116,13.1028470993042
2020-06-30,12.736147125609827,13.2638387596176,12.584100354693724,12.906082153320312,1673600,0.0,0,0.004874675131181894,0.7469780057526026,13.378321409225464,15.129407128100107,11.62723569035082,12.686955847984581,13.536629020507789,10.763875445980684,9.026372059929695,13.523212432861328
2020-07-01,12.879248734633324,13.353277266137594,12.798754144394996,13.02235221862793,1557400,0.0,0,0.009008935781313454,0.7537074826364815,13.352383995056153,15.10847156877267,11.596296421339636,12.655651526734943,13.536629020507789,10.951698364143361,8.728884022093933,13.863081932067873
2020-07-02,13.406940789320096,13.460604704291285,12.67353935345411,12.727202415466309,836200,0.0,0,-0.02266486101792131,0.7366248072943583,13.291565227508546,15.045772970694433,11.537357484322659,12.499132760058552,13.536629020507789,11.121632576100051,8.898818234050623,13.943577766418455
2020-07-06,13.174398797996515,13.254894245309572,12.825586330251951,13.040240287780762,1928600,0.0,0,0.02459596870511338,0.7547428080019806,13.201231527328492,14.803698121976955,11.598764932680028,12.499132760058552,13.536629020507789,11.275983376399399,8.898818234050623,13.872026443481444
2020-07-07,12.780867582788025,12.897138699152755,12.539382074152863,12.566213607788086,1670100,0.0,0,-0.03635106942291988,0.727307099791851,13.05455117225647,14.276908910486355,11.832193434026586,12.499132760058552,13.536629020507789,11.575604688942434,8.898818234050623,13.880970001220703
2020-07-08,12.566213700846257,12.85241900296564,12.467829988523404,12.593045234680176,1179400,0.0,0,0.002135219703368829,0.7288600602417267,12.955273628234863,13.969048005207492,11.941499251262234,12.552797184410103,13.536629020507789,11.669516151142858,8.898818234050623,13.603707313537598
2020-07-09,12.530437171881164,12.61987589613124,11.984857286231906,12.26211929321289,1387600,0.0,0,-0.026278468416514822,0.7097067341686054,12.88148627281189,13.870948292468638,11.89202425315514,12.673539754697899,13.536629020507789,11.669516151142858,8.977270024625852,13.585460662841797
2020-07-10,12.271062971728936,12.736146538475117,12.271062971728936,12.655651092529297,941200,0.0,0,0.03209329398175287,0.7324835610291082,12.880591773986817,13.870844725503403,11.89033882247023,12.722730995261596,13.536629020507789,12.116712355335373,10.579458717095791,13.676698684692385
2020-07-13,12.798754156162572,12.798754156162572,12.271062564014242,12.288949966430664,1313200,0.0,0,-0.02897528727819454,0.7112596394217349,12.838555192947387,13.85427397625484,11.822836409639935,12.722730995261596,13.536629020507789,12.215095818873827,10.67337037262065,13.46685028076172
2020-07-14,12.50360604521248,12.575158225955647,12.23528899250181,12.387335777282717,1709900,0.0,0,0.008006038849601493,0.7169540117270988,12.776394939422607,13.740969375787685,11.811820503057529,12.722730995261596,13.536629020507789,12.807631122543851,11.27928765941586,13.065399169921877
2020-07-15,12.780866706653343,12.861362155000084,12.467829041518014,12.521492958068848,2339800,0.0,0,0.010830188443923694,0.7247187587797304,12.701713132858277,13.483208664278152,11.920217601438402,12.722730995261596,13.353277902948179,13.035701474229727,11.507358011101736,13.165761947631836
2020-07-16,12.414167021764936,12.52149401093212,12.253176111534614,12.40522289276123,1092100,0.0,0,-0.009285639156366932,0.7179892818958516,12.655651998519897,13.391190544483441,11.920113452556352,12.61987576577074,13.058127832107656,13.035701474229727,11.507358011101736,13.34823989868164
2020-07-17,12.423110204827193,12.780866808143568,12.342614755841252,12.69142723083496,1169800,0.0,0,0.023071277360178444,0.7345542117601062,12.60601315498352,13.1694060895667,12.042620220400341,12.440997992692331,13.02235252339219,13.035701474229727,11.507358011101736,13.767939567565918
2020-07-20,12.61987550156532,12.700370947944975,12.226343250659095,12.253174781799316,1042500,0.0,0,-0.03453137626403979,0.7091890438874827,12.572026205062866,13.134436507289632,12.0096159028361,12.423109720615994,13.02235252339219,13.087128918192052,11.507358011101736,13.640204429626465
2020-07-21,12.458886240502045,12.682484337550772,12.396278193316244,12.414166450500488,1785800,0.0,0,0.013138771915692127,0.7185069169802282,12.549666452407838,13.09957176046465,11.999761144351025,12.423109720615994,13.02235252339219,13.189984465407166,11.507358011101736,13.375611305236816
2020-07-22,12.297895791319194,13.12968101596987,12.262120128590082,12.950801849365234,1727400,0.0,0,0.04322766260662725,0.7495662915679774,12.564423990249633,13.140425949926442,11.988422030572824,12.678012133314482,13.02235252339219,13.189984465407166,11.507358011101736,13.804433822631836
2020-07-23,12.843473076874414,13.290669225340276,12.843473076874414,13.02235221862793,1358800,0.0,0,0.005524782951273677,0.7537074826364816,12.619429111480713,13.14721869635013,12.091639526611296,12.758506237999686,12.758506624886927,13.189984465407166,11.507358011101736,13.73144245147705
2020-07-24,13.004465290480384,13.165456193305394,12.521493434964404,12.557269096374512,968400,0.0,0,-0.03571421771161554,0.7267894095107286,12.629714584350586,13.143920154542272,12.1155090141589,12.758506237999686,12.686955847984581,13.189984465407166,11.507358011101736,13.530717849731444
2020-07-27,12.521493145687332,12.745091237574606,12.324726585998002,12.503604888916016,1555700,0.0,0,-0.004273557176057485,0.7236834334142314,12.630608940124512,13.14386060389813,12.117357276350894,12.758506237999686,12.655651526734943,13.189984465407166,11.947561513212335,13.749690055847168
2020-07-28,12.539381053546872,13.147567266545169,12.521492797273302,13.040240287780762,804800,0.0,0,0.042918454608274814,0.7547428080019806,12.640447235107422,13.176918364145859,12.103976106068984,12.758506237999686,12.499132760058552,13.09830890662736,12.409558736333722,14.278875350952148
2020-07-29,13.22806198597094,13.460604186977454,13.111790885467684,13.42482852935791,1655500,0.0,0,0.029492419854987073,0.7770019997781069,12.666384553909301,13.295043320782481,12.037725787036122,12.843473718818274,12.499132760058552,13.105084671506447,12.409558736333722,14.278875350952148
2020-07-30,13.111791998598052,13.50532511878113,13.031296548880649,13.335390090942385,1017300,0.0,0,-0.006662166166214956,0.7718254833441038,12.682036447525025,13.359601780921496,12.004471114128554,12.865834184720113,12.521492967303475,13.38681832969175,12.409558736333722,13.996034622192385
2020-07-31,13.27278346929997,13.335390664904136,12.888194460967934,13.183343887329102,1554700,0.0,0,-0.01140170648000427,0.7630253557292269,12.704843521118164,13.41715732709052,11.992529715145809,12.883722623685607,12.575157391655026,13.263839204905763,12.409558736333722,13.850053787231444
2020-08-03,13.20123303318819,13.20123303318819,12.65565308178137,12.87030792236328,1177200,0.0,0,-0.023744807663455547,0.7449074654150967,12.69634690284729,13.396268448870215,11.996425356824366,12.883722623685607,12.695899961942821,13.263839204905763,12.409558736333722,14.114645957946776
2020-08-04,12.834531585214936,13.120736887047824,12.834531585214936,12.950801849365234,1530200,0.0,0,0.006254234746170262,0.7495662915679774,12.715576314926148,13.421311471326062,12.009841158526234,12.915025852389565,12.745091202506519,13.263839204905763,12.409558736333722,14.023406982421877
2020-08-05,13.210174927918924,13.228062330715392,12.852417489440798,13.1028470993042,1063200,0.0,0,0.011740219000139884,0.7583663639861081,12.741066408157348,13.464062355870599,12.018070460444097,12.915025852389565,12.745091202506519,13.136388063666725,12.409558736333722,13.87742519378662
2020-08-06,13.26383868158202,13.675259202882891,13.10284778321589,13.523212432861328,1054400,0.0,0,0.032081984195591495,0.7826962616899786,12.804121065139771,13.568290590774884,12.039951539504658,12.999992894440446,12.8300582445574,13.111792434246185,12.409558736333722,14.52522087097168
2020-08-07,13.478492934553934,13.863081932067873,13.451661401901044,13.863081932067873,1099900,0.0,0,0.025132304982554476,0.8023672228474764,12.864492607116699,13.754152394021862,11.974832820211535,13.192287364670587,12.92396960914989,13.096140273621366,12.409558736333722,14.607335090637209
2020-08-10,13.99724083319991,14.346055032074696,13.836250779896485,13.943577766418455,1219900,0.0,0,0.0058064891158422505,0.8070261593938488,12.947223997116089,13.912768503726182,11.981679490505995,13.500854056928034,13.165456159153301,13.01788089028317,12.409558736333722,14.433981895446776
2020-08-11,14.220838936473571,14.301334389613007,13.7020914084184,13.872026443481444,1551800,0.0,0,-0.0051314895025963425,0.8028849131285987,13.021458530426026,14.031178783577953,12.011738277274098,13.500854056928034,13.165456159153301,13.01788089028317,12.409558736333722,14.333619117736816
2020-08-12,14.02407264404417,14.059848304750036,13.684203440858925,13.880970001220703,682000,0.0,0,0.0006447189079186177,0.8034025482129753,13.089432382583619,14.138088649394664,12.040776115772573,13.500854056928034,13.165456159153301,13.01788089028317,12.409558736333722,13.758814811706545
2020-08-13,13.916744968843268,14.194006112265782,13.496380336765109,13.603707313537598,981200,0.0,0,-0.019974302059490245,0.7873551430396052,13.149356603622437,14.171110180385527,12.127603026859346,13.500854056928034,13.165456159153301,13.044713102458946,12.409558736333722,12.946788787841797
2020-08-14,13.512469676174268,13.813557713708118,13.466850091976765,13.585460662841797,886500,0.3,0,-0.0013412998585792257,0.7862990636975945,13.194058275222778,14.209909975897535,12.178206574548021,13.590293308644817,13.286199141366897,13.105084387602844,12.409558736333722,13.24787712097168
2020-08-17,13.503345312390993,13.731442358647188,13.439477547756857,13.676698684692385,829900,0.0,0,0.006715857792009672,0.7915797363913779,13.265234470367432,14.203091816097883,12.32737712463698,13.599236260757747,13.286199141366897,13.129680007884692,12.409558736333722,12.381107330322266
2020-08-18,13.64020365899695,13.950415791743248,13.23875322669782,13.46685028076172,890700,0.0,0,-0.015343498366717445,0.7794341339989301,13.317868661880492,14.17235284272926,12.463384481031724,13.724451407645294,13.286199141366897,13.129680007884692,12.409558736333722,12.590957641601562
2020-08-19,13.375611307216872,13.439478204852472,12.919417192399813,13.065399169921877,1472100,0.0,0,-0.029810319597400103,0.7561989533592992,13.323598527908326,14.169562809421244,12.477634246395407,13.632736112237254,13.286199141366897,13.129680007884692,12.409558736333722,12.654825210571287
2020-08-20,12.9741603916537,13.494221384970988,12.910292626246862,13.165761947631836,847000,0.0,0,0.007681569954709477,0.7620077485192067,13.33076901435852,14.168704639443106,12.492833389273933,13.62817382916078,13.286199141366897,13.038004449104887,12.409558736333722,12.96503734588623
2020-08-21,13.184009738973671,13.357363989803469,13.038027761509356,13.34823989868164,688900,0.0,0,0.013860037252354296,0.7725692043002655,13.370317554473877,14.128540870137561,12.612094238810192,13.605813507929934,13.286199141366897,12.839001798939197,12.409558736333722,12.700444221496582
2020-08-24,13.46685149858355,13.777063659382664,13.202258926746884,13.767939567565918,940300,0.0,0,0.0314423228882581,0.7968605746753992,13.433534288406372,14.09597380323163,12.771094773581115,13.552149369256323,13.286199141366897,12.73167525804226,12.409558736333722,12.581833839416504
2020-08-25,13.74969091734824,13.74969091734824,13.457726950090173,13.640204429626465,775500,0.0,0,-0.00927772360654222,0.7894675225106104,13.463532495498658,14.10583184967426,12.821233141323056,13.552149369256323,13.30408758033239,12.722731122004092,12.409558736333722,13.14751434326172
2020-08-26,13.612832453735663,13.676699351361808,13.156638338986134,13.375611305236816,985800,0.0,0,-0.019398032174279822,0.7741534061084006,13.461071634292603,14.104332113946866,12.81781115463834,13.430354208995055,13.30408758033239,12.722731122004092,12.409558736333722,13.494222640991213
2020-08-27,13.412106611024944,13.822681134502208,13.412106611024944,13.804433822631836,942300,0.0,0,0.032060031321867744,0.7989727885561665,13.484523820877076,14.141945936048542,12.82710170570561,13.430354208995055,13.33539080903635,12.850182328353336,12.409558736333722,13.402983665466309
2020-08-28,13.895671734209362,13.895671734209362,13.539840896521698,13.73144245147705,944000,0.0,0,-0.005287530955099262,0.7947481952043938,13.511928749084472,14.16243132814352,12.861426170025425,13.430354208995055,13.33539080903635,12.758506431443307,12.409558736333722,13.384735107421877
2020-08-31,13.731443510914623,13.731443510914623,13.44860276696918,13.530717849731444,1053700,0.0,0,-0.01461788173055456,0.7831306600813243,13.54494924545288,14.124241064850601,12.96565742605516,13.402982180228111,13.33539080903635,12.722731042992134,12.409558736333722,13.339116096496582
2020-09-01,13.421230613261809,13.749690055847168,13.174885378731885,13.749690055847168,814200,0.0,0,0.016183339904620953,0.7958043297431505,13.584893655776977,14.1008658697266,13.068921441827353,13.402982180228111,13.433773914674,12.707078882367314,12.409558736333722,13.59458351135254
2020-09-02,13.694947444739604,14.342743118285057,13.412106712576993,14.278875350952148,1820800,0.0,0,0.03848707083254865,0.8264325073508241,13.643695068359374,14.193821912479638,13.09356822423911,13.690385439897206,13.500854056928034,12.62881949902912,12.409558736333722,13.26612377166748
2020-09-03,14.287999442017025,14.570840174179637,14.06902647718732,14.278875350952148,1456700,0.0,0,0.0,0.8264325073508241,13.681478214263915,14.29426359458595,13.068692833941881,13.863739256582885,13.613246627980503,12.671303239438412,12.718260336932419,13.4303560256958
2020-09-04,14.406609123353148,14.461352796231123,13.868299965557878,13.996034622192385,1275800,0.0,0,-0.019808333766349717,0.8100622564098577,13.688125848770142,14.311555731098503,13.06469596644178,13.863739256582885,13.613246627980503,12.693663576011794,13.31750296201849,13.083647727966309
2020-09-08,13.886549282094034,14.105522251269564,13.676699534043223,13.850053787231444,1131600,0.0,0,-0.010430156748074237,0.8016131800998042,13.683449649810791,14.300445534838179,13.066453764783404,13.863739256582885,13.613246627980503,12.729440007670316,13.505325886419335,13.019781112670898
2020-09-09,13.93216848860563,14.215008348554106,13.731442837269764,14.114645957946776,959200,0.0,0,0.01910405365784662,0.816927241305268,13.695580625534058,14.336277023723044,13.054884227345072,13.872862776455761,13.702685879697286,12.789811292814214,13.505325886419335,13.421231269836426
2020-09-10,14.1146461534166,14.251504039787465,13.977787396924514,14.023406982421877,854400,0.0,0,-0.006464134899078378,0.8116465134147387,13.702702474594116,14.354674102127563,13.050730847060668,13.872862776455761,13.711628831810216,12.830058527448042,13.505325886419335,13.174885749816896
2020-09-11,14.050778576890314,14.050778576890314,13.777062800423558,13.87742519378662,1380800,0.0,0,-0.010409866077355057,0.8031973819079391,13.716388368606568,14.370987915748168,13.061788821464967,13.872862776455761,13.74056640021325,12.830058527448042,13.514269502446524,12.499719619750977
2020-09-14,14.023407164237062,14.579963678181285,13.923044770938631,14.52522087097168,1577300,0.0,0,0.04667981762748763,0.8406904892142772,13.763376379013062,14.503903776949743,13.02284898107638,13.877424528456585,13.745128152214074,12.915025569498923,13.536629020507789,12.627453804016112
2020-09-15,14.57996281852508,14.798935774694996,14.415733536458236,14.607335090637209,1579200,0.0,0,0.005653216594429411,0.8454430946386824,13.809908199310303,14.635813077665638,12.984003320954969,14.105521243635994,13.85461420047093,13.058128486910238,13.536629020507789,12.536213874816896
2020-09-16,14.652954867511012,14.780690406397015,14.306248096803262,14.433981895446776,1752500,0.0,0,-0.011867544224514082,0.8354097613237478,13.858264780044555,14.71126767513366,13.00526188495545,14.23781765436911,13.85461420047093,13.333155108040668,13.536629020507789,12.828179359436035
2020-09-17,14.260628128999311,14.497849277456814,14.078150657155549,14.333619117736816,1376500,0.0,0,-0.006953228737360373,0.8296009661638402,13.921675777435302,14.71536184566686,13.127989709203744,14.23781765436911,13.85461420047093,13.333155108040668,13.536629020507789,12.91941738128662
2020-09-18,14.479601498137756,14.479601498137756,13.694947912314298,13.758814811706545,3244500,0.0,0,-0.04010182643398086,0.7963324522092751,13.951328420639038,14.669807748869909,13.232849092408168,14.23781765436911,13.85461420047093,13.333155108040668,13.536629020507789,12.773435592651367
2020-09-21,13.448602495613915,13.494222081797062,12.892045980519011,12.946788787841797,1916800,0.0,0,-0.05901860261785363,0.749334023660635,13.931255865097047,14.734420322275627,13.128091407918467,13.845490877607004,13.845490877607004,13.333155108040668,13.536629020507789,12.536213874816896
2020-09-22,12.965036395279016,13.339115419169715,12.910292720263238,13.24787712097168,952700,0.0,0,0.02325583108396989,0.7667604091403581,13.905252742767335,14.760454383507426,13.050051102027243,13.845490877607004,13.845490877607004,13.438246225005857,13.536629020507789,12.07089614868164
2020-09-23,13.238752707216902,13.257000018362971,12.362860019176196,12.381107330322266,1529300,0.0,0,-0.06542707052115526,0.7165935217787021,13.842297887802124,14.924346474268388,12.76024930133586,13.580897896935596,13.580897896935596,13.442717701062321,13.536629020507789,12.235125541687012
2020-09-24,12.408480171168163,12.965036673520336,12.335489182994804,12.590957641601562,729400,0.0,0,0.016949236096625908,0.728739234564642,13.803065204620362,15.00188448673348,12.604245922507243,13.567212478844901,13.567212478844901,13.505325274506095,13.536629020507789,12.007028579711914
2020-09-25,12.481471821986482,12.682196615059151,12.335489837889536,12.654825210571287,1375900,0.0,0,0.005072494943410888,0.7324357606470362,13.745584774017335,15.045732593272062,12.445436954762608,13.567212478844901,13.567212478844901,13.459467626802075,13.536629020507789,12.64570140838623
2020-09-28,12.946789162835934,13.165763008833196,12.901170445452712,12.96503734588623,1603200,0.0,0,0.02451334808289607,0.7503902133961378,13.707264518737793,15.05173119609786,12.362797841377725,13.55808979469591,13.567212478844901,13.457186485263838,13.353277902948179,13.129266738891602
2020-09-29,12.965036773189375,12.965036773189375,12.381107993192318,12.700444221496582,967100,0.0,0,-0.020408203796929536,0.735076096993928,13.66575083732605,15.079708585091778,12.251793089560321,13.416669230225809,13.567212478844901,13.446006324648415,13.058127832107656,13.04715061187744
2020-09-30,12.764311314039414,13.147514445808138,12.399356364793595,12.581833839416504,1649700,0.0,0,-0.009339073501013484,0.7282111672952636,13.607358026504517,15.097865090563436,12.116850962445598,13.40754534056628,13.567212478844901,13.41917425531161,13.02235252339219,13.056275367736816
2020-10-01,12.654824730562073,13.229629423731865,12.581833741282214,13.14751434326172,1886200,0.0,0,0.04496009970128889,0.7609516139804506,13.550789976119995,15.020569283498299,12.081010668741692,12.914855632395934,13.567212478844901,13.428118474794356,13.02235252339219,12.527090072631836
2020-10-02,12.910293827915943,13.59458503865611,12.77343593381642,13.494222640991213,1942400,0.0,0,0.02637063468253098,0.7810183910038114,13.511557340621948,14.942463232282204,12.080651448961692,12.965037110825456,13.567212478844901,13.367220894663722,13.02235252339219,14.598211288452148
2020-10-05,13.658453014453938,13.758815413621113,13.129267873170148,13.402983665466309,1073600,0.0,0,-0.006761336162317999,0.775737663113282,13.481904792785645,14.895715945468059,12.068093640103232,13.047152298307958,13.567212478844901,13.382872509015701,13.02235252339219,15.090903282165527
2020-10-06,13.530717081770986,13.777062316076012,13.229629042145644,13.384735107421877,1421900,0.0,0,-0.0013615295295368313,0.7746814733777794,13.458638858795165,14.862625552429472,12.054652165160858,13.05627574953541,13.567212478844901,13.382872509015701,12.94185792395026,14.92667293548584
2020-10-07,13.466850764605317,13.676699644225476,13.31174469265944,13.339116096496582,1098200,0.0,0,-0.003408286421746176,0.7720411370308876,13.419862365722656,14.79134895019521,12.048375781250101,13.056276076982774,13.567212478844901,13.369186494632231,12.94185792395026,14.616459846496582
2020-10-08,13.4486015420146,13.731442260197737,13.412106049680116,13.59458351135254,1352200,0.0,0,0.019151749861676004,0.7868270757702271,13.39842119216919,14.744392212497885,12.052450171840494,13.079085154634164,13.567212478844901,13.418378047451055,12.94185792395026,15.360300064086914
2020-10-09,13.740566031097684,13.840928415152002,13.229628280182167,13.26612377166748,819600,0.0,0,-0.024161074107990954,0.7678164884823688,13.367856121063232,14.696392043413043,12.03932019871342,13.11101820417216,13.567212478844901,13.59561974841262,12.94185792395026,15.853093147277832
2020-10-12,13.238754447804473,13.548966609163893,13.12014386433638,13.4303560256958,1278700,0.0,0,0.012379822234062976,0.777321920118163,13.313112878799439,14.530835162293538,12.09539059530534,13.120142389972798,13.567212478844901,13.738492942281695,13.054250495002728,15.825200080871582
2020-10-13,13.311744791926332,13.348240287355086,12.87379797666004,13.083647727966309,995200,0.0,0,-0.02581527228810232,0.7572551430948021,13.236928510665894,14.300579622618969,12.17327739871282,13.211381078217109,13.567212478844901,13.738492942281695,13.054250495002728,15.341703414916992
2020-10-14,13.083648013534887,13.22962999843616,12.91029375387368,13.019781112670898,877300,0.0,0,-0.004881407434938478,0.7535586722091537,13.166218471527099,14.07777988257074,12.254657060483458,13.307182174484211,13.567212478844901,13.738492942281695,13.107914919354279,15.60204792022705
2020-10-15,12.892046151389136,13.457726765242404,12.819055160577182,13.421231269836426,1177800,0.0,0,0.03083386377170627,0.7767937976520386,13.12059907913208,13.869016427516707,12.372181730747455,13.329991787864593,13.567212478844901,13.787774328076523,13.228657489642075,15.695026397705078
2020-10-16,13.366487314251987,13.41210690009296,13.00153236776668,13.174885749816896,1807500,0.0,0,-0.018354912084197483,0.7625358157885855,13.091402626037597,13.78054822029317,12.402257031782025,13.329991787864593,13.567212478844901,13.792245804132989,13.277848730205772,15.48117446899414
2020-10-19,13.266125936106969,13.339116930986464,12.47234821420149,12.499719619750977,6702400,0.0,0,-0.05124645047303755,0.7234585618708586,13.069049167633057,13.803526468829341,12.334571866436773,13.156638314676746,13.567212478844901,13.806714588334506,13.277848730205772,16.3179931640625
2020-10-20,12.609205620946351,12.819055375642302,12.581834216462973,12.627453804016112,908100,0.0,0,0.010218963956863503,0.7308515588389012,13.038028001785278,13.792035869731695,12.284020133838862,13.156638314676746,13.567212478844901,13.81127634033533,13.282410482206595,16.178524017333984
2020-10-21,12.545337965802933,12.563586147775004,12.262497236084224,12.536213874816896,1171700,0.0,0,-0.007225520727717649,0.725570775751626,13.04578332901001,13.775129387053026,12.316437270966995,13.051712825618113,13.52159382124062,13.980067722053462,13.391896530463452,15.90888214111328
2020-10-22,12.508843119367338,12.828179359436035,12.426728036485605,12.828179359436035,1656700,0.0,0,0.023289765756601133,0.7424691491587168,13.057644414901734,13.764131876237425,12.351156953566043,12.905731922624058,13.380173256770519,14.04621592742002,13.391896530463452,15.323107719421388
2020-10-23,13.00153246237364,13.220505431858207,12.746063997974982,12.91941738128662,1931100,0.0,0,0.007112312612270522,0.7477498218525,13.0708740234375,13.756054307300943,12.385693739574059,12.860112000663314,13.37104936711099,14.04621592742002,13.391896530463452,15.853093147277832
2020-10-26,12.791683775441925,12.955913069950707,12.581834023956748,12.773435592651367,1541900,0.0,0,-0.01129940958844644,0.7393006903457008,13.061293935775756,13.757514957040645,12.365072914510868,12.860112000663314,13.051712825618113,14.04621592742002,13.391896530463452,16.011157989501953
2020-10-27,12.709568123066774,13.065398970310158,12.490594290007914,12.536213874816896,1854200,0.0,0,-0.018571488939979952,0.7255707757516261,13.053082418441772,13.769928924608106,12.336235912275438,12.860112000663314,13.051712825618113,13.845490877607004,13.391896530463452,16.51325225830078
2020-10-28,12.308117302880984,12.353736889476435,11.879295451198988,12.07089614868164,1599600,0.0,0,-0.03711788349989775,0.6986391242263468,13.027535533905029,13.840787417109386,12.214283650700672,12.645701175645975,12.860111933175496,13.845490877607004,13.512639512677046,16.968854904174805
2020-10-29,11.961408909476948,12.32636470913076,11.73331186098876,12.235125541687012,1528800,0.0,0,0.01360540186764081,0.7081443902719029,12.981916093826294,13.863397789479702,12.100434398172887,12.536214395987612,12.787120138070382,13.580897896935596,13.512639512677046,16.65272331237793
2020-10-30,12.189506045793014,12.335488888779087,11.833675204465168,12.007028579711914,3552500,0.0,0,-0.01864279701895455,0.6949425981439524,12.907556390762329,13.852937883443946,11.962174898080711,12.476908646423484,12.787120138070382,13.567212478844901,13.512639512677046,16.70850944519043
2020-11-02,12.125640360610824,12.64570140838623,11.97053428142846,12.64570140838623,2569700,0.0,0,0.053191580617495404,0.7319076933776582,12.869692277908324,13.792831117398418,11.946553438418231,12.476908646423484,12.787120138070382,13.567212478844901,13.512639512677046,16.50395393371582
2020-11-03,12.809930515306164,13.211380947413575,12.663948539994378,13.129266738891602,2684900,0.0,0,0.038239502490916566,0.7598954794416941,12.856918859481812,13.75775969608673,11.956078022876895,12.476908646423484,12.787120138070382,13.562651136770405,13.512639512677046,16.271501541137695
2020-11-04,12.974159630086556,13.18400848520507,12.72781441395146,13.04715061187744,1399900,0.0,0,-0.006254433598406273,0.755142763623797,12.842320585250855,13.720362372758494,11.964278797743216,12.476908646423484,12.787120138070382,13.491940854535354,13.512639512677046,16.271501541137695
2020-11-05,13.0836467697735,13.211380559358815,12.828178320481689,13.056275367736816,1810600,0.0,0,0.0006993677110671559,0.7556708860899215,12.815405178070069,13.62957010835229,12.001240247787848,12.472346404201168,12.787120138070382,13.48737890970559,13.512639512677046,16.215715408325195
2020-11-06,13.129267039774849,13.220505341375018,12.371984872899423,12.527090072631836,1330100,0.0,0,-0.04053110708836938,0.7250427084822479,12.778453493118286,13.574114174517156,11.982792811719417,12.47690860118189,12.787120138070382,13.241034055620418,13.53052795164254,16.615530014038086
2020-11-09,13.67669899203952,15.501475403096038,13.54896520014313,14.598211288452148,3977000,0.0,0,0.16533139011629916,0.8449150273693047,12.836846256256104,13.933621557856371,11.740070954655836,13.617393632042399,13.617393632042399,13.266124794835179,13.53052795164254,16.634124755859375
2020-11-10,14.890176742877824,15.109149725538668,14.57996458238099,15.090903282165527,3548800,0.0,0,0.03375016185052204,0.873431046292957,12.937209033966065,14.412725050091591,11.461693017840538,13.617393632042399,13.617393632042399,13.307182388576429,13.561831180346498,16.56903839111328
2020-11-11,15.12739773218274,15.136521823883855,14.607336686916982,14.92667293548584,2541000,0.0,0,-0.01088273800507189,0.8639257250506549,13.03255362510681,14.746982890620865,11.318124359592757,13.667575303780602,13.617393632042399,13.311744114190155,13.561831180346498,16.373781204223633
2020-11-12,14.762441823919769,14.954042516696784,14.370114607004044,14.616459846496582,3248500,0.0,0,-0.020782467086270406,0.8459712171048074,13.092315053939819,14.936637536713995,11.247992571165643,13.736004842262249,13.617393632042399,13.311744277913839,13.561831180346498,16.06694793701172
2020-11-13,14.83031333557281,15.378896494120587,14.83031333557281,15.360300064086914,2521700,0.3,0,0.05089058673592728,0.8890231887049775,13.20158576965332,15.297266332390398,11.105905206916242,13.936730137997731,13.617393632042399,13.323148816739533,13.567212478844901,16.243610382080078
2020-11-16,15.778709200120195,16.18782179621378,15.56485557372365,15.853093147277832,2686600,0.0,0,0.032082256279816423,0.9175450584837103,13.369254446029663,15.735704191734165,11.00280470032516,14.2799033345566,13.96056682860127,13.339115341508531,13.567212478844901,16.243610382080078
2020-11-17,15.47187500612839,15.927476898547203,15.397491059885589,15.825200080871582,3105900,0.0,0,-0.0017594715521519477,0.9159306640554906,13.529141759872436,16.099159403951596,10.959124115793275,14.2799033345566,13.96056682860127,13.34367743440885,13.567212478844901,16.50395393371582
2020-11-18,15.7973053035153,15.964669624521449,15.332405200032968,15.341703414916992,1656100,0.0,0,-0.030552325625191168,0.8879468521571697,13.669416236877442,16.31334338495599,11.025489088798896,14.2799033345566,13.96056682860127,13.389296778531005,13.567212478844901,16.53184700012207
2020-11-19,15.295213926624731,15.66713365016495,15.155742478525658,15.60204792022705,1490400,0.0,0,0.016969726129428375,0.903015067055765,13.808109664916993,16.551222950445485,11.064996379388498,14.868393498178454,13.96056682860127,13.437197326664556,13.567212478844901,16.262205123901367
2020-11-20,15.453279909393208,15.741517471190528,15.416087050604848,15.695026397705078,1969000,0.0,0,0.005959376483999135,0.908396473811074,13.946890115737915,16.77655255960359,11.117227671872238,15.278968201608912,13.96056682860127,13.448602133354747,13.567212478844901,16.33658790588379
2020-11-23,15.899585308745324,16.243610422804466,15.46257803757113,15.48117446899414,3293100,0.0,0,-0.013625458364454057,0.8960191554787443,14.082277059555054,16.933665174687448,11.23088894442266,15.306862514904255,13.988461141896613,13.448602133354747,13.567212478844901,16.1506290435791
2020-11-24,15.7322198053352,16.327291379083974,15.59275012691948,16.3179931640625,1369000,0.0,0,0.054053954158604034,0.9444525338342235,14.271366024017334,17.189098600123216,11.353633447911452,15.348702993044009,14.030301620036367,13.361925396760824,13.567212478844901,15.657835006713867
2020-11-25,16.234311535843023,16.308697258459393,16.057650764988857,16.178524017333984,1447600,0.0,0,-0.008546954599519707,0.936380340906141,14.476747417449952,17.322619706742067,11.630875128157834,15.578802357328392,14.030301620036367,13.361925396760824,13.567212478844901,15.890286445617676
2020-11-27,16.290100084869955,16.290100084869955,15.676432088898082,15.90888214111328,776900,0.0,0,-0.016666654877280807,0.9207740129303877,14.660435247421265,17.37360014515228,11.947270349690248,15.741516928804817,14.030301620036367,13.286653323429366,13.53071650538961,16.33658790588379
2020-11-30,15.936775743548347,16.03905433872059,15.27661841622668,15.323107719421388,1962500,0.0,0,-0.036820589686693106,0.8868705708061081,14.826239204406738,17.258389703364337,12.394088705449139,15.741516928804817,14.030301620036367,13.142952589697288,13.53071650538961,15.825200080871582
2020-12-01,15.592750218952707,15.927477094435464,15.40678946433203,15.853093147277832,2451200,0.0,0,0.03458733290667326,0.9175450584837103,14.986608791351319,17.236762403864496,12.736455178838142,15.741516928804817,14.030301620036367,13.115580683887153,13.53071650538961,15.964669227600098
2020-12-02,15.695025795738292,16.113436573794033,15.64853649748901,16.011157989501953,1581000,0.0,0,0.009970599475804143,0.9266935327628546,15.130703353881836,17.250602085266014,13.010804622497659,15.741516928804817,14.030301620036367,12.955912413140712,13.53071650538961,15.676432609558104
2020-12-03,16.336589718454473,16.60623263577006,16.02975571422309,16.51325225830078,1528600,0.0,0,0.03135902282196179,0.9557537364057294,15.304008436203002,17.274096464054917,13.333920408351087,15.941425525998369,14.16977224837941,12.955912413140712,13.53071650538961,15.890286445617676
2020-12-04,16.624828024428258,16.996749550679638,16.55974228937025,16.968854904174805,1538700,0.0,0,0.027590122087852498,0.9821230986790846,15.499637413024903,17.30667279405901,13.692602031990793,16.13668398345316,14.365030705834199,12.752906554410735,13.339115612946992,15.99256420135498
2020-12-07,16.81078943508732,16.913068036091435,16.63412688065839,16.65272331237793,1037100,0.0,0,-0.01863010754597816,0.963826039727304,15.705919075012208,16.961141678666475,14.450696471357942,16.13668398345316,14.415212377572402,12.661667267028996,13.266123817841878,16.141332626342773
2020-12-08,16.485357603465467,16.79219160751894,16.457464731658092,16.70850944519043,1047700,0.0,0,0.0033499705583310835,0.9670548285837433,15.81143398284912,17.030331504841286,14.592536460856955,16.13668398345316,14.483641916054049,12.632014392246933,13.266123817841878,16.271501541137695
2020-12-09,16.9223647428251,16.9223647428251,16.383080685224908,16.50395393371582,1837900,0.0,0,-0.012242594837416299,0.9552155681318254,15.882086515426636,17.089365554377224,14.674807476476047,16.13668398345316,14.684367211789532,12.632014392246933,13.266123817841878,15.899584770202637
2020-12-10,16.476056922068945,16.550440858176028,16.14133009631353,16.271501541137695,1138300,0.0,0,-0.014084648655207976,0.9417616924647038,15.949327945709229,17.083055547326666,14.81560034409179,16.13668398345316,14.684367211789532,12.632014392246933,13.266123817841878,16.327289581298828
2020-12-11,16.057647946511445,16.327289049854777,16.057647946511445,16.271501541137695,1111900,0.0,0,0.0,0.9417616924647038,16.032080030441286,16.99095230860954,15.073207752273031,16.201769507505833,14.684367211789532,12.632014392246933,13.266123817841878,15.99256420135498
2020-12-14,16.51325117799946,16.578336905934073,16.159926121421464,16.215715408325195,1439800,0.0,0,-0.003428456351828424,0.9385329036082645,16.0748507976532,16.98458211026076,15.165119485045638,16.322643024084325,14.684367211789532,12.629733271135775,13.266123817841878,16.06694793701172
2020-12-15,16.35518532492674,16.624826455208936,16.15062992355911,16.615530014038086,1608100,0.0,0,0.024655995473849,0.9616733666316882,16.11297264099121,17.046191919735413,15.179753362247006,16.513252632451362,15.272857375411384,12.632014369626136,13.266123817841878,16.159927368164062
2020-12-16,16.680615829219573,16.82008550239394,16.513251512029086,16.634124755859375,1289500,0.0,0,0.0011191181867553635,0.962749592786004,16.153418874740602,17.103394471765483,15.20344327771572,16.52719874859554,15.683432078841841,13.617393632042399,13.617393632042399,15.918180465698242
2020-12-17,16.606231248374932,16.71780627325379,16.271502626832262,16.56903839111328,1672200,0.0,0,-0.003912821726503313,0.9589825252621688,16.214785623550416,17.10300425689856,15.32656699020227,16.490006344668274,15.683432078841841,13.617393632042399,13.617393632042399,15.564855575561523
2020-12-18,16.513250871992298,16.67131696838426,16.252906191625225,16.373781204223633,3677700,0.0,0,-0.011784461009781588,0.9476814330841549,16.253372287750246,17.097239075485263,15.409505500015229,16.490006344668274,15.683432078841841,13.642484467911501,13.617393632042399,15.843795776367188
2020-12-21,15.94607291906235,16.206417610954503,15.815901459842836,16.06694793701172,1020700,0.0,0,-0.018739304219648756,0.9299225424062781,16.271968364715576,17.081108069325385,15.462828660105767,16.36913310133397,15.913531443126224,13.676699237152324,13.617393632042399,15.611348152160645
2020-12-22,16.169226430027837,16.308697891897435,15.92747814249472,16.243610382080078,1203000,0.0,0,0.010995395376952821,0.9401474084299764,16.310090160369874,17.032968254342173,15.587212066397576,16.31799348111839,16.07624601460265,13.777061885020064,13.617393632042399,16.11343765258789
2020-12-23,16.38308184394968,16.550444405977245,16.122737125040175,16.243610382080078,1474300,0.0,0,0.0,0.9401474084299764,16.306371021270753,17.029819544332916,15.582922498208587,16.31799348111839,16.07624601460265,14.120235081578935,13.96056682860127,16.206417083740234
2020-12-24,16.31799318001099,16.513252148746382,16.15063062982046,16.50395393371582,462900,0.0,0,0.0160274437463086,0.9552155681318256,16.322642517089843,17.048518294249448,15.596766739930239,16.31799348111839,16.07624601460265,14.120235081578935,13.96056682860127,16.141332626342773
2020-12-28,16.578336297382258,16.671316665355643,16.317991621747378,16.53184700012207,2365800,0.0,0,0.0016900838743416635,0.9568299625600454,16.353790760040283,17.058919877918264,15.648661642162303,16.31799348111839,16.07624601460265,14.120235081578935,13.96056682860127,16.578336715698242
2020-12-29,16.606231974808782,16.70850878984629,16.215715823743693,16.262205123901367,1112400,0.0,0,-0.016310450745080862,0.9412236345842921,16.400745630264282,16.925340749121023,15.876150511407543,16.31799348111839,16.13668398345316,14.414480163389861,13.96056682860127,16.624828338623047
2020-12-30,16.308695037154997,16.61552900734266,16.262203966852024,16.33658790588379,1039400,0.0,0,0.004573966532564366,0.9455287599885392,16.42492036819458,16.8864696159986,15.963371120390564,16.266853866548313,16.13668398345316,14.61976751510509,13.96056682860127,16.606231689453125
2020-12-31,16.197118340712752,16.280800494315727,16.057648675858797,16.1506290435791,1098200,0.0,0,-0.011382968302561691,0.9347658360844292,16.43189392089844,16.871698686814927,15.992089154981949,16.262205124844563,16.13668398345316,14.647661828400434,13.988461141896613,16.755001068115234
2021-01-04,16.24360833357074,16.32729049075788,15.629940363167128,15.657835006713867,2174200,0.0,0,-0.03051237419518038,0.9062439111089504,16.389123058319093,16.942149018169186,15.836097098468999,16.16922457650671,16.13668398345316,14.689502306540188,14.030301620036367,16.810789108276367
2021-01-05,15.71362390120344,16.094841862576683,15.70432568587077,15.890286445617676,2127300,0.0,0,0.01484569474669617,0.919697731579326,16.335194635391236,16.860966466122594,15.809422804659878,16.16922457650671,16.13668398345316,14.80455198868238,14.030301620036367,17.084980010986328
2021-01-06,16.001859293514343,16.55973972297909,15.90888069981438,16.33658790588379,2115000,0.0,0,0.028086432663974925,0.9455287599885392,16.319387865066528,16.824403121181707,15.814372608951349,16.16922457650671,16.13668398345316,14.885909274420591,14.030301620036367,16.87697410583496
2021-01-07,16.290100188252392,16.290100188252392,15.629941113575992,15.825200080871582,1466800,0.0,0,-0.031303221208635934,0.9159306640554907,16.275222396850587,16.790893830932376,15.759550962768799,16.16922457650671,16.201769507505833,14.885909274420591,14.030301620036367,16.74460220336914
2021-01-08,16.066947815328323,16.066947815328323,15.695026323026823,15.964669227600098,957100,0.0,0,0.00881310479588171,0.9240028569835733,16.2482581615448,16.76969708590127,15.726819237188328,16.16922457650671,16.313344956923384,14.885909274420591,14.030301620036367,16.697330474853516
2021-01-11,15.76941121476975,15.973968402523088,15.546259370046014,15.676432609558104,972400,0.0,0,-0.01805465643745907,0.9073203028535043,16.21850471496582,16.7967108188269,15.640298611104743,16.127384079946154,16.271504460362827,14.885909274420591,14.030301620036367,16.555505752563477
2021-01-12,15.797306065744223,15.908882876283014,15.620643521329988,15.890286445617676,603500,0.0,0,0.013641741165600685,0.9196977315793262,16.199443960189818,16.794478891928513,15.604409028451123,16.080894188694337,16.271504460362827,15.05559888718889,14.16977224837941,16.89588165283203
2021-01-13,16.011158857591024,16.243608908346456,15.908882041206772,15.99256420135498,1022800,0.0,0,0.006436495407891929,0.9256173618052852,16.18828639984131,16.790086347503735,15.586486452178885,16.052999546512552,16.234312056435556,15.25085734464368,14.365030705834199,17.434810638427734
2021-01-14,16.1506308414952,16.31799339387923,15.90888256789177,16.141332626342773,1086100,0.0,0,0.00930234971169841,0.9342277782040176,16.164576530456543,16.733284369180332,15.595868691732754,16.052999546512552,16.234312056435556,15.275948180512781,14.365030705834199,17.18898582458496
2021-01-15,15.946071155624356,16.336587263549777,15.85309079212727,16.271501541137695,1026500,0.0,0,0.008064322680674252,0.9417616924647042,16.14644536972046,16.675437851446304,15.617452887994617,16.052999546512552,16.234312056435556,15.310162949753604,14.365030705834199,17.718456268310547
2021-01-19,16.392377772047606,16.392377772047606,15.6950275783848,15.899584770202637,1356700,0.0,0,-0.022856942243146827,0.9202358998532303,16.112972688674926,16.61448617840682,15.611459198943031,16.052999546512552,16.183172436219976,15.410525597621346,14.365030705834199,16.668964385986328
2021-01-20,15.778707369608195,16.429568161820026,15.778707369608195,16.327289581298828,1438700,0.0,0,0.026900376159366912,0.9449905917146357,16.110648107528686,16.607666914749984,15.61362930030739,15.987913765933019,16.183172436219976,15.410525597621346,14.365030705834199,16.281314849853516
2021-01-21,16.225014252110412,16.225014252110412,15.880987396672989,15.99256420135498,749000,0.0,0,-0.020500976495648082,0.9256173618052854,16.10692892074585,16.606333494985865,15.607524346505837,15.987913765933019,16.183172436219976,15.443068359647683,14.365030705834199,16.602781295776367
2021-01-22,15.815901459842836,16.085542593005133,15.769410386226491,16.06694793701172,1176800,0.0,0,0.004651145039670235,0.9299225424062787,16.09809579849243,16.593711923989666,15.602479672995194,15.987913765933019,16.183172436219976,15.503505117936928,14.365030705834199,16.24349594116211
2021-01-25,15.880988005937462,16.243609531522686,15.713623679220218,16.159927368164062,1523600,0.0,0,0.005787000214157567,0.9353040043583338,16.09391164779663,16.585903810564574,15.601919485028686,16.025105841575005,16.183172436219976,15.893055003931373,14.365030705834199,16.460956573486328
2021-01-26,16.27150376718048,16.36448414339786,15.825200089480862,15.918180465698242,1197300,0.0,0,-0.01495965278544975,0.9213121812042924,16.064622974395753,16.523792072870457,15.605453875921048,16.062297870102412,16.1320328216499,16.105315413718692,14.365030705834199,16.62169075012207
2021-01-27,15.667134167960292,15.834498492448027,15.42538589630614,15.564855575561523,1440500,0.0,0,-0.022196311374788835,0.9008624491568961,16.016273403167723,16.47206491742395,15.560481888911495,15.927477029063084,16.066947343076215,16.086719211755057,14.365030705834199,17.122798919677734
2021-01-28,15.667133247184664,16.150629762077315,15.536960017203974,15.843795776367188,1521800,0.0,0,0.017921155737778305,0.9170069454065531,15.995352935791015,16.442300369569793,15.548405502012237,15.927477029063084,16.066947343076215,16.086719211755057,14.365030705834199,17.03770637512207
2021-01-29,15.908883969437824,15.973969707785535,15.443983811578889,15.611348152160645,1577200,0.0,0,-0.014671208054402252,0.9035533457231617,15.959090948104858,16.40710466340652,15.511077232803197,15.927477029063084,16.066947343076215,16.141332272230095,14.365030705834199,16.555505752563477
2021-02-01,15.72292149140851,16.150630512439818,15.527664297545403,16.11343765258789,1715900,0.0,0,0.032161828404150716,0.9326132733823063,15.957231378555297,16.402317160243513,15.512145596867082,15.927477029063084,16.066947343076215,16.19711974786052,14.365030705834199,16.810789108276367
2021-02-02,16.392376051796766,16.392376051796766,16.00185991338906,16.206417083740234,1402300,0.0,0,0.005770303839380375,0.9379947353343613,15.984660482406616,16.41996467736937,15.549356287443862,15.908880974051453,16.066947343076215,16.19711974786052,14.365030705834199,16.735149383544922
2021-02-03,16.122736196037923,16.206418358956544,15.676432509440763,16.141332626342773,1723600,0.0,0,-0.004015968308180851,0.934227778204018,15.997212791442871,16.435407706866027,15.559017876019714,15.908880974051453,16.066947343076215,16.19711974786052,14.365030705834199,17.113344192504883
2021-02-04,16.15992593598688,16.68991351477229,15.992563397555394,16.578336715698242,1613300,0.0,0,0.02707360658947544,0.9595206935360734,16.009300231933594,16.495527640779613,15.523072823087574,16.057649705539216,16.066947343076215,16.19711974786052,14.365030705834199,17.274078369140625
2021-02-05,16.7085105062658,16.764299800329837,16.46676221901488,16.624828338623047,1135200,0.0,0,0.002804359913909815,0.9622115349055929,16.049281644821168,16.596734626752113,15.501828662890222,16.094842848317988,16.094842848317988,16.227338732285773,14.365030705834199,16.84860610961914
2021-02-08,16.708508502733146,16.708508502733146,16.410972730549283,16.606231689453125,805200,0.0,0,-0.00111860698896471,0.961135198357785,16.081359767913817,16.67869885691729,15.484020678910344,16.094842848317988,16.094842848317988,16.201768925000735,14.365030705834199,17.35917091369629
2021-02-09,16.63412604148956,16.755001068115234,16.55044387642663,16.755001068115234,1533500,0.0,0,0.008958647659757402,0.9697456699532635,16.135288190841674,16.77062544261602,15.499950939067329,16.104141805954363,16.094842848317988,16.19944455414886,14.365030705834199,17.141708374023438
2021-02-10,16.764299803334637,17.164112436812083,16.72710694061861,16.810789108276367,2023200,0.0,0,0.0033296351300924343,0.9729745692031949,16.18131332397461,16.87066822103266,15.491958426916561,16.304048124195486,16.29474916655911,16.152954279979937,14.365030705834199,16.78242301940918
2021-02-11,16.876973152404652,17.198439445088667,16.791879027672028,17.084980010986328,1267900,0.3,0,0.01631041237528641,0.9888441856575657,16.235934114456178,17.024003406613033,15.447864822299323,16.363051871317033,16.311912670697403,16.152954279979937,14.365030705834199,16.88642692565918
2021-02-12,16.98097663931295,17.084980976167564,16.801335079952505,16.87697410583496,818300,0.0,0,-0.01217478188546961,0.97680522337847,16.272716188430785,17.107496984990227,15.437935391871344,16.437435977264716,16.311912670697403,16.152954279979937,14.365030705834199,16.72569465637207
2021-02-16,16.867516730988243,16.88642693575678,16.602779274357886,16.74460220336914,1237900,0.0,0,-0.007843343340797948,0.9691438046344278,16.29637122154236,17.156382129107936,15.43636031397678,16.437435977264716,16.311912670697403,16.185497042006272,14.365030705834199,16.763511657714844
2021-02-17,16.65005676070267,16.772969499520823,16.45150319384061,16.697330474853516,841400,0.0,0,-0.002823102510378761,0.9664078123266464,16.336258506774904,17.19291372653862,15.479603287011185,16.59550142132203,16.311912670697403,16.241284766715047,14.365030705834199,16.564960479736328
2021-02-18,16.650054974096317,16.905335527845654,16.527140445090705,16.555505752563477,1370600,0.0,0,-0.008493856098951258,0.9581992834358416,16.347669315338134,17.20966379951922,15.485674831157048,16.804706087818975,16.311912670697403,16.19944427015449,14.365030705834199,16.772968292236328
2021-02-19,16.593323793564405,16.943155360298917,16.4704110721247,16.89588165283203,1411800,0.0,0,0.020559679985363788,0.9778995540654873,16.392835187911988,17.270362787746375,15.515307588077603,16.804706087818975,16.311912670697403,16.176199324528582,14.365030705834199,16.36640739440918
2021-02-22,16.716239071618737,17.652272587976444,16.716239071618737,17.434810638427734,1812200,0.0,0,0.031897062057449244,1.009091676827466,16.461228322982787,17.435490122582962,15.486966523382614,17.051887890908528,16.538829242141293,16.143655801474054,14.365030705834199,16.631145477294922
2021-02-23,16.858064400234397,17.633364889447517,16.858064400234397,17.18898582458496,1838500,0.0,0,-0.014099654934075168,0.9948638323873514,16.512681245803833,17.526195480318783,15.499167011288883,17.051887890908528,16.538829242141293,16.143655801474054,14.415212377572402,16.413684844970703
2021-02-24,17.226801760150575,17.917009813419014,17.12279923973795,17.718456268310547,2469700,0.0,0,0.0308028902419768,1.0255085138220914,16.60269503593445,17.705848809905955,15.499541261962943,17.18425650362981,16.671197854862577,16.143655801474054,14.483641916054049,17.15116310119629
2021-02-25,17.78464130026548,17.822461712521424,16.574416962099498,16.668964385986328,2641300,0.0,0,-0.05923156433222876,0.9647660403123899,16.657900476455687,17.651747405194307,15.664053547717067,17.18425650362981,16.671197854862577,16.118085991366264,14.684367211789532,17.075523376464844
2021-02-26,16.75405920232358,16.999886482013206,16.281314849853516,16.281314849853516,2110100,0.0,0,-0.023255766054591342,0.9423296669814705,16.679776430130005,17.618107918018,15.741444942242008,17.099162331636265,16.671197854862577,16.085543101076496,14.684367211789532,17.349716186523438
2021-03-01,16.631146606382696,16.933702706010493,16.555507581475748,16.602781295776367,1958300,0.0,0,0.019744501527512837,0.9609354965306067,16.72934808731079,17.52992315664715,15.928773017974427,17.099162331636265,16.671197854862577,16.085543101076496,14.684367211789532,17.321352005004883
2021-03-02,16.470413009776088,16.772969101261392,16.101672998700444,16.24349594116211,2352600,0.0,0,-0.021640070311933712,0.9401407848204515,16.7358510017395,17.518012768975602,15.9536892345034,17.00934140605973,16.671197854862577,16.085543101076496,14.684367211789532,17.47262954711914
2021-03-03,16.338043847540106,16.659510119555033,16.24349462576341,16.460956573486328,2414900,0.0,0,0.013387551122733266,0.9527269676398019,16.748577976226805,17.503380672412305,15.993775280041305,17.00934140605973,16.671197854862577,16.10413913889749,15.272857375411384,16.962066650390625
2021-03-04,16.385318582570065,16.848607814566815,16.309679561088483,16.62169075012207,2197700,0.0,0,0.009764570844846165,0.9620299376111162,16.77259588241577,17.476934572830256,16.068257192001287,17.00934140605973,16.671197854862577,16.097165345876157,15.683432078841841,16.914791107177734
2021-03-05,16.744602041469246,17.23625654043919,16.56496050803422,17.122798919677734,2392900,0.0,0,0.03014784579312324,0.9910330678185841,16.799818992614746,17.514146056895154,16.08549192833434,17.00934140605973,16.68049681249895,15.99721218606965,15.683432078841841,16.980974197387695
2021-03-08,17.23625813147056,17.30244205025339,16.858063021728295,17.03770637512207,3257000,0.0,0,-0.004969546448266415,0.9861080829562917,16.820462894439697,17.537254637928907,16.103671150950486,17.00934140605973,16.68049681249895,15.99721218606965,15.683432078841841,16.697330474853516
2021-03-09,17.066068663438557,17.122799278384104,16.546050650072555,16.555505752563477,2838200,0.0,0,-0.02830196811365926,0.958199283435841,16.817926597595214,17.5381203675988,16.097732827591628,16.962067355610934,16.722337055482207,15.99721218606965,15.913531443126224,16.905336380004883
2021-03-10,16.602780447872803,16.895883232373006,16.54605163293388,16.810789108276367,2313800,0.0,0,0.015419846396016235,0.9729745692031946,16.820715999603273,17.540339032122485,16.10109296708406,16.702057524476917,16.79672116142989,15.99721218606965,16.07624601460265,16.867517471313477
2021-03-11,16.858062111307046,16.971521539790604,16.631145057716363,16.735149383544922,2489400,0.0,0,-0.004499474964813288,0.9685966944876648,16.816934013366698,17.53753092165099,16.096337105082405,16.702057524476917,16.79672116142989,15.987914158563834,16.07624601460265,16.79187774658203
2021-03-12,16.81078812600724,17.13225439750509,16.70678380188252,17.113344192504883,3754100,0.0,0,0.02259883077780156,0.9904858472783296,16.818352222442627,17.541186153985922,16.09551829089933,16.702057524476917,16.954786605487204,15.987914158563834,16.07624601460265,16.65951156616211
2021-03-15,17.18898424488858,17.529360741896756,17.047161305594013,17.274078369140625,3500700,0.0,0,0.009392330033666907,0.9997888172496439,16.83820743560791,17.58800198759924,16.088412883616577,16.886427683830085,17.00934140605973,16.062298524307714,16.07624601460265,16.94315528869629
2021-03-16,17.340260601186078,17.340260601186078,16.735148490566058,16.84860610961914,2438100,0.0,0,-0.02463067785321449,0.9751633409707215,16.84340763092041,17.591961442757132,16.09485381908369,16.91952015149262,17.00934140605973,16.094842848317988,16.13668398345316,16.87697410583496
2021-03-17,16.791877404765597,17.387534416948196,16.76351209813734,17.35917091369629,3029800,0.0,0,0.030303088620824203,1.0047138021119364,16.87649965286255,17.654558056680273,16.098441249044825,17.037705695984656,17.00934140605973,16.094842848317988,16.13668398345316,16.905336380004883
2021-03-18,17.236257599384388,17.387535638611315,16.99988543767025,17.141708374023438,4352800,0.0,0,-0.01252724227176516,0.9921275088990938,16.905809783935545,17.67735955112236,16.13426001674873,17.037705695984656,17.00934140605973,16.099492327136176,16.13668398345316,17.3118953704834
2021-03-19,17.15116300444532,17.453719074564862,16.772967916795892,16.78242301940918,4827400,0.0,0,-0.020959716894887737,0.9713327971889386,16.900136852264403,17.673581852212582,16.126691852316224,17.037705695984656,17.00934140605973,16.2993986453773,16.220365426519383,17.122798919677734
2021-03-22,16.801332807628032,16.96206594131171,16.63114457156574,16.88642692565918,1777200,0.0,0,0.006197192510861926,0.9773523335252324,16.872717666625977,17.60580284166943,16.139632491582525,17.037706187415317,17.00934140605973,16.337482271007218,16.237528930657675,17.292987823486328
2021-03-23,16.858062489760776,17.009340528884,16.650055636810457,16.72569465637207,2355900,0.0,0,-0.009518429801326111,0.9680494739474103,16.849553108215332,17.570240527919204,16.12886568851146,17.080252656731247,17.00934140605973,16.37467432398106,16.237528930657675,17.25516700744629
2021-03-24,16.895881281792654,17.29298654727348,16.744601453792825,16.763511657714844,1398300,0.0,0,0.002261012299920706,0.9702382457149371,16.801805877685545,17.400985810507002,16.20262594486409,17.080252656731247,17.00934140605973,16.37467432398106,16.302614454710348,17.179527282714844
2021-03-25,16.725693611687447,16.725693611687447,16.158400098720186,16.564960479736328,1925100,0.0,0,-0.011844247317186585,0.9587465039760962,16.79660568237305,17.40214775238083,16.191063612365266,16.843880420308473,17.00934140605973,16.45370704600972,16.311912670697403,17.113344192504883
2021-03-26,16.706784375838293,16.782423395061258,16.41368340177137,16.772968292236328,2714100,0.0,0,0.012557096816165236,0.9707855766486839,16.821188354492186,17.378560928344623,16.26381578063975,16.806059586642526,17.00934140605973,16.55830937925819,16.311912670697403,16.810789108276367
2021-03-29,16.697328769802784,16.858061906229594,16.300223480005744,16.36640739440918,1326600,0.0,0,-0.02423905481388955,0.9472546518437631,16.80936965942383,17.39441030497098,16.22432901387668,16.806059586642526,17.00934140605973,16.55830937925819,16.311912670697403,16.262405395507812
2021-03-30,16.413683520873,16.697329394173202,16.366408006405315,16.631145477294922,1600400,0.0,0,0.016175699193225368,0.9625771581513712,16.82875213623047,17.36019544584677,16.29730882661417,16.806059586642526,17.00934140605973,16.79535856652491,16.538829242141293,16.442047119140625
2021-03-31,16.640601922591642,16.76351466337008,16.338045819097058,16.413684844970703,2223200,0.0,0,-0.013075505389637754,0.9499909753320208,16.826388549804687,17.364804637108275,16.2879724625011,16.806059586642526,17.00934140605973,16.79535856652491,16.538829242141293,16.763511657714844
2021-04-01,16.517685649543843,17.160618203862914,16.3664076136307,17.15116310119629,1934900,0.0,0,0.044930694307290464,0.9926747294393485,16.8528621673584,17.40050479561098,16.305219539105817,16.725693322996833,16.962067355610934,16.927727179246194,16.671197854862577,16.810789108276367
2021-04-05,17.255166712942227,17.255166712942227,16.876971638813288,17.075523376464844,1414400,0.0,0,-0.004410180480772685,0.9882968547238188,16.850498390197753,17.393804287912314,16.307192492483193,16.725693322996833,16.8155168702986,16.927727179246194,16.671197854862577,16.65951156616211
2021-04-06,17.141707540172543,17.44426540728508,17.07552362665231,17.349716186523438,1763500,0.0,0,0.01605765188061614,1.0041665815716818,16.866098880767822,17.447046708662615,16.28515105287303,16.801332753002633,16.8155168702986,16.88518009324942,16.671197854862577,16.016578674316406
2021-04-07,17.34971731408977,17.44426654099621,17.160618860276884,17.321352005004883,1241600,0.0,0,-0.0016348498853593352,1.0025249199509176,16.90439119338989,17.499345808830757,16.309436577949025,16.801333319858198,16.8155168702986,16.88518009324942,16.671197854862577,16.196218490600586
2021-04-08,17.283532902089497,17.52936016366684,17.06606914540955,17.47262954711914,1526100,0.0,0,0.008733587428426226,1.011280558988485,16.93748321533203,17.580178474339565,16.294787956324495,16.914791821836292,16.843880420308473,16.84026963046115,16.671197854862577,16.456052780151367
2021-04-09,17.453719370996843,17.491539782092335,16.933701342069003,16.962066650390625,1550800,0.0,0,-0.029220724639737794,0.9817302082407624,16.948829078674315,17.58473898272607,16.31291917462256,16.914791821836292,16.843880420308473,16.84026963046115,16.671197854862577,16.513792037963867
2021-04-12,17.04716074240587,17.066069144544358,16.650055443474365,16.914791107177734,2538600,0.0,0,-0.0027871334423628102,0.9789939951459967,16.93890142440796,17.570363859741615,16.307438989074303,16.93370299138195,16.843880420308473,16.84026963046115,16.671197854862577,16.446430206298828
2021-04-13,16.933700489275527,17.047159913471653,16.735148751152767,16.980974197387695,1036900,0.0,0,0.003912734706009946,0.9828245389277798,16.92424621582031,17.53704268357066,16.31144974806996,16.93370299138195,16.843880420308473,16.84491910927934,16.671197854862577,16.359817504882812
2021-04-14,16.96206796287739,17.075525598190055,16.65005676070267,16.697330474853516,1095400,0.0,0,-0.01670361895831718,0.9664078123266464,16.91668243408203,17.536797132170463,16.296567735993598,16.947883888648768,16.843880420308473,16.84491910927934,16.671197854862577,16.59078025817871
2021-04-15,16.772968545212393,16.92424658593995,16.6122354015173,16.905336380004883,1350000,0.0,0,0.012457434765672737,0.9784467746057421,16.89399070739746,17.479565775455466,16.308415639339454,17.07079778259207,16.843880420308473,16.84220220554657,16.671197854862577,16.638898849487305
2021-04-16,16.990430200950907,17.01879550934868,16.801333555095134,16.867517471313477,802300,0.0,0,-0.002237098856911035,0.9762578924447234,16.880281162261962,17.454626581838745,16.30593574268518,17.07079778259207,16.843880420308473,16.749389342953403,16.671197854862577,16.85061264038086
2021-04-19,16.9147904710538,16.94315577825946,16.697328525939543,16.79187774658203,1095200,0.0,0,-0.004484342456445356,0.9718800177291936,16.880753898620604,17.454788471675993,16.306719325565215,17.07079778259207,16.843880420308473,16.749389342953403,16.671197854862577,16.81212043762207
2021-04-20,16.697330176130873,16.876973532768055,16.470413106188595,16.65951156616211,3129300,0.0,0,-0.007882750364048174,0.9642189301656277,16.869408130645752,17.451546813390507,16.287269447900997,16.99988663492772,16.843880420308473,16.82842206498206,16.671197854862577,16.946847915649414
2021-04-21,16.602778825568873,17.037704506606833,16.583870424687834,16.94315528869629,1223800,0.0,0,0.017025932687624534,0.980635656766761,16.880281162261962,17.459358947389113,16.30120337713481,16.980976444140467,16.843880131193515,16.947884544944905,16.671197854862577,16.879484176635742
2021-04-22,16.905337613430493,17.084980976167564,16.829698587548034,16.87697410583496,1052400,0.0,0,-0.0039060719053599646,0.9768052233784702,16.885954284667967,17.462535821593384,16.30937274774255,16.77769704117808,16.843880131193515,16.964430778776176,16.671197854862577,16.81212043762207
2021-04-23,16.933701688907483,16.971522100777623,16.772968545212393,16.905336380004883,1157600,0.0,0,0.0016805307629237376,0.9784467746057424,16.902973079681395,17.460214483612734,16.345731675750056,16.77769704117808,16.843880131193515,17.023523551022194,16.671197854862577,17.351032257080078
2021-04-26,17.0187944160414,17.406444589025565,17.0187944160414,17.3118953704834,1418700,0.0,0,0.02404915118751383,1.0019775890171712,16.92991943359375,17.511274845441296,16.348564021746203,16.938428847607078,16.843880131193515,17.023523551022194,16.671197854862577,17.42801856994629
2021-04-27,17.274076949610585,17.368626169162706,17.09443361279919,17.122798919677734,1053100,0.0,0,-0.010922920151658966,0.9910330678185848,16.967739009857176,17.492627313934353,16.44285070578,16.938428847607078,16.843880131193515,17.023523551022194,16.671197854862577,17.052705764770508
2021-04-28,17.13225468503978,17.39699034598014,17.13225468503978,17.292987823486328,979600,0.0,0,0.00993931568121198,1.0008832583301537,17.000831127166748,17.52002406139326,16.481638192940235,16.938428847607078,16.843880131193515,17.02352379673752,16.671197854862577,16.879484176635742
2021-04-29,17.425355244553106,17.576633276786634,17.113344077649405,17.25516700744629,927700,0.0,0,-0.0021870608148276682,0.9986942657756428,17.042905235290526,17.496533815682493,16.58927665489856,17.023523191487612,16.867516687753408,17.04479703139549,16.671197854862577,16.88910675048828
2021-04-30,17.217345887525102,17.330805308708513,17.05661456286111,17.179527282714844,2054600,0.0,0,-0.004383598530156463,0.994316391060113,17.044323444366455,17.49948838914448,16.58915849958843,17.023523191487612,16.867516687753408,17.04479703139549,16.671197854862577,16.89872932434082
2021-05-03,17.28353243075391,17.37807984900212,17.047160278380574,17.113344192504883,1761300,0.0,0,-0.0038524395416019708,0.9904858472783301,17.046214485168456,17.50220467239304,16.59022429794387,17.080251850737234,16.93842837839619,16.9266109131841,16.671197854862577,17.139314651489258
2021-05-04,17.179529110444122,17.292988543698478,16.687874571969438,16.810789108276367,1147700,0.0,0,-0.017679483380052985,0.9729745692031951,17.019268131256105,17.4637598278808,16.57477643463141,17.132253924378034,16.93842837839619,16.907700496351126,16.671197854862577,17.254796981811523
2021-05-05,16.744603016898157,16.791878531116357,16.130035759073323,16.262405395507812,1942800,0.0,0,-0.032620938210364714,0.9412352259009615,16.96632080078125,17.498869537248403,16.4337720643141,16.85333451792998,16.85333451792998,16.907700496351126,16.671197854862577,17.370277404785156
2021-05-06,16.413683613676127,16.602780262486586,16.139491038342694,16.442047119140625,1397000,0.0,0,0.011046442347479202,0.9516325265592931,16.914791679382326,17.440733015742225,16.388850343022426,16.85333451792998,16.85333451792998,16.907700496351126,16.671197854862577,17.562746047973633
2021-05-07,16.32858778776629,16.78242186163686,16.32858778776629,16.763511657714844,1438700,0.0,0,0.0195513695006988,0.9702382457149374,16.904863929748537,17.43438360942809,16.375344250068984,16.85333451792998,16.85333451792998,16.907700496351126,16.671197854862577,17.302913665771484
2021-05-10,17.20789441960184,17.368627564742543,16.754058489960933,16.810789108276367,2405900,0.0,0,0.002820259354176846,0.9729745692031951,16.899663829803465,17.430748765349243,16.368578894257688,16.85333451792998,16.85333451792998,16.843880339303883,16.671197854862577,17.18743324279785
2021-05-11,16.593325842807783,16.905337039400486,16.38531897953817,16.65951156616211,2448400,0.0,0,-0.008998836469834681,0.9642189301656278,16.883590698242188,17.42334125063515,16.343840145849224,16.85333451792998,16.85333451792998,16.770605096647717,16.671197854862577,16.966094970703125
2021-05-12,16.527141621534653,16.621690849797744,15.978758261660554,16.016578674316406,1991200,0.0,0,-0.03859254152154101,0.9270072710673549,16.849553108215332,17.50653026277531,16.192575953655354,16.678419055331336,16.777695769223595,16.808424811650617,16.671197854862577,16.735132217407227
2021-05-13,16.092215973682865,16.3096779130465,15.997666755540662,16.196218490600586,1994600,0.0,0,0.011215867004870539,0.9374044613321943,16.814097213745118,17.52978574669715,16.098408680793085,16.678419055331336,16.777695769223595,16.808425095078398,16.671197854862577,17.139314651489258
2021-05-14,16.244336311214237,16.51379280098778,16.244336311214237,16.456052780151367,1480000,0.3,0,0.016042898513722426,0.9524431459716574,16.79352397918701,17.525535838209073,16.06151212016495,16.67369291320155,16.777695769223595,16.879336121072384,16.671197854862577,17.322160720825195
2021-05-17,16.398312001626824,16.581155698414154,16.321322863372682,16.513792037963867,1598100,0.0,0,0.003508694252739808,0.9557849777639895,16.779619693756104,17.52183283660501,16.037406550907196,16.67369291320155,16.777695769223595,16.879336121072384,16.671197854862577,17.312538146972656
2021-05-18,16.55228844764725,16.67739214017715,16.42718291959506,16.446430206298828,1014200,0.0,0,-0.0040791255884886635,0.9518862108040994,16.768965625762938,17.52391640321083,16.014014848315046,16.67369291320155,16.777695769223595,16.88879170584521,16.671197854862577,17.630111694335938
2021-05-19,16.33094657790977,16.36944114720716,16.042244650267733,16.359817504882812,1094100,0.0,0,-0.005266352657055218,0.946873242328617,16.739798736572265,17.510657162906853,15.968940310237677,16.67369291320155,16.777695769223595,16.88879170584521,16.68049681249895,17.91881561279297
2021-05-20,16.32132376595432,16.62927482943456,16.215467366045104,16.59078025817871,1297500,0.0,0,0.014117685189762419,0.960240900678422,16.72548904418945,17.49625488649527,15.954723201883635,16.67369291320155,16.777695769223595,16.89588215447862,16.68049681249895,17.591617584228516
2021-05-21,16.994964464065742,17.043080843704267,16.523416968623728,16.638898849487305,2445500,0.0,0,0.0029003211759659475,0.9630259076966883,16.712167167663573,17.479199422457306,15.94513491286984,16.51091955268241,16.777695769223595,16.957339101450273,16.722337055482207,17.505006790161133
2021-05-24,16.764001692978802,17.00458725009071,16.658143460482478,16.85061264038086,1315400,0.0,0,0.012724026560211765,0.9752794749243929,16.689103031158446,17.40836687985603,15.969839182460861,16.51091955268241,16.777695769223595,16.957339101450273,16.79672116142989,17.514629364013672
2021-05-25,16.94684961673193,16.98534235681875,16.735133121926033,16.81212043762207,2773100,0.0,0,-0.002284320670130735,0.9730516238606689,16.673569107055663,17.367394913156698,15.979743300954627,16.520373799622465,16.777695769223595,16.957339101450273,16.79672116142989,17.70709800720215
2021-05-26,16.79287329971293,17.04308067396806,16.7447550850314,16.946847915649414,1661700,0.0,0,0.00801371121074368,0.9808493785674335,16.656262111663818,17.30256452785978,16.009959695467856,16.542662746986,16.777695769223595,16.921883527618096,16.954786605487204,17.572368621826172
2021-05-27,17.071951527951672,17.100822456634052,16.879484176635742,16.879484176635742,1566500,0.0,0,-0.0039750010945377445,0.9769505012140512,16.637477970123292,17.232315721982925,16.04264021826366,16.57153355345089,16.777695769223595,16.91242828766699,17.00934140605973,17.822580337524414
2021-05-28,16.898731397220413,17.03346057633027,16.74475676582834,16.81212043762207,2659700,0.0,0,-0.003990864786431958,0.973051623860669,16.61910762786865,17.166124333007645,16.072090922729657,16.57153355345089,16.777695769223595,16.810788586185797,17.00934140605973,17.553123474121094
2021-06-01,16.86023746587404,17.370277708002508,16.831366536207003,17.351032257080078,2946600,0.0,0,0.032054958293781466,1.004242753081219,16.630992031097414,17.228974488758155,16.033009573436672,16.70626117913512,16.777695769223595,16.810788586185797,17.00934140605973,17.34140968322754
2021-06-02,17.418394927274697,17.456887662438913,17.216302102215565,17.42801856994629,1544700,0.0,0,0.00443698747864385,1.0086985656021592,16.661853504180907,17.351517582561993,15.972189425799822,16.83617751424201,16.777695769223595,16.891154489400297,17.00934140605973,17.841827392578125
2021-06-03,17.370278666543424,17.389525954050235,16.92760206702097,17.052705764770508,2171600,0.0,0,-0.021535024401625802,0.9869762173780318,16.701368522644042,17.385436418136457,16.017300627151627,16.99015231553132,16.777695769223595,16.891154489400297,17.00934140605973,17.957305908203125
2021-06-04,17.062327885057545,17.12969154979423,16.792873226110807,16.879484176635742,1544900,0.0,0,-0.01015801190287513,0.976950501214051,16.7232403755188,17.400611890818585,16.045868860219013,17.057515561460697,16.777695769223595,16.891154489400297,17.00934140605973,17.514629364013672
2021-06-07,16.956472253804424,17.177810543847755,16.840990369356177,16.88910675048828,2517500,0.0,0,0.0005700751131874071,0.9775074363816091,16.72952013015747,17.410627583101956,16.048412677212987,17.09601039218247,16.717822962049734,16.94551993962051,17.00934140605973,17.649356842041016
2021-06-08,16.937223895228108,16.994963916036866,16.7062619764709,16.89872932434082,2044000,0.0,0,0.0005697503127133352,0.9780643715491671,16.733917140960692,17.418229079854036,16.049605202067347,17.081574819454907,16.717822962049734,16.94551993962051,17.00934140605973,17.47613525390625
2021-06-09,17.033458254040838,17.26442016964031,16.91797637848003,17.139314651489258,1198600,0.0,0,0.014236888616347088,0.9919889650665301,16.75790729522705,17.463644796324413,16.052169794129686,17.081574819454907,16.717822962049734,17.00934011456671,17.00934140605973,17.630111694335938
2021-06-10,17.197056960270416,17.293289717664866,17.05270415313436,17.254796981811523,1107600,0.0,0,0.006737861616434637,0.9986728494381786,16.819818210601806,17.468947853522643,16.17068856768097,17.081574819454907,16.717822962049734,17.03534115138711,17.00934140605973,17.081575393676758
2021-06-11,17.187433693319118,17.37990104783951,17.081575455243453,17.370277404785156,1495700,0.0,0,0.006692656140513398,1.005356623416335,16.878521156311034,17.503078583371774,16.253963729250295,17.081574819454907,16.717822962049734,16.85333451792998,17.00934140605973,17.658981323242188
2021-06-14,17.41839507769746,17.60124061899244,17.38952414943336,17.562746047973633,1640100,0.0,0,0.011080343664255698,1.0164963203089237,16.93385581970215,17.594356607211978,16.27335503219232,17.153751297731667,16.789999440326497,16.85333451792998,17.00934140605973,17.889944076538086
2021-06-15,17.51463014102769,17.58199380660113,17.17780997763827,17.302913665771484,2306700,0.0,0,-0.014794519119755045,1.0014577460629526,16.97331190109253,17.62279468509941,16.323829117085648,17.153751297731667,16.789999440326497,16.85333451792998,17.00934140605973,17.533876419067383
2021-06-16,17.283665999774453,17.40877152067953,17.091198650299066,17.18743324279785,1522000,0.0,0,-0.006674044915456978,0.9947739720847961,17.01036205291748,17.618159899709084,16.402564206125874,17.153751297731667,16.789999440326497,16.85333451792998,16.962067355610934,17.687850952148438
2021-06-17,17.177811464282215,17.197058751975295,16.754380312646415,16.966094970703125,2296000,0.0,0,-0.012877913122221196,0.9819633592960412,17.040675926208497,17.57032696201067,16.511024890406322,17.153751297731667,16.789999440326497,16.85333451792998,16.839153137743537,17.639734268188477
2021-06-18,16.725508574025074,16.889106840477112,16.63889945463027,16.735132217407227,3699900,0.0,0,-0.013613194650549998,0.9685957009462361,17.047893524169922,17.556097196539937,16.539689851799906,17.120070036811356,16.79945368726655,16.728057412277465,16.777695769223595,17.72634506225586
2021-06-21,16.946847306250767,17.26442016964031,16.715885390651298,17.139314651489258,2488500,0.0,0,0.024151732345539356,0.9919889650665297,17.07291431427002,17.545786058028337,16.6000425705117,17.120070036811356,16.821742634630084,16.728057412277465,16.777695769223595,17.80333137512207
2021-06-22,17.197057034360114,17.45688805017562,17.100822441028868,17.322160720825195,2369800,0.0,0,0.010668225250188179,1.0025717267915604,17.096491718292235,17.56970280659067,16.6232806299938,17.120070036811356,16.821742634630084,16.725694341212574,16.777695769223595,17.97655487060547
2021-06-23,17.302914503493064,17.50500734551994,17.216303547699017,17.312538146972656,2364000,0.0,0,-0.0005555065564638584,1.0020147916240023,17.121512603759765,17.58463687183145,16.65838833568808,17.120070036811356,16.821742634630084,16.725694341212574,16.777695769223595,17.889944076538086
2021-06-24,17.274046049981354,17.639735338172873,17.16818780329748,17.630111694335938,2701700,0.0,0,0.01834355798481302,1.0203953080557975,17.15567579269409,17.661538525314075,16.649813060074106,17.139317396401573,16.8409899942203,16.725694341212574,16.777695769223595,17.899566650390625
2021-06-25,17.51463174677441,18.01504838070783,17.51463174677441,17.91881561279297,4250000,0.0,0,0.016375614826636742,1.0371049085914266,17.207642364501954,17.796968217068116,16.61831651193579,17.32697391766905,17.115257873376468,16.725694341212574,16.777695769223595,17.293291091918945
2021-06-28,17.957306843935022,17.957306843935022,17.37990110735222,17.591617584228516,1464500,0.0,0,-0.01826002541880356,1.0181673465985812,17.246617221832274,17.82914829641874,16.664086147245808,17.32697391766905,17.26923267466578,16.725694341212574,16.777695769223595,17.091197967529297
2021-06-29,17.581994100033107,17.668605053079357,17.485759503812577,17.505006790161133,916400,0.0,0,-0.004923412736360988,1.0131544885165908,17.25431594848633,17.846259881306786,16.662372015665873,17.32697391766905,17.32697391766905,16.644307660953004,16.777695769223595,16.64851951599121
2021-06-30,17.485758436253498,17.68784942400831,17.35103111108362,17.514629364013672,2421600,0.0,0,0.0005497040914002049,1.013711423684149,17.258646488189697,17.856912467642264,16.66038050873713,17.32697391766905,17.32697391766905,16.644307660953004,16.777695769223595,16.754377365112305
2021-07-01,17.601241602032637,17.957307226232196,17.466512431464288,17.70709800720215,1928400,0.0,0,0.010989021759371775,1.0248511205767377,17.29136610031128,17.912397428222324,16.670334772400235,17.365466885679567,17.32697391766905,16.64903478442303,16.777695769223595,16.484922409057617
2021-07-02,17.735966867660295,17.84182509600063,17.476134035655146,17.572368621826172,1528400,0.0,0,-0.007608778430049701,1.017053255476481,17.326010322570802,17.92808262165471,16.723938023486895,17.55793541086835,17.32697391766905,16.660179258104797,16.777695769223595,16.071117401123047
2021-07-06,17.591618399294664,17.928436745344932,17.32216188693213,17.822580337524414,1501600,0.0,0,0.014238929371619413,1.0315350049483862,17.372684001922607,17.97678936396953,16.768578639875685,17.591618092002655,17.32697391766905,16.674614661337245,16.777695769223595,16.330947875976562
2021-07-07,17.812956337754095,17.841827267776303,17.533876187439624,17.553123474121094,2145600,0.0,0,-0.015118846895362026,1.0159393851413652,17.405403709411623,17.97265905077837,16.838148368044877,17.591618092002655,17.32697391766905,16.674614661337245,16.777695769223595,16.18659782409668
2021-07-08,17.370278779152546,17.49538431323549,17.158564121772205,17.34140968322754,1625800,0.0,0,-0.012061317246795933,1.0036858179136603,17.415508460998534,17.97037604980572,16.86064087219135,17.58680625124002,17.32697391766905,16.741978474179355,16.777695769223595,16.330947875976562
2021-07-09,17.476136285161342,17.86107284387193,17.45688899834524,17.841827392578125,1572900,0.0,0,0.02885680682779701,1.0326489856769943,17.444859981536865,18.024445679498257,16.865274283575474,17.557935674002202,17.32697391766905,16.806936641732804,16.777695769223595,15.99786376953125
2021-07-12,17.774460370116596,17.995800478546453,17.73596763529541,17.957305908203125,850300,0.0,0,0.006472347987910521,1.0393326492616586,17.474211406707763,18.09421645802886,16.854206355386665,17.57718230015933,17.32697391766905,16.88392404237746,16.777695769223595,15.880303382873535
2021-07-13,17.861071319525085,17.9573059098702,17.495382078840223,17.514629364013672,1138100,0.0,0,-0.024651612355015562,1.013711423684149,17.471805572509766,18.09077917338928,16.852831971630252,17.57718230015933,17.32697391766905,16.917605665342144,16.777695769223595,15.459050178527832
2021-07-14,17.553122250862433,17.72634414787945,17.495382230364147,17.649356842041016,1091100,0.0,0,0.007692282561466035,1.0215091783909134,17.489127731323244,18.10761096819939,16.8706444944471,17.57718230015933,17.32697391766905,16.9069166771161,16.777695769223595,15.21413516998291
2021-07-15,17.601240775306234,17.697473532663526,17.370277018186602,17.47613525390625,958800,0.0,0,-0.009814611925243022,1.0114834622269326,17.50356283187866,18.106314716109058,16.900810947648264,17.57718230015933,17.32697391766905,16.89969889075232,16.777695769223595,15.08677864074707
2021-07-16,17.562748022999795,17.784086324682093,17.514631639337516,17.630111694335938,873400,0.0,0,0.00881066884597792,1.0203953080557973,17.536763668060303,18.087838574090693,16.985688762029913,17.57718230015933,17.32697391766905,16.89969889075232,16.777695769223595,15.321898460388184
2021-07-19,17.428019200295903,17.476135579872018,16.8506134677714,17.081575393676758,1196200,0.0,0,-0.031113603258418943,0.988647133274197,17.55408582687378,18.017155505467162,17.0910161482804,17.423206973158926,17.32697391766905,16.89969889075232,16.777695769223595,15.70396614074707
2021-07-20,17.20667927388208,17.82257958535754,17.100822870529026,17.658981323242188,1349500,0.0,0,0.03380284992795057,1.0220662239519631,17.580069160461427,18.00332374221,17.156814578712854,17.423206973158926,17.32697391766905,16.89969889075232,16.777695769223595,15.743151664733888
2021-07-21,17.784085832782207,18.01504777191313,17.764838545640714,17.889944076538086,1407300,0.0,0,0.013079053036423538,1.035433882301768,17.60845832824707,18.03489837293135,17.18201828356279,17.432830619842264,17.32697391766905,16.971875369029082,16.789999440326497,15.4198637008667
2021-07-22,17.889943885289213,17.889943885289213,17.437643655433334,17.533876419067383,982000,0.0,0,-0.019903229207835826,1.0148254044127565,17.619525241851807,18.02545015251566,17.213600331187955,17.432830619842264,17.32697391766905,16.971875369029082,16.789999440326497,15.63538932800293
2021-07-23,17.668605500834417,17.77446190738957,17.51463087718847,17.687850952148438,801100,0.0,0,0.00878154547237564,1.0237371398481292,17.62241220474243,18.02942887739729,17.215395532087573,17.432830619842264,17.32697391766905,16.971875369029082,16.789999440326497,15.615796089172363
2021-07-26,17.74559250845124,17.909190772710843,17.5434996711789,17.639734268188477,768000,0.0,0,-0.0027203239155583203,1.020952243223355,17.60845813751221,17.992088815179457,17.22482745984496,17.432830619842264,17.32697391766905,16.971875369029082,16.789999440326497,15.674575805664062
2021-07-27,17.56274679947004,17.784085085732542,17.485759489660378,17.72634506225586,864400,0.0,0,0.00490998292551259,1.0259651013053455,17.615194511413574,18.002159039825607,17.22822998300154,17.432830619842264,17.365466885679567,16.959761862038953,16.789999440326497,15.988066673278809
2021-07-28,17.745591354878687,17.928435058236424,17.55312217337121,17.80333137512207,1287700,0.0,0,0.004343044919628447,1.0304209138262856,17.63011074066162,18.02195710243203,17.238264378891213,17.432830619842264,17.432830924239617,16.97090633572072,16.789999440326497,15.899897575378418
2021-07-29,17.918814845225413,18.13052949530049,17.861072984323048,17.97655487060547,970200,0.0,0,0.009729836053349983,1.0404467403837585,17.65320701599121,18.06908869093941,17.23732534104301,17.490571481535945,17.490571481535945,16.97090633572072,16.789999440326497,16.06644058227539
2021-07-30,17.966931389581728,18.26525699818555,17.86107314582585,17.889944076538086,1684200,0.0,0,-0.004817986243237593,1.0354338823017681,17.66234931945801,18.09055951218003,17.23413912673599,17.68303993435729,17.557935232978473,16.97090633572072,16.789999440326497,16.027254104614258
2021-08-02,17.938059386850867,18.303750478595397,17.84182662793915,17.899566650390625,1686500,0.0,0,0.0005378761281404909,1.0359908174693262,17.67870922088623,18.11691265521383,17.24050578655863,17.870697067014365,17.5771819731834,16.990153695310937,16.809246799916714,16.321151733398438
2021-08-03,17.899567790607524,17.957307816737085,17.19705832687712,17.293291091918945,2995400,0.0,0,-0.033870962929621995,1.0009008108953938,17.652244758605956,18.115968466863933,17.18852105034798,17.750404402736258,17.5771819731834,17.221115895522757,16.996903321184192,16.213388442993164
2021-08-04,17.206678005496826,17.31253623656882,16.97571609403966,17.091197967529297,1194800,0.0,0,-0.011686215383495457,0.989204068441755,17.629148483276367,18.1531140719382,17.105182894614533,17.63973328631753,17.5771819731834,17.298103296167415,16.996903321184192,16.027254104614258
2021-08-05,16.869859619516678,17.071950602774855,16.427181247987843,16.64851951599121,3295900,0.0,0,-0.025900960972958575,0.9635827324707533,17.594503974914552,18.263367577797528,16.925640372031577,17.365465863291618,17.365465863291618,17.32697391766905,16.996903321184192,16.017457962036133
2021-08-06,16.860235593278613,17.033457480997278,16.706260989866923,16.754377365112305,1538400,0.0,0,0.006358394151468882,0.9697095712813517,17.54013147354126,18.29230418379827,16.787958763284248,17.365465863291618,17.365465863291618,17.32697391766905,16.996903321184192,15.410066604614258
2021-08-09,16.658144312723877,16.744755264557007,16.42718238634294,16.484922409057617,1138800,0.0,0,-0.016082660082360034,0.9541140618678227,17.466512298583986,18.323128033901916,16.609896563266055,17.365465863291618,17.365465863291618,17.34622040167431,16.996903321184192,15.331693649291992
2021-08-10,16.436806673339188,16.504170341732504,16.061493757706533,16.071117401123047,1624200,0.0,0,-0.025102029458579977,0.9301638625799712,17.394336700439453,18.44597617498306,16.342697225895847,17.182622118150967,17.182622118150967,17.442454664268702,16.996903321184192,15.54722023010254
2021-08-11,16.225091473038926,16.350195162155128,15.99412954546285,16.330947875976562,1143800,0.0,0,0.016167542577677718,0.9452023264324501,17.32841625213623,18.470282633761613,16.186549870510845,17.148940012029122,17.148940012029122,17.459296004835853,16.996903321184192,15.468847274780272
2021-08-12,16.407936121210405,16.465677983040166,16.04224684056696,16.18659782409668,1366700,0.0,0,-0.008839049207439276,0.9368476365581275,17.263939380645752,18.507418432937936,16.02046032835357,17.148940012029122,17.148940012029122,17.459296004835853,16.996903321184192,15.341490745544434
2021-08-13,16.282831496052385,16.359818805244412,16.119233234579053,16.330947875976562,1255600,0.0,0,0.008917874741101617,0.94520232643245,17.198981189727782,18.494383683239764,15.9035786962158,16.975718681099966,17.148940012029122,17.456890084454535,16.996903321184192,15.145559310913086
2021-08-16,16.20359354750549,16.33094865306666,15.948881467828116,15.99786376953125,1417200,0.3,0,-0.02039588326255648,0.9259240901230369,17.144795608520507,18.543045609745946,15.746545607295067,16.630708852198467,17.126315973211756,17.442454795835626,16.996903321184192,15.18474578857422
2021-08-17,15.880303382873535,15.997863521112606,15.743151445390462,15.880303382873535,1109000,0.0,0,-0.007348505297414487,0.9191199320417641,17.055861711502075,18.536723781505152,15.574999641498998,16.407551024082657,17.02345096199293,17.45207810891419,16.996903321184192,15.21413516998291
2021-08-18,15.8313214672728,15.909694271821476,15.439457444529426,15.459050178527832,1832700,0.0,0,-0.026526773084197708,0.894738646167329,16.93431701660156,18.518013761956723,15.350620271246397,16.23645746276335,16.87160396156241,17.45207810891419,16.996903321184192,14.930033683776855
2021-08-19,15.429660853019625,15.527627327384732,14.93983034974916,15.21413516998291,1953700,0.0,0,-0.01584282382918334,0.880563459422938,16.818329954147337,18.5443939054168,15.092266002877876,15.842292807153083,16.621790414172278,17.45207810891419,16.996903321184192,14.930033683776855
2021-08-20,15.096575474723322,15.214134679605795,14.89084663260961,15.08677864074707,1426200,0.0,0,-0.008370934516679696,0.8731923203663277,16.68827633857727,18.522465593094047,14.854087084060495,15.697508487171056,16.597298555602503,17.45207810891419,16.996903321184192,14.479389190673828
2021-08-23,15.214135151859423,15.341491194671342,15.076983209044702,15.321898460388184,1710000,0.0,0,0.015584494559103046,0.8868005813321272,16.572384548187255,18.444385449926326,14.700383646448184,15.678262307824888,16.597298555602503,17.45207810891419,16.996903321184192,14.616541862487791
2021-08-24,15.380677158662651,15.723557940193682,15.263117953485368,15.70396614074707,1889800,0.0,0,0.024936053541057435,0.9089138881084661,16.471265602111817,18.300549677787313,14.641981526436322,15.678262307824888,16.597298555602503,17.37509044541399,16.996903321184192,14.420610427856444
2021-08-25,15.684372529072906,15.968473241896833,15.547219655401427,15.743151664733888,1501100,0.0,0,0.0024952628931835807,0.9111818672065624,16.368256616592408,18.11519624544104,14.621316987743775,15.625332718927012,16.597298555602503,17.37509044541399,16.996903321184192,14.63613510131836
2021-08-26,15.674575781543384,15.7529485857089,15.390474132874012,15.4198637008667,957000,0.0,0,-0.020535148917569246,0.8924706118724868,16.24042205810547,17.8666406542639,14.614203461947039,15.610897642838136,16.597298555602503,17.379902268755657,16.996903321184192,14.547966003417969
2021-08-27,15.41986365011832,15.782339036037786,15.400270916280183,15.63538932800293,1497600,0.0,0,0.013977142166575529,0.9049448004941192,16.12769432067871,17.582710725237533,14.672677916119886,15.444355076861108,16.597298555602503,17.379902268755657,16.996903321184192,14.263864517211914
2021-08-30,15.664779326530551,15.664779326530551,15.390474505313255,15.615796089172363,1378600,0.0,0,-0.001253134055029581,0.9038107833466981,16.0135057926178,17.231104717882342,14.795906867353258,15.429659937253222,16.597298555602503,17.379902268755657,16.996903321184192,14.27366065979004
2021-08-31,15.61579573531071,15.782339112265616,15.517830197091824,15.674575805664062,2691200,0.0,0,0.0037641191109338834,0.9072128347889615,15.932570028305054,17.004077382804812,14.861062673805296,15.429659937253222,16.597298555602503,17.379902268755657,16.996903321184192,14.303050994873049
2021-09-01,15.782338767233494,16.066439475851546,15.782338767233494,15.988066673278809,1305100,0.0,0,0.019999958627362924,0.9253570539509534,15.877413463592529,16.807480984768226,14.947345942416831,15.478643054230577,16.597298555602503,17.399148752760915,17.006357568124248,14.381423950195312
2021-09-02,15.978270380605812,15.978270380605812,15.792136136037673,15.899897575378418,1287900,0.0,0,-0.005514681649892661,0.9202540043859313,15.83998236656189,16.699772647435484,14.980192085688293,15.571711342448124,16.597298555602503,17.43283077204094,17.028646515487782,14.498982429504396
2021-09-03,15.899898131769913,16.09583108597229,15.782339854092594,16.06644058227539,1287800,0.0,0,0.010474470423939675,0.9298931777373838,15.805585527420044,16.564380357663207,15.046790697176881,15.679474519728828,16.597298555602503,17.490571481535945,17.086387072784113,14.655728340148926
2021-09-07,16.017457270664746,16.04684590395826,15.82152432878459,16.027254104614258,2410500,0.0,0,-0.0024390267066598526,0.9276251434425415,15.782702112197876,16.482899854381117,15.082504370014636,15.74315260942315,16.597298555602503,17.62048758366788,17.15375082422664,14.626338958740234
2021-09-08,15.96847318360982,16.370134034844625,15.919490882163634,16.321151733398438,2379200,0.0,0,0.018337366267847877,0.9446353454571124,15.795203828811646,16.524207565107393,15.066200092515897,15.880304083859318,16.424077224673347,17.72393952009888,17.172997564431565,14.69491481781006
2021-09-09,16.27216944704915,16.566066993108986,16.10562700600057,16.213388442993164,3601200,0.0,0,-0.00660267683099558,0.9383982235479231,15.789325857162476,16.502510640399848,15.076141073925102,15.97827074921112,16.101691434589217,17.66379318795983,17.25960892232025,14.900643348693848
2021-09-10,16.164406042797356,16.232982011888907,15.71376289245002,16.027254104614258,2505200,0.0,0,-0.011480286124850525,0.9276251434425415,15.781358671188354,16.479865085156074,15.082852257220631,15.97827074921112,15.981398617692232,17.608457629750465,17.413583723609563,15.008405685424805
2021-09-13,16.115424437204798,16.16440674051158,15.948881989984596,16.017457962036133,1375400,0.0,0,-0.0006112177740605906,0.927058162467204,15.765684175491334,16.426832668233935,15.104535682748734,16.041948595100404,15.962152056803443,17.365465863291618,17.365465863291618,14.920236587524414
2021-09-14,16.095830030812312,16.095830030812312,15.341490635705457,15.410066604614258,2720100,0.0,0,-0.03792058383180941,0.8919035757004031,15.736294317245484,16.405842381032873,15.066746253458097,15.953778814407222,15.817800948583308,17.365465863291618,17.365465863291618,15.116168975830078
2021-09-15,15.42966011899662,15.586405723102027,15.263117681065252,15.331693649291992,1998300,0.0,0,-0.005085828460909991,0.8873675071107187,15.708863830566406,16.397454831500415,15.020272829632399,15.914592337087118,15.7284568128593,17.365465863291618,17.365465863291618,15.027999877929688
2021-09-16,15.321898644610606,15.674576274445716,15.292508141416183,15.54722023010254,1585600,0.0,0,0.014057584617893859,0.8998417509290971,15.713272333145142,16.39645891405026,15.030085752240021,15.914592337087118,15.7284568128593,17.182622118150967,17.182622118150967,14.734101295471191
2021-09-17,15.635389720837596,15.635389720837596,15.361084900269228,15.468847274780272,2828700,0.0,0,-0.005040962574809571,0.8953056823394124,15.72600793838501,16.380067940045944,15.071947936724076,15.914592337087118,15.7284568128593,17.148940012029122,17.148940012029122,14.528372764587402
2021-09-20,15.243525208441538,15.49823635233108,15.135761903067584,15.341490745544434,1682800,0.0,0,-0.008233097591148542,0.8879345432828022,15.738743543624878,16.350638589814317,15.12684849743544,15.850914448088286,15.7284568128593,17.148940012029122,17.148940012029122,14.440202713012695
2021-09-21,15.390474564366222,15.488441039458497,15.125965642183612,15.145559310913086,1377700,0.0,0,-0.012771342621202053,0.876594427005337,15.729926586151123,16.370327002067068,15.089526170235178,15.8460163176463,15.7284568128593,17.062329346564546,17.148940012029122,14.606744766235352
2021-09-22,15.2043394573998,15.331694567655852,15.057389744040613,15.18474578857422,1316900,0.0,0,0.002587324565352933,0.8788624613001793,15.70396556854248,16.387592804563077,15.020338332521884,15.64518587796476,15.7284568128593,16.878512412705113,17.126315973211756,14.596948623657228
2021-09-23,15.19454243567641,15.38067761583707,15.125965529909818,15.21413516998291,1032400,0.0,0,0.0019354542919516327,0.8805634594229379,15.677514743804931,16.39355845528955,14.96147103232031,15.610898242276097,15.7284568128593,16.715500993037793,17.02345096199293,13.862202644348145
2021-09-24,15.125965700438451,15.233729010310492,14.910440949249471,14.930033683776855,1105400,0.0,0,-0.018673521894729816,0.8641202383837047,15.65302324295044,16.433945610983884,14.872100874916995,15.503135490030893,15.7284568128593,16.55403071216288,16.87160396156241,14.645931243896484
2021-09-27,15.125965700438451,15.31210181697513,14.900644114847005,14.930033683776855,1605200,0.0,0,0.0,0.8641202383837047,15.617755460739136,16.460628161701983,14.77488275977629,15.28761019464636,15.7284568128593,16.23204161066268,16.621790414172278,14.401016235351562
2021-09-28,14.930033284069616,14.930033284069616,14.449999622530797,14.479389190673828,1703900,0.0,0,-0.030183755954462654,0.8380378439930188,15.560935115814209,16.54042012032375,14.581450111304669,15.062287948488256,15.508033307819892,16.147403521386778,16.597298555602503,14.440202713012695
2021-09-29,14.49898265727338,14.685117831960154,14.430405753523509,14.616541862487791,1571700,0.0,0,0.009472269168806058,0.8459759640249667,15.508033418655396,16.56906655602667,14.447000281284124,15.032897737180551,15.498236373316248,16.137780431713693,16.597298555602503,14.09732151031494
2021-09-30,14.792881726326971,14.812474460837237,14.410813593462535,14.420610427856444,4550100,0.0,0,-0.013404773610247056,0.8346358477475014,15.429660606384278,16.56695961291897,14.292361599849585,14.954524972896808,15.48844029328576,16.137780431713693,16.597298555602503,14.626338958740234
2021-10-01,14.606745532569889,14.80267754802228,14.48918632329845,14.63613510131836,3922300,0.0,0,0.014945599878739113,0.8471099811723878,15.366472482681274,16.532624166489136,14.200320798873415,14.949627316460516,15.48844029328576,16.11131563726476,16.597298555602503,14.39121913909912
2021-10-04,14.606745139332483,14.734101179517296,14.430405863033895,14.547966003417969,3055700,0.0,0,-0.0060240696939486416,0.8420069316073658,15.290548753738403,16.462296713685884,14.118800793790921,14.895745604649804,15.48844029328576,16.10409809922032,16.597298555602503,14.312847137451172
2021-10-05,14.528372500388633,14.54796616876785,14.146304375491672,14.263864517211914,2807400,0.0,0,-0.01952860531426226,0.8255637105681326,15.202379274368287,16.40443841090159,14.000320137834985,14.763490995664371,15.356185684300328,16.020826816231803,16.597298555602503,14.596948623657228
2021-10-06,14.116915047201596,14.283457494146202,13.774034253233763,14.27366065979004,3398500,0.0,0,0.0006867803999615063,0.8261306915434703,15.100004720687867,16.25060731296351,13.949402128412224,14.543068035104447,15.170050623171374,16.013479246427863,16.597298555602503,14.401016235351562
2021-10-07,14.322643729077717,14.528372576753204,14.273660492149736,14.303050994873049,2100200,0.0,0,0.0020590607962120977,0.8278317448629751,15.00448784828186,16.083733787116227,13.925241909447493,14.543068035104447,15.170050623171374,16.013479246427863,16.597298555602503,14.449999809265137
2021-10-08,14.636135103177,14.6557287718635,14.352033447165562,14.381423950195312,1549400,0.0,0,0.005479457169687452,0.8323678134526593,14.922196340560912,15.924383410398942,13.920009270722883,14.35203376865169,15.170050623171374,16.03797080491654,16.597298555602503,14.489999771118164
2021-10-11,14.342236825014211,14.547965664476951,14.254067188919109,14.498982429504396,1427900,0.0,0,0.00817432819699948,0.8391718611404402,14.846272563934326,15.726463957885098,13.966081169983553,14.2932543570355,15.170050623171374,16.084504949025312,16.597298555602503,14.350000381469728
2021-10-12,14.479389064275038,14.6851179080354,14.410813094447423,14.655728340148926,1654800,0.0,0,0.0108108214770688,0.848243998319809,14.80855565071106,15.652390083399402,13.964721218022719,14.2932543570355,15.170050623171374,16.138386537665667,16.597298555602503,14.329999923706056
2021-10-13,14.303050905034713,14.832067805123527,14.303050905034713,14.626338958740234,3779700,0.0,0,-0.0020053170150663435,0.8465430001970504,14.773287916183472,15.58471027181781,13.961865560549134,14.303051029178645,15.170050623171374,16.170225582512828,16.597298555602503,14.3100004196167
2021-10-14,14.72430438584797,14.910440496735644,14.665525249772143,14.69491481781006,2388400,0.0,0,0.004688518382027995,0.8505120326146515,14.730672645568848,15.459506446692446,14.00183884444525,14.342237374984704,15.170050623171374,16.152190654266334,16.597298555602503,14.220000267028809
2021-10-15,14.910440182592586,15.135761756598573,14.832067379957678,14.900643348693848,2606200,0.0,0,0.013999981179506182,0.8624191850642001,14.702262449264527,15.353110100908237,14.051414797620817,14.454898004916167,15.003508132561336,16.039981091900167,16.597298555602503,14.210000038146973
2021-10-18,14.94962655071788,15.10637215563968,14.881049647856466,15.008405685424805,2672500,0.0,0,0.007232059328525775,0.8686562517766433,14.685608196258546,15.284618876657621,14.08659751585947,14.454898004916167,14.969220496872673,15.979834683451676,16.597298555602503,13.989999771118164
2021-10-19,15.204339174544671,15.204339174544671,14.84186378223522,14.920236587524414,2812500,0.0,0,-0.005874647830583002,0.8635532022116212,14.674342060089112,15.245881176999674,14.102802943178549,14.72920318173189,14.934932142023037,16.002050325951924,16.597298555602503,13.970000267028809
2021-10-20,14.939829703313968,15.243525013283104,14.900643302118995,15.116168975830078,1446300,0.0,0,0.013131989372708208,0.8748933736858324,14.670913219451904,15.230740207301613,14.111086231602195,14.748796101101107,14.724305263839739,15.885789881495265,16.597298555602503,13.210000038146973
2021-10-21,15.086779014689077,15.223931890923534,14.861457433315538,15.027999877929688,1799200,0.0,0,-0.005832767418872398,0.8697903241208104,14.661606454849244,15.18997493286027,14.133237976838217,14.748796101101107,14.724305263839739,15.821524574973209,16.597298555602503,13.029999732971191
2021-10-22,15.0377966143446,15.067186182533147,14.704711727282644,14.734101295471191,1935500,0.0,0,-0.019556733087955358,0.8527800669094935,14.65180983543396,15.16686261340227,14.136757057465651,14.773287959158909,14.70471198703568,15.821524574973209,16.597298555602503,12.93000030517578
2021-10-25,14.694915211729205,14.704712046096969,14.42061038937464,14.528372764587402,2075000,0.0,0,-0.013962747150857657,0.8408729144599447,14.631726789474488,15.132803534310803,14.130650044638173,14.773287959158909,14.63613530278242,15.821524574973209,16.597298555602503,12.529999732971191
2021-10-26,14.626338823594502,14.734101195741454,14.440202713012695,14.440202713012695,1402400,0.0,0,-0.006068818098446616,0.8357698096981766,14.629767465591431,15.133540061554251,14.125994869628611,14.83206770132887,14.631237646346129,15.789685630473793,16.597298555602503,13.149999618530272
2021-10-27,14.479388729303569,14.66552483492598,14.33243995899324,14.606744766235352,2743500,0.0,0,0.011533221280375594,0.845408927852883,14.629277610778809,15.133120504218649,14.125434717338969,14.787982486138173,14.577355934535417,15.7872365652528,16.597298555602503,13.0600004196167
2021-10-28,14.538169486460562,14.73410150091201,14.489186249278314,14.596948623657228,1807900,0.0,0,-0.0006706588452731754,0.8448419468775455,14.638094520568847,15.133019660282478,14.143169380855216,14.787982486138173,14.577355934535417,15.68682134541203,16.597298555602503,13.529999732971191
2021-10-29,14.528372416976334,14.557761985098892,13.774033939980466,13.862202644348145,4390500,0.0,0,-0.05033558713211361,0.8023163314476264,14.599397897720337,15.19990980717385,13.998885988266824,14.508779476631785,14.543067878477798,15.669677527567698,16.597298555602503,13.579999923706056
2021-11-01,13.911185519945718,14.743897714134256,13.87199911870611,14.645931243896484,2823400,0.0,0,0.05653709007549956,0.8476769621477251,14.604296159744262,15.204646476378269,14.003945843110255,14.508779476631785,14.543067878477798,15.615796151445096,16.597298555602503,13.789999961853027
2021-11-02,14.694914716537824,14.724304284373192,14.205084225986562,14.401016235351562,2896500,0.0,0,-0.016722392346815607,0.8335017754033341,14.611153745651245,15.198650870049143,14.023656621253348,14.498982915452,14.508779476631785,15.50803350375283,16.597298555602503,13.619999885559082
2021-11-03,14.401016310934027,14.587152421515835,14.146304230283937,14.440202713012695,2321400,0.0,0,0.002721091138341958,0.8357698096981765,14.619480848312378,15.191976794116309,14.046984902508447,14.420610061256806,14.508779476631785,15.285160628154074,16.376875050563097,13.369999885559082
2021-11-04,14.54796558799379,14.616541556028343,13.96996547376684,14.09732151031494,2403200,0.0,0,-0.023744902305891435,0.8159245372166798,14.609194374084472,15.211029871762822,14.007358876406123,14.258965827057361,14.508779476631785,15.2655670552484,16.367078116059453,13.390000343322754
2021-11-05,14.185490763434949,14.783084568503211,14.185490763434949,14.626338958740234,6588000,0.0,0,0.03752609657360906,0.8465430001970502,14.621440124511718,15.214035716183812,14.028844532839624,14.278559254241838,14.508779476631785,15.221482633091284,16.357282036028966,13.15999984741211
2021-11-08,14.645931213771403,14.68511761493041,14.28345676948123,14.39121913909912,2808400,0.0,0,-0.016075097145250794,0.8329347392312506,14.616051959991456,15.214998126550032,14.01710579343288,14.278559254241838,14.508779476631785,15.219033804873138,16.357282036028966,13.199999809265137
2021-11-09,14.361830375209458,14.469593685133196,14.195287927397814,14.312847137451172,3244300,0.0,0,-0.005445820878025587,0.8283987258383123,14.598907899856567,15.211947534047964,13.98586826566517,14.278559254241838,14.508779476631785,15.192092948967783,16.357282036028966,13.149999618530272
2021-11-10,14.293254234826868,14.763491069510344,14.234474163352662,14.596948623657228,3227200,0.0,0,0.019849404068787546,0.8448419468775458,14.597438383102418,15.21034742747229,13.984529338732546,14.278559254241838,14.508779476631785,15.059838339982349,16.225027427043536,13.25
2021-11-11,14.596948244716565,14.675321048462564,14.322643431605565,14.401016235351562,2068600,0.0,0,-0.013422831946405478,0.8335017754033345,14.582743453979493,15.199723152047818,13.965763755911167,14.32754184360466,14.508779476631785,14.85655932913791,16.03889236591458,12.489999771118164
2021-11-12,14.39121973794194,14.51857578057758,14.234474126783471,14.449999809265137,2787900,0.0,0,0.0034013970342821054,0.8363368458702602,14.560211277008056,15.161659810027864,13.958762743988249,14.376525021135025,14.508779476631785,14.85655932913791,16.03889236591458,13.119999885559082
2021-11-15,14.5,14.520000457763672,14.279999732971191,14.489999771118164,1938100,0.3,0,0.0027681634865752702,0.8386519629894759,14.534290981292724,15.099450013603683,13.969131948981765,14.376525021135025,14.508779476631785,14.761042195911532,16.03889236591458,13.109999656677246
2021-11-16,14.550000190734863,14.5600004196167,14.3100004196167,14.350000381469728,2022300,0.0,0,-0.009661793779147332,0.8305490806705944,14.50577917098999,15.046951485614901,13.96460685636508,14.376525021135025,14.508779476631785,14.731652490103437,16.03889236591458,13.18000030517578
2021-11-17,14.300000190734863,14.359999656677246,14.06999969482422,14.329999923706056,1921300,0.0,0,-0.001393760085853235,0.8293914945126136,14.466470718383789,14.932877865847944,14.000063570919634,14.426542131663716,14.508779476631785,14.731652490103437,16.03889236591458,13.40999984741211
2021-11-18,14.270000457763672,14.399999618530272,14.109999656677246,14.3100004196167,1745700,0.0,0,-0.0013956388133870012,0.8282339635513788,14.43057074546814,14.822388025752165,14.038753465184115,14.416745382167282,14.508779476631785,14.736550826175009,16.03889236591458,13.489999771118164
2021-11-19,14.210000038146973,14.289999961853027,14.0600004196167,14.220000267028809,1629700,0.0,0,-0.0062893186547021696,0.8230249362339572,14.40486569404602,14.780613000153178,14.029118387938862,14.411745744563522,14.508779476631785,14.756143999078038,15.865671034985425,13.529999732971191
2021-11-22,14.199999809265137,14.380000114440918,14.06999969482422,14.210000038146973,1821400,0.0,0,-0.0007032509630131578,0.8224461431549669,14.388947057724,14.769413609533709,14.00848050591429,14.411745744563522,14.508779476631785,14.729203068738752,15.543285244901291,13.619999885559082
2021-11-23,14.1899995803833,14.239999771118164,13.960000038146973,13.989999771118164,3325700,0.0,0,-0.015482073640972205,0.8097129714009081,14.366436910629272,14.783995125781514,13.94887869547703,14.317660543304768,14.508779476631785,14.71205925089442,15.42299242800431,13.539999961853027
2021-11-24,14.039999961853027,14.140000343322754,13.899999618530272,13.970000267028809,2176900,0.0,0,-0.0014295571419982167,0.8085554404396734,14.334599685668945,14.770898363310339,13.89830100802755,14.230000019073486,14.508779476631785,14.832067661877463,15.403745867115521,13.829999923706056
2021-11-26,13.699999809265137,13.720000267028809,13.010000228881836,13.210000038146973,2239600,0.0,0,-0.05440230596670381,0.7645681599778313,14.265252256393433,14.907675444125271,13.622829068661595,13.785000324249268,14.116966059902685,14.736550682470423,15.259394758895386,14.260000228881836
2021-11-29,13.260000228881836,13.329999923706056,12.93000030517578,13.029999732971191,3188900,0.0,0,-0.013626063940650135,0.7541501053429882,14.223642110824585,15.049094233826027,13.398189987823143,13.74500036239624,13.998593243854463,14.736550682470423,15.170050623171374,13.979999542236328
2021-11-30,12.890000343322754,12.970000267028809,12.710000038146973,12.93000030517578,3076300,0.0,0,-0.007674553326534106,0.7483623401433221,14.13784556388855,15.114531051885699,13.161160075891402,13.554999828338623,13.746542303325093,14.738999973097293,15.170050623171374,14.25
2021-12-01,13.119999885559082,13.420000076293944,12.520000457763672,12.529999732971191,2328300,0.0,0,-0.030935851721865082,0.7252111137544204,14.044294738769532,15.23895564476081,12.849633832778252,13.460000038146973,13.651542513133442,14.704711630970664,15.170050623171374,14.3100004196167
2021-12-02,12.649999618530272,13.239999771118164,12.630000114440918,13.149999618530272,3567600,0.0,0,0.04948123693312012,0.7610954567006348,13.97978458404541,15.220912382419588,12.738656785671232,13.450000286102295,13.651542513133442,14.7316526738375,15.170050623171374,14.239999771118164
2021-12-03,13.170000076293944,13.229999542236328,12.949999809265137,13.0600004196167,2133100,0.0,0,-0.0068440457432979995,0.7558864845799594,13.927918529510498,15.230907291406174,12.624929767614821,13.450000286102295,13.651542513133442,14.682669210336794,15.170050623171374,14.229999542236328
2021-12-06,13.220000267028809,13.75,13.210000038146973,13.529999732971191,2346400,0.0,0,0.035987695118947505,0.783089096931556,13.873101568222046,15.145507502795587,12.600695633648504,13.380000114440918,13.651542513133442,14.682669210336794,15.170050623171374,14.0
2021-12-07,13.56999969482422,13.800000190734863,13.510000228881836,13.579999923706056,1498700,0.0,0,0.0036955056704857103,0.7859830071297621,13.832540607452392,15.087712685286732,12.577368529618052,13.330000400543213,13.651542513133442,14.525923677554792,15.170050466544726,14.18000030517578
2021-12-08,13.539999961853027,13.829999923706056,13.470000267028809,13.789999961853027,1719300,0.0,0,0.015463920421706412,0.7981373858048303,13.806398248672485,15.04188004067783,12.57091645666714,13.175000190734863,13.651542513133442,14.525923677554792,15.170050466544726,14.3100004196167
2021-12-09,13.630000114440918,13.739999771118164,13.539999961853027,13.619999885559082,1517500,0.0,0,-0.012327779315751464,0.7882981242489776,13.757550811767578,14.939679862566855,12.5754217609683,13.175000190734863,13.651542513133442,14.503881196041892,15.170050466544726,13.989999771118164
2021-12-10,13.649999618530272,13.75,13.300000190734863,13.369999885559082,2134700,0.0,0,-0.018355359919280834,0.7738286284546937,13.705999994277954,14.860701112487213,12.551298876068696,13.175000190734863,13.651542513133442,14.464694768944295,15.170050466544726,13.84000015258789
2021-12-13,13.31999969482422,13.460000038146973,13.25,13.390000343322754,1887900,0.0,0,0.0014959205635651784,0.7749862146126745,13.653000020980835,14.762164738165513,12.543835303796158,13.175000190734863,13.651542513133442,14.383872651844573,15.170050466544726,13.470000267028809
2021-12-14,13.399999618530272,13.5600004196167,13.100000381469728,13.15999984741211,2389400,0.0,0,-0.017177034354994625,0.7616742497796253,13.586500024795532,14.644733512770296,12.528266536820768,13.230000019073486,13.641745763637008,14.39366936543681,15.170050466544726,13.1899995803833
2021-12-15,13.199999809265137,13.25,12.949999809265137,13.199999809265137,2356300,0.0,0,0.0030395108143479455,0.7639893668988408,13.528999996185302,14.538370592184735,12.519629400185869,13.389999866485596,13.641745763637008,14.39366936543681,15.170050466544726,13.229999542236328
2021-12-16,13.300000190734863,13.470000267028809,13.020000457763672,13.149999618530272,1622800,0.0,0,-0.0037878932922233988,0.7610954567006346,13.469999980926513,14.420826133632367,12.519173828220659,13.389999866485596,13.641745763637008,14.39366936543681,15.170050466544726,13.300000190734863
2021-12-17,13.140000343322754,13.390000343322754,12.9399995803833,13.25,5813200,0.0,0,0.00760459196734975,0.7668832770970466,13.416999959945679,14.288683552901785,12.545316366989573,13.384999752044678,13.597660753113118,14.39366936543681,15.170050466544726,
2021-12-20,12.93000030517578,12.989999771118164,12.3100004196167,12.489999771118164,4645100,0.0,0,-0.05735850784013852,0.7228959966352045,13.330499935150147,14.209675277193236,12.451324593107058,13.070000171661377,13.4350004196167,14.418160660118222,15.170050466544726,
2021-12-21,12.619999885559082,13.1899995803833,12.619999885559082,13.119999885559082,3008600,0.0,0,0.05044036236875904,0.7593591326604094,13.275999927520752,14.05926207680066,12.492737778240844,13.03000020980835,13.4350004196167,14.442652248883405,15.170050466544726,
2021-12-22,13.119999885559082,13.210000038146973,12.93000030517578,13.109999656677246,2873400,0.0,0,-0.0007622125738615537,0.7587803395814191,13.231999921798707,13.944858272094404,12.51914157150301,13.03000020980835,13.4350004196167,14.442652248883405,15.170050466544726,
2021-12-23,13.15999984741211,13.229999542236328,13.039999961853027,13.18000030517578,2041500,0.0,0,0.005339485151159451,0.7628318359376058,13.192499923706055,13.818824944132146,12.566174903279965,12.9350004196167,13.355000019073486,14.442652248883405,15.170050466544726,
2021-12-27,13.170000076293944,13.40999984741211,13.0,13.40999984741211,1677900,0.0,0,0.017450647717057288,0.7761437455739091,13.202499914169312,13.836046716527854,12.568953111810771,12.9350004196167,13.355000019073486,14.467660804147751,15.170050466544726,
2021-12-28,13.329999923706056,13.600000381469728,13.31999969482422,13.489999771118164,1743400,0.0,0,0.005965691619414404,0.7807739798123403,13.22549991607666,13.865764064440244,12.585235767713078,12.955000400543213,13.345000267028809,14.462762429399532,15.170050466544726,
2021-12-29,13.520000457763672,13.619999885559082,13.31999969482422,13.529999732971191,1675900,0.0,0,0.0029651565998294327,0.7830890969315559,13.255499887466431,13.893771477936772,12.61722829699609,12.96500015258789,13.345000267028809,14.460262610597653,15.170050466544726,
2021-12-30,13.550000190734863,13.789999961853027,13.529999732971191,13.619999885559082,1066100,0.0,0,0.006651896109692412,0.7882981242489775,13.309999895095824,13.871978517952636,12.748021272239013,13.050000190734863,13.275000095367432,14.460262610597653,15.003507975934687,
2021-12-31,13.56999969482422,13.65999984741211,13.489999771118164,13.539999961853027,1694000,0.0,0,-0.005873709572558505,0.7836678900105464,13.329499912261962,13.895010371793827,12.763989452730097,13.050000190734863,13.225000381469727,14.413220009968278,14.969220340246023,
2022-01-03,13.609999656677246,13.84000015258789,13.479999542236328,13.829999923706056,1967600,0.0,0,0.021418017922456567,0.800452502924046,13.36799988746643,13.959414868596555,12.776584906336305,13.230000019073486,13.075000286102295,14.369389747852637,14.934931985396389,
2022-01-04,13.920000076293944,14.300000190734863,13.90999984741211,14.260000228881836,2020400,0.0,0,0.031091851594208242,0.825340053353173,13.404499912261963,14.111573523827895,12.697426300696032,13.615000247955322,13.305000305175781,13.950983192075977,14.342288251663776,
2022-01-05,14.300000190734863,14.5,13.9399995803833,13.979999542236328,2336300,0.0,0,-0.01963539145521198,0.8091341783219178,13.424499893188477,14.17221187680168,12.676787909575275,13.75,13.40500020980835,13.871796803125353,14.302288289810747,
2022-01-06,14.079999923706056,14.270000457763672,13.970000267028809,14.25,1667600,0.0,0,0.019313338097612043,0.8247612602741825,13.447499895095826,14.264632440042893,12.630367350148758,13.75,13.40500020980835,13.650771065831858,14.172694879492283,
2022-01-07,14.350000381469728,14.489999771118164,14.109999656677246,14.3100004196167,1960400,0.0,0,0.004210555762575341,0.8282339635513789,13.481999921798707,14.380491026027103,12.58350881757031,13.90999984741211,13.40500020980835,13.555771275640208,14.009118405047376,
2022-01-10,14.329999923706056,14.34000015258789,14.09000015258789,14.239999771118164,1556700,0.0,0,-0.004891729311382487,0.8241824671951922,13.52549991607666,14.481150943351409,12.56984888880191,13.90999984741211,13.40500020980835,13.550771399617869,14.004220748611084,
2022-01-11,14.270000457763672,14.369999885559082,14.029999732971191,14.229999542236328,1290200,0.0,0,-0.0007022632754614122,0.8236036741162018,13.567499876022339,14.568885941761296,12.566113810283381,13.989999771118164,13.40500020980835,13.550771399617869,13.950339036800372,
2022-01-12,14.170000076293944,14.270000457763672,13.989999771118164,14.0,1513300,0.0,0,-0.01616300419080563,0.8102917644798987,13.609499883651733,14.609443282724317,12.609556484579148,13.989999771118164,13.40500020980835,13.51577131378718,13.950339036800372,
2022-01-13,14.039999961853027,14.300000190734863,14.029999732971191,14.18000030517578,1021000,0.0,0,0.012857164655412756,0.8207098191147417,13.658499908447265,14.669479232212659,12.647520584681871,13.989999771118164,13.40500020980835,13.490771456838328,13.9160511373694,
2022-01-14,14.140000343322754,14.350000381469728,14.010000228881836,14.3100004196167,1796100,0.0,0,0.009167849904309966,0.828233963551379,13.716499948501587,14.737291372570272,12.695708524432902,14.204999923706055,13.40500020980835,13.413271351934153,13.9160511373694,
2022-01-18,14.270000457763672,14.31999969482422,13.970000267028809,13.989999771118164,2315300,0.0,0,-0.022362029288263696,0.8097129714009084,13.753499937057494,14.757293977960455,12.749705896154534,14.21999979019165,13.40500020980835,13.413271351934153,13.881762735523388,
2022-01-19,14.0,14.100000381469728,13.84000015258789,13.84000015258789,1664900,0.0,0,-0.010721917153990401,0.8010312960030365,13.820999956130981,14.638256897915527,13.003743014346435,14.164999961853027,13.40500020980835,13.413271351934153,13.881762735523388,
2022-01-20,13.800000190734863,13.960000038146973,13.460000038146973,13.470000267028809,2042600,0.0,0,-0.026734095482643272,0.7796164488511058,13.838499975204467,14.608061062660033,13.068938887748901,13.974999904632568,13.40500020980835,13.413271351934153,13.881762735523388,
2022-01-21,13.350000381469728,13.489999771118164,13.1899995803833,13.1899995803833,2814700,0.0,0,-0.0207869844910753,0.7634105738198507,13.84249997138977,14.597408167198658,13.087591775580883,13.779999732971191,13.40500020980835,13.435872891355247,13.881762735523388,
2022-01-24,13.119999885559082,13.3100004196167,12.59000015258789,13.229999542236328,3343400,0.0,0,0.0030325976592535664,0.7657256909390662,13.844999933242798,14.59130531842664,13.098694548058956,13.480000019073486,13.40500020980835,13.515872815061302,13.881762735523388,
2022-01-25,13.109999656677246,13.324999809265137,12.8100004196167,13.300000190734863,1870746,0.0,0,0.005291054491352032,0.7697771872952529,13.839499950408936,14.60018737471918,13.078812526098691,13.470000267028809,13.40500020980835,13.515872815061302,13.881762735523388,
