Date,Open,High,Low,Close,Volume,Dividends,Stock Splits,daily_return,cum_return,middle_band,upper_band,lower_band,Conversion,Baseline,SpanA,SpanB,Lagging
2017-01-25,53.260940973485695,53.49697231595949,53.06122614101106,53.288177490234375,7117600,0.0,0,,,,,,,,,,52.06925582885742
2017-01-26,53.28817969861026,53.56052063636408,52.88874309110196,53.07030487060547,12382400,0.0,0,-0.004088573298811626,0.9959114267011884,,,,,,,,51.686256408691406
2017-01-27,50.610150269302544,51.37270693205968,50.51937111590399,50.94603729248047,28884900,0.0,0,-0.040027423684569574,0.9560476580723157,,,,,,,,51.2485580444336
2017-01-30,50.83710178553759,51.05497660262539,50.45582518438737,50.74632263183594,13322000,0.0,0,-0.003920121588612879,0.9522998350081636,,,,,,,,50.8290901184082
2017-01-31,50.65553065976154,50.71907674821717,49.820351518343536,50.129005432128906,14308000,0.0,0,-0.01216476717309467,0.9407153292363128,,,,,,,,50.32753372192383
2017-02-01,50.37412834095747,50.383204872168015,48.849014835354296,48.93071746826172,18796900,0.0,0,-0.023904084143252846,0.9182283908514002,,,,,,,,49.72568130493164
2017-02-02,49.05780160959645,49.375532094722345,48.88531637795449,48.90347290039063,15289700,0.0,0,-0.0005567988633879972,0.9177171223270435,,,,,,,,49.8168830871582
2017-02-03,49.21212801031093,50.020074231159015,49.03056624469277,49.9837646484375,14161700,0.0,0,0.022090286925987135,0.9379897568761392,,,,,,,,49.48859024047852
2017-02-06,49.93837046847425,50.61014794700768,49.8385147895189,50.59199142456055,13029800,0.0,0,0.01216848671565729,0.9494036727721091,,,,51.20476773585919,,,,49.734806060791016
2017-02-07,50.8746805505037,50.920274656463214,50.31842341341856,50.373138427734375,9910500,0.25,0,-0.004325842700865223,0.9452967018240732,,,,51.20476773585919,,,,49.97189331054688
2017-02-08,50.32754492612354,50.61023397177815,50.24547413729528,50.35490417480469,11681900,0.0,0,-0.0003619836583310665,0.9449545198657386,,,,50.11086088370699,,,,50.86555480957031
2017-02-09,50.36401627687401,51.175603170196055,50.345777939218685,50.89291763305664,11106800,0.0,0,0.010684430187460237,0.9550508204635692,,,,50.012309002775176,,,,50.89291763305664
2017-02-10,50.8199579621989,51.43093002254317,50.66493732931868,51.266788482666016,11179000,0.0,0,0.007346225506366544,0.9620668391607349,,,,50.13997242894874,,,,50.646705627441406
2017-02-13,51.52212755542563,51.66803078634979,51.09353529269514,51.16648864746094,8027900,0.0,0,-0.001956429067894283,0.9601846236313436,,,,50.25852281085204,,,,50.96586990356445
2017-02-14,51.08441450071758,51.62243328158157,51.08441450071758,51.59507751464844,8865900,0.0,0,0.008376358794923267,0.9682274745482481,,,,50.27667358215214,,,,50.929386138916016
2017-02-15,51.57683854492892,51.868644983996106,51.34886454699473,51.85040664672852,6967200,0.0,0,0.00494871108600603,0.9730189525853207,,,,50.449605614344435,,,,51.804813385009766
2017-02-16,51.94159295279251,51.96895219699581,51.54947741241313,51.73185729980469,8524500,0.0,0,-0.0022863725588797568,0.9707942687528597,,,,50.90373349325735,,,,52.18780517578125
2017-02-17,51.795691483277615,52.49785181229197,51.71362070511731,52.29723358154297,11008400,0.0,0,0.010928977060725265,0.9814040570467433,,,,51.37166297479362,,,,52.29723358154297
2017-02-21,52.35194587022765,52.71670563832517,52.34282844139834,52.47049331665039,8289200,0.0,0,0.0033129808833438634,0.9846554299265753,,,,51.48108988781023,,,,52.47049331665039
2017-02-22,52.45226203264609,52.75318592497017,52.29723789284905,52.49785614013672,7876600,0.0,0,0.0005214897317851186,0.9851689176226285,51.154347801208495,53.549326074736015,48.759369527680974,51.54948193209442,,,,53.03586196899414
2017-02-23,52.52520698077208,52.69846944303063,52.33370966011408,52.56168365478516,7178600,0.0,0,0.0012158118319740563,0.9863666976491672,51.11802310943604,53.40065876025031,48.83538745862177,51.70906162714442,,,,53.24561309814453
2017-02-24,52.53432273869012,52.62551093617662,52.11485146448141,52.415775299072266,7806200,0.0,0,-0.0027759452431393994,0.9836285977068369,51.085296630859375,53.270700098440074,48.899893163278676,51.91880021284388,,,,53.29120635986328
2017-02-27,52.196936876103045,52.25164841850009,51.668035442213416,51.777462005615234,7702400,0.0,0,-0.012177885184659787,0.9716500815796151,51.126867866516115,53.33185004763522,48.92188568539701,51.91880021284388,,,,53.18177795410156
2017-02-28,51.713624358476736,52.0327900643622,51.567721129062846,51.85952758789063,8750700,0.0,0,0.0015849672636811807,0.9731901151506719,51.18252811431885,53.40258933922568,48.96246688941202,52.05102523598245,,,,53.0905876159668
2017-03-01,52.22428323030546,52.342830681802326,51.92335588695352,52.105735778808594,7198000,0.0,0,0.004747598028167488,0.9778104306223933,51.281364631652835,53.480702240126156,49.08202702317951,52.151331668691654,,,,52.817012786865234
2017-03-02,52.04191123035005,52.15133779061426,51.84129297102599,52.08750534057617,6595400,0.0,0,-0.0003498739238576576,0.9774683202502424,51.43920402526855,53.37583276096893,49.50257528956817,52.16045352701651,51.20476773585919,,,52.908203125
2017-03-03,51.70449954670246,52.21515903744079,51.70449954670246,52.06925582885742,7735900,0.0,0,-0.0003503625600693727,0.9771258519471728,51.597493171691895,53.156149466128184,50.038836877255605,52.16045352701651,51.20476773585919,,,52.844383239746094
2017-03-06,51.77744460110623,51.80480384171592,51.36709425663295,51.686256408691406,9160000,0.0,0,-0.007355576992013613,0.9699385275122885,51.68261775970459,53.05198797526815,50.313247544141035,52.06014009080156,50.80110038016223,,,52.780540466308594
2017-03-07,51.5950795129723,51.75010016974045,51.084416479263005,51.2485580444336,10890300,0.0,0,-0.008468370407731851,0.9617247287885844,51.715446090698244,53.007116874896646,50.42377530649984,51.89144296114682,50.80110038016223,,,52.50697708129883
2017-03-08,51.202967380071335,51.38534381709136,50.64671020278063,50.8290901184082,13061600,0.0,0,-0.008184970310027295,0.9538530404370308,51.738243675231935,52.9469017261635,50.52958562430037,51.636110569478625,50.80110038016223,,,52.443145751953125
2017-03-09,50.83819668079168,50.88379078029972,49.98101578277723,50.32753372192383,17844200,0.0,0,-0.009867506880724797,0.9444408889973182,51.73687515258789,52.95190973198121,50.521840573194574,51.16192323228978,50.80110038016223,,,52.9629135131836
2017-03-10,50.50991231959699,50.51903322643174,49.62537220138978,49.72568130493164,13886400,0.0,0,-0.01195871071921828,0.9331465936143979,51.67851333618164,53.140142383024774,50.2168842893385,50.98410144159605,50.819251151462325,,,53.20912551879883
2017-03-13,49.76216807086925,50.044857103784366,49.60714740929503,49.8168830871582,9090200,0.0,0,0.0018340981929898525,0.9348580760955407,51.60601806640625,53.27381717743672,49.93821895537578,50.97498904554868,50.891876084831466,,,53.83833312988281
2017-03-14,49.80775240971513,49.917182420830606,49.415636899734864,49.48859024047852,7892900,0.0,0,-0.006589991712353971,0.928697369121844,51.522123146057126,53.42489708596225,49.619349206152,50.81539796858783,51.084411412352516,,,54.786720275878906
2017-03-15,49.59802027653764,49.83511517209589,49.324452186637885,49.734806060791016,8712000,0.0,0,0.0049752037614338995,0.9333178277659328,51.42910957336426,53.485898904399704,49.37232024232881,50.769805612039335,51.03881905580403,,,55.27002334594727
2017-03-16,50.01748740862687,50.14515575330025,49.844228444480194,49.97189331054688,8074300,0.0,0,0.00476702873770285,0.9377669806723034,51.33518390655517,53.477184422122804,49.19318339098754,50.564628014176904,51.03881905580403,,,55.72595977783203
2017-03-17,50.19075375682263,51.18472047817863,50.10868298244986,50.86555480957031,15822100,0.0,0,0.01788328277797757,0.9545373327675164,51.29186878204346,53.43508085061617,49.14865671347075,50.53727617818917,51.03881905580403,,,55.589168548583984
2017-03-20,50.947629167415386,51.111770727706045,50.61934604683405,50.89291763305664,7948400,0.0,0,0.0005379440682160563,0.9550508204635695,51.22165298461914,53.319565572085885,49.123740397152396,50.354898001864626,51.03881905580403,,,56.13632583618164
2017-03-21,51.11177106560131,51.47653086390467,50.60111152230529,50.646705627441406,8030600,0.0,0,-0.004837844184734097,0.9504304334056642,51.13046360015869,53.160023303581916,49.10090389673547,50.40049152527128,51.03881905580403,,,55.89923095703125
2017-03-22,50.77437256708241,51.102655703112994,50.61934842902024,50.96586990356445,8452100,0.0,0,0.006301777621447346,0.9564198346416426,51.053864288330075,52.98332460245256,49.12440397420759,50.40049152527128,51.03881905580403,,,54.76847076416016
2017-03-23,51.20295769994133,51.45828744638427,50.86555370230528,50.929386138916016,7357200,0.0,0,-0.0007158469916724863,0.9557351843802385,50.97224941253662,52.77206404168771,49.172434783385526,50.40049152527128,51.03881905580403,,,54.87789916992188
2017-03-24,51.16648548469586,52.32459383046077,50.974988158183855,51.804813385009766,15763000,0.0,0,0.017189039814968776,0.972163354517117,50.941701316833495,52.66053625837557,49.22286637529142,50.82452300854933,51.03881905580403,,,55.169700622558594
2017-03-27,51.66802475883773,52.38842339937595,51.48564487180683,52.18780517578125,8861800,0.0,0,0.007392976940677531,0.9793505357796337,50.9622184753418,52.73010351362601,49.19433343705759,50.85643779300692,51.03881905580403,,,55.25177764892578
2017-03-28,52.06925958427625,52.452257708560055,52.00542714333014,52.29723358154297,8331600,0.0,0,0.002096819465642108,0.9814040570467435,50.984103775024415,52.80647595052494,49.16173159952389,51.148243076520124,51.03881905580403,,,55.47064208984375
2017-03-29,52.133089313647744,52.75317883224936,52.09661611972356,52.47049331665039,7001600,0.0,0,0.0033129808833438634,0.9846554299265755,51.0023416519165,52.876384671746344,49.12829863208666,51.430930907349605,51.03881905580403,,,55.58006286621094
2017-03-30,52.3884167568037,53.16352683014645,52.36105751612352,53.03586196899414,8677900,0.0,0,0.010774982597016036,0.9952650750480917,51.049759483337404,53.07483862990048,49.024680336774324,51.88231917622587,51.24398950839217,,,55.57093811035156
2017-03-31,52.99028330149725,53.491825464314815,52.94468919189703,53.24561309814453,9156700,0.0,0,0.003954892432464163,0.9992012413616953,51.10857734680176,53.31123878693662,48.9059159066669,52.04646849331005,51.40813882547635,,,55.83648300170898
2017-04-03,53.1453031242994,53.31856560807418,52.789664205025424,53.29120635986328,8989000,0.0,0,0.0008562820308728458,1.0000568394298992,51.188824844360354,53.58077128182917,48.79687840689154,52.05558694666753,51.40813882547635,,,55.54347229003906
2017-04-04,53.227372061391385,53.26384873866621,52.89908892313278,53.18177795410156,6474800,0.0,0,-0.002053404552765703,0.9980033181627894,51.28548583984375,53.8322430939022,48.7387285857853,52.178689583310046,51.40813882547635,,,55.186370849609375
2017-04-05,52.85349270177134,54.04807774518442,52.71671038537298,53.0905876159668,13656200,0.0,0,-0.001714691415797831,0.996292050440198,51.39856071472168,54.053926243198276,48.74319518624509,52.51153295168414,51.68626496591115,,,54.87504959106445
2017-04-06,53.00851358385047,53.21824923901806,52.64375380527645,52.817012786865234,9112500,0.0,0,-0.005152981750371266,0.9911581756862397,51.52303466796875,54.19944789284969,48.84662144308781,52.76686130849562,51.68626496591115,,,55.35118865966797
2017-04-07,52.70758490402666,53.1179387748326,52.47961091786858,52.908203125,6773800,0.0,0,0.0017265334278322442,0.9928694434088312,51.68216075897217,54.28899118790133,49.075330330043,53.02675244425728,51.68626496591115,51.68261063143785,,54.92082595825195
2017-04-10,52.88997735208668,53.08147471108182,52.64376497111817,52.844383239746094,5266300,0.0,0,-0.001206238002510296,0.9916718065546603,51.833535766601564,54.33804044228879,49.329031090914334,53.072346932453996,51.68626496591115,51.68261063143785,,54.6919174194336
2017-04-11,52.65287558527479,53.03587022837623,52.32459247484092,52.780540466308594,5855100,0.0,0,-0.0012081278940820894,0.9904737401833867,51.99813327789307,54.28560388371404,49.7106626720721,53.18633511001267,51.68626496591115,51.430620235481896,,54.774322509765625
2017-04-12,52.780545205019344,52.79878354374837,52.415785387653706,52.50697708129883,5450300,0.0,0,-0.005183034932815578,0.9853400801879797,52.13674182891846,54.17915132098365,50.09433233685327,53.18633511001267,51.68626496591115,51.34627167065453,,56.18443298339844
2017-04-13,52.53433745358923,52.69847903792649,52.38843420957919,52.443145751953125,4871700,0.0,0,-0.0012156732856067887,0.9841422285752576,52.26030445098877,54.04386952359767,50.47673937837987,53.18633511001267,51.68626496591115,51.21860547482043,,56.06539916992188
2017-04-17,52.59815377571165,53.11793414051485,52.59815377571165,52.9629135131836,5626000,0.0,0,0.009911071385551251,0.9938961324562025,52.365172386169434,54.051328330086875,50.67901644225199,53.18633511001267,51.68626496591115,50.98151180622601,,55.99213790893555
2017-04-18,52.51608615046925,53.32767296236028,52.51608615046925,53.20912551879883,5449300,0.0,0,0.004648762488376645,0.9985165195141075,52.48098278045654,54.0604271911119,50.90153836980119,53.18633511001267,51.68626496591115,50.90167629652919,,56.66972732543945
2017-04-19,53.43709671980408,54.248686968096656,53.34590852402619,53.83833312988281,12000600,0.0,0,0.011825182333840223,1.0103241594207133,52.640564155578616,54.084135191367935,51.1969931197893,53.28663972146879,51.786569577367274,50.933432565190074,,57.59453201293945
2017-04-20,54.44931620862705,55.02381173526489,54.31253387849931,54.786720275878906,12445900,0.0,0,0.017615462642726065,1.0281214869080324,52.83160667419433,54.348356917707456,51.31485643068121,53.674202105052906,52.174131960951385,50.94990469047018,,57.96079254150391
2017-04-21,54.89614608295262,55.34297322529356,54.85055197353524,55.27002334594727,8800000,0.0,0,0.008821536818314657,1.037191098458492,53.0486385345459,54.655075527595436,51.44220154149637,53.83378285006724,52.59360083488688,50.90431233392168,,57.92417144775391
2017-04-24,55.62565067086485,55.97217209167688,55.52534156389767,55.72595977783203,10721300,0.0,0,0.008249253470203,1.0457471507267144,53.244695854187015,55.1319423264447,51.35744938192933,54.1483822832589,53.040427537063366,50.801723534990465,,58.24464797973633
2017-04-25,55.30648306969415,55.81714250438881,54.640796057570334,55.589168548583984,11031500,0.0,0,-0.0024547128446671396,1.0431801417635516,53.41476402282715,55.495685867838795,51.333842177815505,54.180303150628035,53.286641806991085,50.78804761699659,,58.372840881347656
2017-04-26,55.83539844986972,56.30958484494427,55.60742442215739,56.13632583618164,8525400,0.0,0,0.009842875903413706,1.0534480344438357,53.60671863555908,55.93616570629198,51.27727156482619,54.34900952726173,53.45534818362478,50.696858528834326,,59.12367630004883
2017-04-27,56.20015834365374,56.48284391199991,55.79892182815709,55.89923095703125,15285300,0.0,0,-0.004223555347072194,1.0489987383650978,53.77815551757813,56.24980994118623,51.30650109397003,54.49946503123458,53.55109617051008,50.71965529053765,,58.84897232055664
2017-04-28,54.175737018692914,54.87789730166243,53.79274239813149,54.76847076416016,25046100,0.0,0,-0.020228546502549904,1.0277790186049633,53.86478595733642,56.34785128277538,51.381720631897466,54.49946503123458,53.67419880715259,50.71965529053765,,58.74825286865234
2017-05-01,54.71375761877698,55.260893803521945,54.49490105771479,54.87789916992188,10910300,0.0,0,0.001998018280132907,1.0298325398720731,53.946400260925294,56.45013561200136,51.44266490984923,54.91437621801305,53.728916035091885,50.71965529053765,,58.1439323425293
2017-05-02,54.85053845668069,55.187938957552575,54.75022935351714,55.169700622558594,9152100,0.0,0,0.005317285410893602,1.0353084534119985,54.040324974060056,56.579771865661826,51.500878082458286,55.137793155065694,53.98424439190337,50.93167103217668,,56.99020767211914
2017-05-03,55.18794520852009,55.3247275185578,54.95085030535004,55.25177764892578,7706400,0.0,0,0.0014877192633093728,1.0368487017416066,54.14382495880127,56.7037419118154,51.58390800578714,55.137793155065694,54.24413552766502,50.94762842440547,,56.94441604614258
2017-05-04,55.30650051161071,55.48887695088512,55.06940557478182,55.47064208984375,6874300,0.0,0,0.003961219896102763,1.0409558874481937,54.262827682495114,56.83723260101593,51.6884227639743,55.137793155065694,54.289730015861736,51.09353106616207,,56.12033462524414
2017-05-05,55.58006286621095,55.61653954171359,55.24266231432957,55.58006286621094,6443300,0.0,0,0.0019725889631845295,1.043009265542936,54.400980186462405,56.94627941454054,51.85568095838427,55.137793155065694,54.40371819342042,51.234874981576816,,55.78153991699219
2017-05-08,55.689485558223424,55.689485558223424,55.35208502970335,55.57093811035156,5588400,0.0,0,-0.00016417318349093435,1.0428380313914012,54.53411693572998,57.03072904110226,52.037504830357705,55.137793155065694,54.40371819342042,51.56315434230902,,55.186370849609375
2017-05-09,55.47022413701932,55.92805033758394,55.46106565696347,55.83648300170898,5806600,0.25,0,0.004778484948915196,1.0478212172285613,54.683721923828124,57.114404770702876,52.25303907695337,55.137793155065694,54.40371819342042,51.7273036593932,,55.02154922485352
2017-05-10,55.74491692796582,55.83648076723985,55.13142802743279,55.54347229003906,7198400,0.0,0,-0.005247657014159524,1.0423226108683867,54.82186851501465,57.112752097692656,52.530984932336644,54.86039636785772,54.40371819342042,51.73186288607194,,55.06732940673828
2017-05-11,55.35118856188789,55.40612547068957,54.96661273559245,55.186370849609375,5516900,0.0,0,-0.006429224276166212,1.0356212850349948,54.955838203430176,56.98535937558125,52.926317031279105,55.21147569764936,54.40371819342042,51.7934142043932,,55.76322937011719
2017-05-12,55.19552653961093,55.25046694204894,54.78348574660454,54.87504959106445,5647500,0.0,0,-0.005641270729566883,1.0297790649928105,55.07743339538574,56.745947299375835,53.40891949139564,55.33913984555054,54.40371819342042,52.09889895879765,,54.81095504760742
2017-05-15,55.32371671228187,55.38781559422495,55.05818016908561,55.35118865966797,5904100,0.0,0,0.008676786119589108,1.0387142376901835,55.196847152709964,56.55235432247105,53.84133998294888,55.35576804209424,54.40371819342042,52.226563137203385,,54.90252304077149
2017-05-16,55.56178328345116,55.58009674907816,54.82926212305339,54.92082595825195,6303500,0.0,0,-0.007775130251712281,1.0306380991978343,55.28243217468262,56.2945220690725,54.27034228029274,55.35576804209424,54.40371819342042,52.35650870508422,51.44854629026936,54.490478515625
2017-05-17,54.91167553227185,55.232152475018566,54.52709970803908,54.6919174194336,7581200,0.0,0,-0.004167973347530496,1.0263424270694284,55.325111389160156,56.14108612180079,54.50913665651952,55.22757502281151,54.40371819342042,52.37930594918257,51.44854629026936,54.765174865722656
2017-05-18,54.69191365973342,54.88419981216308,53.90445209118936,54.774322509765625,8602400,0.0,0,0.0015067142316489424,1.027888831810839,55.32449150085449,56.14213656781968,54.5068464338893,54.91625121438665,54.43563906078955,52.436300037961914,51.44854629026936,54.60950469970703
2017-05-19,54.88420473221423,56.69719610251042,54.88420473221423,56.18443298339844,12531000,0.0,0,0.02574400574980018,1.0543508078071326,55.37021198272705,56.269661593987884,54.470762371466215,55.300824096849894,54.5428151560448,52.436300037961914,51.44854629026936,53.98686981201172
2017-05-22,55.88226798108765,56.51407040791891,55.88226798108765,56.06539916992188,6391600,0.0,0,-0.0021186262307163473,1.0521170325293354,55.38718395233154,56.32525196330004,54.44911594136304,55.300824096849894,54.60664112648983,52.436300037961914,51.44854629026936,54.18830108642578
2017-05-23,56.221050977258365,56.312614807413006,55.72659791137639,55.99213790893555,5622500,0.0,0,-0.0013067107711888237,1.0507422198703782,55.40733242034912,56.37896827307759,54.43569656762065,55.300824096849894,54.60664112648983,52.436300037961914,51.44854629026936,53.437477111816406
2017-05-24,56.22105959876774,56.77044964981707,55.7998568338307,56.66972732543945,7249300,0.0,0,0.012101509994240978,1.0634577873455104,55.43400249481201,56.5091617809796,54.35884320864442,55.33745087050322,55.058179086921626,52.436300037961914,51.466697061569455,53.39168548583984
2017-05-25,56.77959851849084,57.78681816079228,56.67887969790344,57.59453201293945,8931800,0.0,0,0.016319201294000996,1.0808125690448747,55.518767547607425,56.942477065075146,54.095058030139704,55.845635125990825,55.78978027946188,52.53660464941803,51.639626606394714,53.33675003051758
2017-05-26,57.69525252405813,58.07066984450557,57.65862908501524,57.96079254150391,6098000,0.0,0,0.00635929342185082,1.0876857733054555,55.67838363647461,57.41500578102521,53.941761491924005,55.987560967847465,55.93170612131853,52.92416703300215,52.174131960951385,53.05289840698242
2017-05-30,57.75019874272171,58.06152071005189,57.69525833921515,57.92417144775391,7094600,0.0,0,-0.0006318252760911802,1.0869985459414362,55.830697250366214,57.783193120711736,53.87820138002069,55.987560967847465,55.93170612131853,53.21369184247706,52.33371270596572,52.741580963134766
2017-05-31,57.93332603333604,58.24464797973633,57.75935333999987,58.24464797973633,7314600,0.0,0,0.005532690826168807,1.0930125728246252,55.9844446182251,58.17681824355104,53.792070992899156,56.07455003546285,56.018695188933904,53.59440491016113,52.64831213915738,53.14446258544922
2017-06-01,58.15308276701983,58.43693627033145,58.00657852178019,58.372840881347656,6058300,0.0,0,0.0022009387309873674,1.095418226529611,56.14049777984619,58.53901126447609,53.7419842952163,56.660570501272844,56.11483933423147,53.73347247880956,52.64831213915738,52.93386459350586
2017-06-02,58.49187738962866,59.22439862481221,58.32705967509526,59.12367630004883,7840400,0.0,0,0.012862752735083971,1.1095083203189657,56.32314949035644,59.02991719655831,53.61638178415458,57.4754982680943,56.508570511471845,53.90217885544325,52.81701851579108,53.01627731323242
2017-06-05,59.38005234987685,59.39836930861087,58.76656696387224,58.84897232055664,6808900,0.0,0,-0.004646260122562085,1.104353256054617,56.48659496307373,59.38432579016501,53.58886413598245,57.56248360999363,56.59555585337118,54.02528060087233,52.903648049318896,53.60228729248047
2017-06-06,58.80318976925369,58.922222049180746,58.6475305603016,58.74825286865234,5448400,0.0,0,-0.0017114904123674002,1.1024631660450128,56.64546070098877,59.671924468971824,53.61899693300572,57.599113071220785,56.65141069990011,54.086831919193585,52.903648049318896,53.45579147338867
2017-06-07,58.72079088865077,58.87645711914698,57.99742808579316,58.1439323425293,8365000,0.0,0,-0.010286612735091238,1.091122554401205,56.760833168029784,59.83122967364664,53.69043666241293,58.038624503257154,56.65141069990011,54.321646126552466,52.903648049318896,53.80373764038086
2017-06-08,58.08898777240779,58.21718204418244,56.788763023695736,56.99020767211914,11289300,0.0,0,-0.019842563513136624,1.0694718858148833,56.83316993713379,59.852635888630054,53.813703985637524,58.0935661661533,56.65141069990011,54.561018773484534,52.903648049318896,53.41001129150391
2017-06-09,57.1092337417963,57.20995605502206,56.65140758563293,56.94441604614258,11240500,0.0,0,-0.0008034998966842677,1.0686125652651244,56.92107219696045,59.843417847609835,53.99872654631107,58.024888447121896,56.65141069990011,54.69096434136536,52.903648049318896,53.30012130737305
2017-06-12,56.58731579729867,56.761291983169976,55.51600420044243,56.12033462524414,11071600,0.0,0,-0.014471680949905252,1.0531479451615477,56.983336448669434,59.7775554227049,54.18911747463397,57.457186754526646,56.65141069990011,54.713761585463715,52.903648049318896,53.20855331420898
2017-06-13,55.96467108699644,56.09286185811845,55.47937645548123,55.78153991699219,9384900,0.0,0,-0.006036933145789791,1.0467901614239816,57.00485401153564,59.75425373042501,54.25545429264627,57.43887288204605,56.65141069990011,54.770755674243055,52.903648049318896,53.13530731201172
2017-06-14,55.55262971572195,55.689978973599615,54.810953503405365,55.186370849609375,9703300,0.0,0,-0.01066964211221988,1.0356212850349948,57.018131256103516,59.729027535322814,54.30723497688422,57.10466140600812,56.65141069990011,54.770755674243055,52.903648049318896,53.08951568603516
2017-06-15,54.86588651079859,55.19552191191587,54.49046919128979,55.02154922485352,7516000,0.0,0,-0.0029866364143605884,1.0325282607936224,57.034612846374515,59.69163262802771,54.37759306472132,56.94441924995033,56.65141069990011,54.770755674243055,52.903648049318896,53.12614822387695
2017-06-16,54.83841632906282,55.08564287210468,54.453844035177504,55.06732940673828,11522400,0.0,0,0.0008320409463149492,1.03338736658483,57.04926319122315,59.658560494537326,54.43996588790897,56.68803304217913,56.65141069990011,54.63205728063907,52.903648049318896,53.6114501953125
2017-06-19,55.25961778455093,55.85479320770932,55.03986317715521,55.76322937011719,6778000,0.0,0,0.012637256443631895,1.046446547741972,57.02820301055908,59.67202841473883,54.38437760637933,56.66515057716224,56.65141069990011,54.80759694553489,52.903648049318896,53.05289840698242
2017-06-20,55.83648479172654,55.85479825948863,54.66445079844755,54.81095504760742,6985700,0.0,0,-0.017077101402955597,1.0285762739334094,56.96548080444336,59.75483160657912,54.1761300023076,56.33551303967997,56.65141069990011,54.871429019485475,52.903648049318896,54.4813232421875
2017-06-21,54.93914997906243,55.2230035114116,54.67360991585872,54.90252304077149,6027600,0.0,0,0.0016706148083815986,1.0302946286881927,56.91100006103515,59.81572012286174,54.006279999208566,55.831900045099786,56.65141069990011,54.87974311775733,52.903648049318896,49.44523239135742
2017-06-22,55.02155864006642,55.03071362813672,54.38975967510338,54.490478515625,5602000,0.0,0,-0.007505019848368377,1.0225622470502205,56.80203762054443,59.89432324604234,53.709751995046524,55.57552582913668,56.65141069990011,54.87974311775733,52.903648049318896,49.42691421508789
2017-06-23,54.71938944839346,55.094806817109166,54.55457521916867,54.765174865722656,6469500,0.0,0,0.00504118072699411,1.027717168142202,56.660569763183595,59.85324302024777,53.46789650611942,55.24131076661091,56.65141069990011,54.81564660811596,52.903648049318896,50.1136474609375
2017-06-26,54.95745356502399,55.07648934659441,54.32565471134064,54.60950469970703,5674600,0.0,0,-0.0028425028569215582,1.0247958791556504,56.49300537109375,59.74698582327456,53.239024918912946,55.09022648541463,56.86201200997576,54.6759451375881,52.903648049318896,50.754615783691406
2017-06-27,54.517949931246726,54.65529570857724,53.84952403468121,53.98686981201172,5652400,0.0,0,-0.011401584598123127,1.0131115822436494,56.29614028930664,59.65581750068433,52.936463077928956,54.85216114708492,56.62394667164604,54.921819626447345,53.01082414457415,50.98353576660156
2017-06-28,54.07842379312586,54.25239646526208,53.84035224921716,54.18830108642578,5419200,0.0,0,0.0037311160123836284,1.01689161909049,56.093322944641116,59.44768816497408,52.73895772430815,54.8475752543529,56.619360778914015,54.953732611669864,53.01082414457415,50.76376724243164
2017-06-29,54.17915335488182,54.18831183535295,53.0712147375824,53.437477111816406,7421200,0.0,0,-0.01385583160121362,1.0028017400596867,55.84655475616455,59.22013607153937,52.47297344078973,54.46300649853552,56.23479202309663,54.953732611669864,53.01082414457415,50.93773651123047
2017-06-30,53.73047585003175,53.97770238377274,53.37337202116241,53.39168548583984,8117100,0.0,0,-0.0008569196835537252,1.0019424195099276,55.5599552154541,58.73736753850923,52.38254289239897,54.46300649853552,56.23479202309663,55.19781497871242,53.047450918227476,50.14672088623047
2017-07-03,53.9319254623675,54.01433431457847,53.33675003051758,53.33675003051758,4575300,0.0,0,-0.0010289140494885718,1.0009115068777152,55.28434410095215,58.21707580124618,52.35161240065811,54.147109124497,56.23479202309663,55.81770770272635,53.55563517371508,49.42929458618164
2017-07-05,53.50156961656313,53.56566500465513,52.924707630798416,53.05289840698242,7773600,0.0,0,-0.005321877005493358,0.995584778944729,54.99957637786865,57.617545472443105,52.381607283294194,54.00975722395379,56.16153846970464,55.959633544583,53.69756101557172,48.81303405761719
2017-07-06,52.9247121560288,53.03458947459042,52.55845326317772,52.741580963134766,8886600,0.0,0,-0.0058680572258175134,0.9897426304887285,54.729458808898926,57.09389167339232,52.36502594440553,53.82663004014344,55.978411285894296,55.959633544583,53.957449144492884,48.914207458496094
2017-07-07,52.91554950073547,53.437471054447904,52.68663641602172,53.14446258544922,7278300,0.0,0,0.007638785469780585,0.9973030621133282,54.53717155456543,56.7542826718469,52.32006043728396,53.81747130488606,55.978411285894296,56.04662261219838,54.176665481093096,48.95100402832031
2017-07-10,53.272654991272205,53.42831421705199,52.878924194028926,52.93386459350586,4832100,0.0,0,-0.003962745725478833,0.9933510036669316,54.33664398193359,56.36175378284312,52.311534181024065,53.60687448587748,55.978411285894296,56.38770491775216,54.51902389631837,48.88661956787109
2017-07-11,53.02543230067805,53.18109503074838,52.67748339781805,53.01627731323242,5422300,0.0,0,0.0015568997344030944,0.9948975515807097,54.181441116333005,56.10832395900495,52.25455827366106,53.405424864219896,55.978411285894296,56.99203438978307,54.91275507355875,49.20853805541992
2017-07-12,53.30012035229263,53.75794650922956,53.126147670113696,53.60228729248047,7141900,0.0,0,0.011053397351642902,1.005894549542508,54.072478485107425,55.865524888796955,52.279432081417895,53.37338254926533,55.740337656179236,57.07901973168241,55.00885886881555,48.785438537597656
2017-07-13,53.84036382911972,53.904459221741554,53.2177198782759,53.45579147338867,8460200,0.0,0,-0.002733014326281369,1.00314542532788,53.98594951629639,55.72110480818027,52.2507942244125,53.286393788878094,55.717455191162344,57.12526188556045,55.13196150545807,48.47271347045898
2017-07-14,53.47410568500241,53.950241895972496,53.36422487360595,53.80373764038086,5441400,0.0,0,0.0065090452765141915,1.0096749443202673,53.925058937072755,55.5940832980152,52.25603457613031,53.286393788878094,55.387817653680074,57.34501760157863,55.18667873339736,48.88661956787109
2017-07-17,53.7762701908721,53.90446098029783,53.364225872762965,53.41001129150391,6774500,0.0,0,-0.007317825231930475,1.0022863195366725,53.842193031311034,55.43834373464138,52.24604232798069,53.25434757957511,54.88420465909989,57.3724884330267,55.44200709020885,50.08234405517578
2017-07-18,53.21771245793027,53.63891518449139,52.82398167647437,53.30012130737305,7857500,0.0,0,-0.002057479140588514,1.0002241363413285,53.71903762817383,55.0605365971396,52.37753865920806,53.25434757957511,54.65987262317385,57.338149573511004,55.7018982259705,49.74202346801758
2017-07-19,53.24518024286324,53.483248293243534,53.01626717817842,53.20855331420898,8203600,0.0,0,-0.0017179696953411039,0.9985057815865453,53.63891754150391,54.89799803269026,52.379837050317555,53.313862646895274,54.32565756064808,57.05429872721338,55.747492714167215,49.61325073242188
2017-07-20,53.48325619979283,53.876987008691714,53.10783885792839,53.13530731201172,10546700,0.0,0,-0.0013765832302322645,0.9971312552723234,53.55055675506592,54.68287982267688,52.41823368745496,53.313862646895274,54.20662576133317,57.04514179097308,55.86148089172589,49.99955749511719
2017-07-21,53.03457529497502,53.34589719177704,52.95216994778889,53.08951568603516,6717200,0.0,0,-0.0008617928133485275,0.9962719347225645,53.48050861358642,54.54195384660485,52.419063380568,53.313862646895274,54.20662576133317,56.878036052954116,55.86148089172589,50.03635025024414
2017-07-24,53.107834758256224,53.33674783911078,53.04373937505186,53.12614822387695,7442600,0.0,0,0.0006900145418247128,0.9969593768451349,53.39855728149414,54.28805719083423,52.509057372154054,53.38711178622343,54.20662576133317,56.79791497492522,55.86148089172589,49.76041030883789
2017-07-25,53.30928670344179,53.87699024385188,53.08952857876927,53.6114501953125,7933100,0.0,0,0.009134898494625565,1.0060664995558803,53.34865455627441,54.051373892372226,52.6459352201766,53.38711178622343,54.20662576133317,56.66972187103962,55.86148089172589,50.14672088623047
2017-07-26,53.84036002404039,53.87698695807487,52.90639416378118,53.05289840698242,8775900,0.0,0,-0.01041851668431304,0.995584778944729,53.301955986022946,53.95028171134469,52.653630260701206,53.38711178622343,54.20662576133317,56.658280638531174,55.86148089172589,50.45945358276367
2017-07-27,53.33675762785583,54.62782750110447,53.043749110021885,54.4813232421875,23286700,0.0,0,0.026924539056231378,1.0223904402092159,53.31660709381104,54.052707230701,52.58050695692107,53.72590458878942,53.89072838729466,56.49346186979004,55.86148089172589,50.523834228515625
2017-07-28,50.57148448778592,51.239910358368505,48.90499730514178,49.44523239135742,53454800,0.0,0,-0.09243701421206285,0.9278837205573194,53.116994857788086,54.96309555540965,51.27089416016652,51.76641240312313,51.99990206112547,56.24165537249995,55.86148089172589,50.707794189453125
2017-07-31,49.88474039732427,50.06787156880614,49.3994457618934,49.42691421508789,20299400,0.0,0,-0.00037047406561963037,0.9275399637029422,52.918756294250485,55.36560509268295,50.47190749581802,51.76641240312313,51.99990206112547,56.113468264518396,55.86148089172589,49.95357131958008
2017-08-01,49.967143239960365,50.16858785365498,49.41775328453015,50.1136474609375,18120900,0.0,0,0.013893912997708036,0.9404271232605281,52.75760116577148,55.4848116223201,50.030390709222864,51.76641240312313,51.990743325868095,55.94636073325551,55.86148089172589,49.18095016479492
2017-08-02,50.13197183579363,50.772929251916274,50.05871796289417,50.754615783691406,14764900,0.0,0,0.012790294764585486,0.9524554633716414,52.642687034606936,55.502375955747816,49.78299811346606,51.76641240312313,51.78014650685951,55.976119247695195,55.89340175909503,49.199344635009766
2017-08-03,50.94690882521672,51.38642164302257,50.81871802330719,50.98353576660156,13331500,0.0,0,0.00451032835881926,0.9567513502585989,52.55478477478027,55.50456128507005,49.6050082644905,51.76641240312313,51.76641240312313,55.738053909365476,55.89340175909503,49.686824798583984
2017-08-04,51.24906538431221,51.32231575918267,50.44329030311711,50.76376724243164,9179800,0.0,0,-0.004310578324265402,0.9526271986264625,52.435750007629395,55.472549410873775,49.398950604385014,51.76641240312313,51.76641240312313,55.73346801663345,55.95722772954006,49.245338439941406
2017-08-07,50.910264568067,51.212431492311794,50.74544688083096,50.93773651123047,7253900,0.0,0,0.0034270362159689594,0.9558918865364724,52.335943603515624,55.43197726426534,49.239909942765905,51.76641240312313,51.76641240312313,55.348899260816076,55.95722772954006,49.935176849365234
2017-08-08,51.09409911192532,51.12169507110093,49.99955530254287,50.14672088623047,11095300,0.25,0,-0.015529069000260742,0.9410477754736581,52.19246578216553,55.41389837463762,48.971033189693436,51.76641240312313,51.76641240312313,55.348899260816076,56.23479202309663,50.15592575073242
2017-08-09,50.063945578336806,50.063945578336806,49.02458655462936,49.42929458618164,16717700,0.0,0,-0.014306544622857298,0.9275846334816037,51.983816146850586,55.35182025501214,48.61581203868903,50.145709474082174,51.76641240312313,55.19095057379681,56.23479202309663,50.28468704223633
2017-08-10,49.22693838574288,49.43848870707279,48.73945301523068,48.81303405761719,13235300,0.0,0,-0.012467516150569069,0.9160199570826522,51.75167827606201,55.318222573140886,48.18513397898313,50.062937329126626,51.68364025816757,55.08564784682922,56.16153846970464,50.30308532714844
2017-08-11,48.79463432613198,49.116561450388566,48.79463432613198,48.914207458496094,9235000,0.0,0,0.0020726718351391504,0.9179185658481227,51.507201766967775,55.147945200386246,47.8664583335493,50.062937329126626,51.68364025816757,54.90252066301887,55.978411285894296,50.23870849609375
2017-08-14,49.30052012482836,49.30052012482836,48.91421175225487,48.95100402832031,7426500,0.0,0,0.0007522675258602174,0.9186090861765944,51.2842514038086,54.977905443023765,47.59059736459343,50.062937329126626,51.68364025816757,54.89794129539018,55.978411285894296,50.726192474365234
2017-08-15,49.1257623461999,49.13495866091445,48.64747328083771,48.88661956787109,6674600,0.0,0,-0.001315283756222363,0.9174008545672281,51.0635763168335,54.77663815279664,47.35051448087035,50.016947461930144,51.63765039097109,54.79264288588589,55.978411285894296,50.59741973876953
2017-08-16,48.987787929659206,49.59484638962089,48.97859161590861,49.20853805541992,7667100,0.0,0,0.0065850019983872965,0.9234419410278755,50.863575553894044,54.52289027778172,47.20426083000637,49.98489452001019,51.63765039097109,54.691918075057096,55.978411285894296,50.67100524902344
2017-08-17,49.04297743281271,49.46607804886722,48.73944995040986,48.785438537597656,7451700,0.0,0,-0.008598091602432079,0.9155021026293901,50.64608211517334,54.25565731846008,47.036506911886605,49.929952386574755,51.63765039097109,54.55686010272228,55.978411285894296,50.542236328125
2017-08-18,48.675063965168384,48.831429379271206,48.36234015437164,48.47271347045898,10370500,0.0,0,-0.00641021330366176,0.9096335388715849,50.41524200439453,53.95945615133939,46.87102785744967,49.742017612736284,51.49508382773806,54.501924490020215,55.978411285894296,50.707794189453125
2017-08-21,48.87741974445196,49.2269393515829,48.5646924135884,48.88661956787109,12753200,0.0,0,0.008538950427529945,0.9174008545672281,50.20326557159424,53.57466152865538,46.83186961453309,49.21314286635422,51.49508382773806,54.33710572127909,55.978411285894296,50.57902145385742
2017-08-22,49.19935041389859,50.34908281411519,49.10736971665837,50.08234405517578,14547600,0.0,0,0.024459136219157518,0.9398396870366594,50.026810264587404,53.00922220136329,47.044398327811514,49.355711484243415,51.49508382773806,54.0692761193375,55.978411285894296,50.128326416015625
2017-08-23,49.63164663305818,49.760416098472696,49.3465152478417,49.74202346801758,11838500,0.0,0,-0.006795220822397474,0.9334532688255924,49.86126651763916,52.497337251311215,47.2251957839671,49.355711484243415,51.49508382773806,53.95711010137448,55.978411285894296,49.40169906616211
2017-08-24,49.907581942985736,50.08234351149258,49.45688881186817,49.61325073242188,8716700,0.0,0,-0.00258881176553849,0.9310367340206763,49.61786289215088,51.16899517500059,48.066730609301175,49.355711484243415,51.49508382773806,53.81976010377168,55.978411285894296,49.493682861328125
2017-08-25,50.23870026333228,50.303084989724965,49.84319208194604,49.99955749511719,8601100,0.0,0,0.007786362654984336,0.9382861236768735,49.645579147338864,51.20324939165053,48.0879089030272,49.355711484243415,51.49508382773806,53.76024420411422,55.978411285894296,49.65924453735352
2017-08-28,50.16511970426589,50.201911979330525,49.686830654539065,50.03635025024414,6643700,0.0,0,0.0007358616149861774,0.9389765724191614,49.67605094909668,51.239313242076186,48.11278865611717,49.355711484243415,51.49508382773806,53.76024420411422,55.978411285894296,49.60404586791992
2017-08-29,49.70522540648376,49.935171856171,49.66843313244475,49.76041030883789,6212400,0.0,0,-0.005514789548522359,0.9337983142312769,49.6583890914917,51.20927562778721,48.10750255519619,49.355711484243415,51.49508382773806,53.7968687737783,55.978411285894296,50.22030258178711
2017-08-30,49.70522413516769,50.23869806027111,49.70522413516769,50.14672088623047,5596600,0.0,0,0.007763412218567689,0.9410477754736579,49.62799434661865,51.113509485720584,48.142479207516715,49.355711484243415,51.49508382773806,53.7968687737783,55.978411285894296,50.74458312988281
2017-08-31,50.29389184483349,50.57902672875872,50.19271483735341,50.45945358276367,8245300,0.0,0,0.00623635386335053,0.9469164824038305,49.601790237426755,51.00615323111416,48.19742724373935,49.57185957117356,51.49508382773806,53.7968687737783,55.978411285894296,50.60662078857422
2017-09-01,50.49624177732625,50.73538454127774,50.47784564029854,50.523834228515625,7696300,0.0,0,0.0012758886825112725,0.948124642427013,49.589793586730956,50.95747540539034,48.22211176807157,49.921377128968054,49.874380898697105,53.80831648804204,55.978411285894296,50.97452926635742
2017-09-05,50.54223245805365,50.77217891736353,50.2203053097971,50.707794189453125,9160500,0.0,0,0.0036410530543953268,0.9515768145522694,49.57829647064209,50.90320121902437,48.253391722259806,50.05934708260261,49.874380898697105,51.8831572321243,54.15168330687632,51.176876068115234
2017-09-06,50.69859562060684,50.8457612178582,49.788009584084215,49.95357131958008,11372300,0.0,0,-0.014873904138979932,0.9374231522317431,49.56863899230957,50.87941789559007,48.25786008902907,50.15132501486318,49.874380898697105,51.8831572321243,54.15168330687632,51.48041534423828
2017-09-07,50.054743908979766,50.293890193116,48.97859615648035,49.18095016479492,13801900,0.0,0,-0.01546678514419475,0.922924229746981,49.55622177124023,50.87682070945408,48.23562283302638,49.91217868716927,49.874380898697105,51.87857786449561,54.15168330687632,51.25046920776367
2017-09-08,49.107363948573465,49.46607985391398,48.794636632098886,49.199344635009766,11774500,0.0,0,0.00037401616181087505,0.9232694183250332,49.575537300109865,50.862607254987246,48.28846734523248,49.82019892497854,49.874380898697105,51.77327945499132,54.15168330687632,50.50544357299805
2017-09-11,49.4752745049518,49.788001788735045,49.30971279537808,49.686824798583984,9314100,0.0,0,0.009908265388302251,0.9324174167467011,49.61416816711426,50.86500365920416,48.36333267502435,49.82019892497854,49.842327956777154,51.76641240312313,54.15168330687632,50.13752365112305
2017-09-12,49.65004297701417,49.71442770998699,49.05218424102292,49.245338439941406,10339400,0.0,0,-0.00888538079123058,0.9241325329425311,49.628884887695314,50.85456767693817,48.40320209845246,49.82019892497854,49.787385823341715,51.76641240312313,54.15168330687632,50.78137969970703
2017-09-13,49.25453374640117,50.330685063071904,49.1993488385289,49.935176849365234,12787900,0.0,0,0.014008197146723633,0.9370779636536911,49.68131275177002,50.86400193423883,48.498623569301216,49.82019892497854,49.742017612736284,51.76641240312313,54.15168330687632,50.95614242553711
2017-09-14,50.01795996615106,50.32148749919396,49.76041751926375,50.15592575073242,8260800,0.0,0,0.004420709313458504,0.9412205129350517,49.728682136535646,50.907678379404516,48.549685893666776,49.82019892497854,49.60405068611492,51.76641240312313,54.15168330687632,50.192718505859375
2017-09-15,50.07313673331789,50.39506386239716,49.81559783701791,50.28468704223633,10744800,0.0,0,0.00256721991622344,0.9436368329814167,49.80364456176758,50.92164459230204,48.685644531233116,49.82019892497854,49.60405068611492,50.95606093860265,54.15168330687632,49.916786193847656
2017-09-18,50.40426232893119,50.5606277431512,50.192712010978376,50.30308532714844,6348400,0.0,0,0.0003658824583447906,0.9439820931456526,49.89516315460205,50.84822933975024,48.942096969453864,49.82019892497854,49.60405068611492,50.8732887936471,54.068911161920774,49.92597198486328
2017-09-19,50.44106253146224,50.47785481220287,50.18352358368781,50.23870849609375,5187100,0.0,0,-0.0012797789764983358,0.9427740047086539,49.962767601013184,50.80422917805901,49.12130602396736,49.67763218762504,49.60405068611492,50.8732887936471,54.068911161920774,49.81560134887695
2017-09-20,50.2019148056436,50.7537849278649,50.2019148056436,50.726192474365234,7080000,0.0,0,0.009703354104124484,0.9519220747165055,49.99496002197266,50.89984418895189,49.09007585499343,49.77421077998189,49.60405068611492,50.8732887936471,54.068911161920774,50.50544357299805
2017-09-21,50.63421201607596,50.74458533929057,50.45945396192745,50.59741973876953,7178500,0.0,0,-0.002538584689966261,0.9495055399115893,50.037729835510255,50.97146909155199,49.10399057946852,49.902984584443914,49.60405068611492,50.82729892645062,54.022921294724284,50.47784805297852
2017-09-22,50.63421297102312,50.77218225917195,50.45945491357872,50.67100524902344,6950000,0.0,0,0.0014543332571863576,0.9508864373961654,50.09061756134033,51.042044212677325,49.139190910003336,49.912183250097435,49.60405068611492,50.81127245549064,54.022921294724284,50.74458312988281
2017-09-25,50.56982878256952,50.79057894424007,50.31228985120787,50.542236328125,10242700,0.0,0,-0.002541274250739689,0.948469974177433,50.11775150299072,51.088213946188866,49.14728905979258,49.99496389138449,49.60405068611492,50.78380138877292,53.784847665009224,50.44104766845703
2017-09-26,50.64340946154272,50.79057505515287,50.40426317898592,50.707794189453125,8021900,0.0,0,0.003275633872892092,0.9515768145522696,50.15132369995117,51.154464880984655,49.148182518917686,50.27549823175191,49.7052268157233,50.61855072023717,53.61939863675931,50.707794189453125
2017-09-27,50.8181642122026,51.14008783087965,50.55142549461061,50.57902145385742,8671300,0.0,0,-0.0025395057634450824,0.9491602797473534,50.19225425720215,51.195053326581515,49.18945518782279,50.477842833948785,49.96736223148927,50.35411334704614,53.28976109927704,50.46865081787109
2017-09-28,50.413461278946734,50.66180386755684,50.08233782746659,50.128326416015625,7607500,0.0,0,-0.008910710901217422,0.940702586895606,50.1913345336914,51.194334861511216,49.18833420587159,50.61121282917312,49.96736223148927,50.425397655990736,52.78614810469685,51.53560256958008
2017-09-29,49.95357270266311,50.1007383039891,49.07977540973173,49.40169906616211,11944400,0.0,0,-0.014495344285449074,0.9270667790283417,50.13844680786133,51.19022330031427,49.086670315408384,50.10993162030569,49.96736223148927,50.425397655990736,52.56181606877081,52.03227996826172
2017-10-02,49.53967145674213,49.705233207196464,49.43849444160837,49.493682861328125,5956000,0.0,0,0.0018619561048462963,0.9287929366771537,50.08693923950195,51.1591005773821,49.014777901621805,50.10993162030569,49.96736223148927,50.425397655990736,52.22760100624504,52.63015365600586
2017-10-03,49.66844085294057,49.98116821347394,49.57646366225042,49.65924453735352,6137100,0.0,0,0.0033451072228605216,0.9318998486381742,50.034511756896975,51.082110885946875,48.986912627847076,50.10993162030569,49.96736223148927,50.425397655990736,52.108569206930134,53.26479721069336
2017-10-04,49.77880389760252,49.852388441913625,49.38329574369079,49.60404586791992,5569100,0.0,0,-0.001111548714601951,0.9308639965592826,50.017035484313965,51.08116430800437,48.95290666062356,50.10993162030569,49.96736223148927,50.425397655990736,52.108569206930134,52.75893020629883
2017-10-05,49.723620923273366,50.56062584934634,49.59484796574309,50.22030258178711,7994300,0.0,0,0.01242351713624501,0.9424286013720504,50.069003105163574,51.06321891008247,49.07478730024468,50.10993162030569,49.96736223148927,50.425397655990736,52.108569206930134,52.46458435058594
2017-10-06,50.13752461557665,51.0021255511098,49.898381840906445,50.74458312988281,10576300,0.0,0,0.010439613485838217,0.9522671917083737,50.14626502990723,51.09689110516133,49.19563895465312,50.10993162030569,49.96736223148927,50.425397655990736,52.108569206930134,52.096675872802734
2017-10-09,50.92854445104352,51.03892128563708,50.55143237127744,50.60662078857422,5822900,0.0,0,-0.0027187599700143616,0.949678205786799,50.192254829406735,51.138461643117324,49.24604801569615,50.10993162030569,49.96736223148927,50.53347169945581,52.108569206930134,52.3634147644043
2017-10-10,50.68019807999908,51.37003745590853,50.66180545096813,50.97452926635742,6573900,0.0,0,0.007269967289858403,0.9565823352787604,50.27871437072754,51.17733341106487,49.38009533039021,50.224906432820134,50.08233704400371,49.89787901383258,51.792671832891614,52.42813491821289
2017-10-11,51.011314360508216,51.32404164057659,50.82735651775552,51.176876068115234,8881900,0.0,0,0.003969566853682771,0.9603795528097013,50.34079933166504,51.30577204726824,49.375826616061836,50.224906432820134,50.08233704400371,49.966863990649856,51.7285734857404,52.92745208740234
2017-10-12,51.20447678121894,51.75635039855303,50.87335682126399,51.48041534423828,7234300,0.0,0,0.005931180240838607,0.9660757370370316,50.40702381134033,51.48828027604592,49.32576734663474,50.56982307112191,50.27549351532596,50.012852956780144,51.7285734857404,52.64080429077149
2017-10-13,51.50800812560623,51.90351632583851,51.1492922018385,51.25046920776367,6231100,0.0,0,-0.004466672130304494,0.961760593466645,50.4553129196167,51.59570656854805,49.31491927068535,50.64340603476465,50.3490764789687,49.893279792933185,51.719414750483026,52.52984619140625
2017-10-16,51.20447931239766,51.32405246170323,50.48704743397375,50.50544357299805,7256900,0.0,0,-0.014536952466627673,0.9477795254351448,50.46543083190918,51.60380969535166,49.327051968466705,50.64340603476465,50.47785028343071,49.84728991183782,51.50881793147444,52.94593811035156
2017-10-17,50.459450794288,50.79977056624687,49.93517315604979,50.13752365112305,11227300,0.0,0,-0.007284757757710314,0.9408751811846321,50.460371589660646,51.60367812160565,49.317065057715645,50.7491821457908,50.47785028343071,49.83126344087785,51.49508382773806,52.8349838256836
2017-10-18,50.09154026108455,50.983733724488495,49.870793605600056,50.78137969970703,8299500,0.0,0,0.012841799947364674,0.9529577120368456,50.463130950927734,51.6092840978451,49.31697780401037,50.88715496571928,50.491645867785124,49.803792374160125,51.49508382773806,52.52060317993164
2017-10-19,50.661811205745096,51.084911895608,50.496249456023975,50.95614242553711,5720200,0.0,0,0.003441472580373528,0.956237289873076,50.48106708526611,51.646341382024445,49.31579278850778,50.88715496571928,50.491645867785124,49.78110826885741,51.49508382773806,51.69765472412109
2017-10-20,50.87336164584221,50.956142520857625,49.83400255036089,50.192718505859375,11741100,0.0,0,-0.01498198025475217,0.9419109616773398,50.45715274810791,51.62551412030863,49.28879137590719,50.8687594380997,50.491645867785124,49.71212480554673,51.49508382773806,52.39114761352539
2017-10-23,50.37667918972755,50.533041124148255,49.83400531424108,49.916786193847656,10111100,0.0,0,-0.005497457006229056,0.9367328466618228,50.42588024139404,51.616967316111015,49.234793166677065,50.8687594380997,50.491645867785124,49.71212480554673,51.49508382773806,53.1771125793457
2017-10-24,50.00875284701854,50.18351439418206,49.68682922125053,49.92597198486328,7818500,0.0,0,0.00018402208387269248,0.9369052261922974,50.38678913116455,51.589689277017364,49.18388898531173,50.79517277354452,50.491645867785124,49.71212480554673,51.49508382773806,53.46375274658203
2017-10-25,49.889185900838335,50.027151672709095,49.35570842523196,49.81560134887695,8281200,0.0,0,-0.0022106857733243945,0.9348340231378008,50.34861812591553,51.573187731482946,49.12404852034811,50.62961237553523,50.491645867785124,49.64084143686998,51.49508382773806,53.00143051147461
2017-10-26,50.12833149476179,51.27806386849486,50.12833149476179,50.50544357299805,12211400,0.0,0,0.013847915220171148,0.9477795254351447,50.36747398376465,51.58947796479924,49.14547000273006,50.33988044346759,50.491645867785124,49.6891307330484,51.49508382773806,54.33292770385742
2017-10-27,50.43185946256333,50.69859469045328,50.29389018261319,50.47784805297852,9922600,0.0,0,-0.0005463870439953444,0.9472616709818829,50.42128143310547,51.55946539692448,49.28309746928646,50.31688614686341,50.491645867785124,49.753517635279415,51.49508382773806,54.869239807128906
2017-10-30,50.39506703680364,50.79977154343957,50.036351120446064,50.74458312988281,6430900,0.0,0,0.0052842006383539974,0.9522671917083736,50.4838264465332,51.54533755841654,49.42231533464986,50.31688614686341,50.491645867785124,49.75811696810618,51.49508382773806,54.81376266479492
2017-10-31,50.73537881024421,50.87334806801494,50.31227823251314,50.44104766845703,8857800,0.0,0,-0.005981632771499323,0.9465710790672272,50.522916603088376,51.51464288250278,49.531190323673975,50.31688614686341,50.491645867785124,49.7995072887497,51.49508382773806,54.684303283691406
2017-11-01,50.68019822841687,51.13089483249424,50.53303263480672,50.707794189453125,7189800,0.0,0,0.005288282724605242,0.9515768145522693,50.57810401916504,51.476659811941474,49.679548226388604,50.31688614686341,50.491645867785124,49.9903625237376,51.49508382773806,54.19424057006836
2017-11-02,50.72619325307199,50.94693990186737,50.37667363232381,50.46865081787109,16879000,0.0,0,-0.004716106772236217,0.9470890766928564,50.59052143096924,51.475573151832606,49.705469710105874,50.31688614686341,50.491645867785124,50.22260253271902,51.49508382773806,54.61958312988281
2017-11-03,49.81560392851707,52.372607593609054,49.71442691868312,51.53560256958008,28773800,0.0,0,0.021140881208799422,0.9671113743573716,50.6300724029541,51.60617855790222,49.65396624800598,50.86415800942051,50.72619150167039,50.289287530331194,51.49508382773806,54.80451202392578
2017-11-06,51.49880605397943,52.1426532766125,51.16768262022287,52.03227996826172,10835700,0.0,0,0.00963755877329775,0.9764319670680656,50.701355361938475,51.854467066463656,49.548243657413295,50.86415800942051,50.86415800942051,50.03864692589748,51.49508382773806,55.0079345703125
2017-11-07,51.81154471452264,52.6945383923896,51.81154471452264,52.63015365600586,11167400,0.0,0,0.011490438014802207,0.9876515980613325,50.784136581420896,52.21209505780453,49.35617810503726,51.20448265553636,51.025123408810785,50.03864692589748,51.49508382773806,55.202110290527344
2017-11-08,52.455384698832574,53.35677439010061,52.4277922467513,53.26479721069336,13533700,0.0,0,0.012058554091169293,0.9995612482797849,50.888532638549805,52.67962621318701,49.0974390639126,51.535600654391864,51.35624140766629,50.03864692589748,51.49508382773806,53.898345947265625
2017-11-09,52.61176457357897,53.03486532906038,52.23465242044024,52.75893020629883,14778900,0.0,0,-0.009497210744904061,0.9900682044524324,50.95245838165283,52.908984954035276,48.99593180927039,51.535600654391864,51.35624140766629,50.03864692589748,51.49508382773806,53.65792846679688
2017-11-10,52.75891553417288,52.786507986164,52.004691437643295,52.46458435058594,7930300,0.0,0,-0.005579071724197915,0.9845445429279445,51.01316413879395,53.076522769010964,48.94980550857693,51.535600654391864,51.35624140766629,50.03864692589748,51.49508382773806,53.639434814453125
2017-11-13,52.25304130950823,52.55656884979952,52.01389499659512,52.096675872802734,7648200,0.0,0,-0.007012511055547788,0.977640413435983,51.09272575378418,53.19441578327584,48.991035724292516,51.535600654391864,51.35624140766629,50.03864692589748,51.49508382773806,53.38053131103516
2017-11-14,51.940314066663774,52.42779950063851,51.885125646160894,52.3634147644043,7758200,0.0,0,0.005120075074517727,0.9826460057486578,51.20402030944824,53.32746046779915,49.08058015109733,51.535600654391864,51.35624140766629,50.03864692589748,51.49508382773806,53.24183654785156
2017-11-15,52.539092944778005,52.76101252520029,52.2524475549184,52.42813491821289,8880500,0.3,0,0.001235980390121405,0.9838605369421942,51.28635807037354,53.465449450273944,49.10726669047313,51.535600654391864,51.35624140766629,50.15362173841192,49.874380898697105,52.98292922973633
2017-11-16,52.63155813350034,53.0938873659898,52.47436788755414,52.92745208740234,8310200,0.0,0,0.009523840013923257,0.9932306672920443,51.3849235534668,53.67220153505205,49.09764557188155,52.262228505161744,51.35624140766629,50.15362173841192,49.874380898697105,52.8349838256836
2017-11-17,52.92744967165688,53.103133502159054,52.55758489163005,52.64080429077149,6310800,0.0,0,-0.005415862380027003,0.9878514666863683,51.5073278427124,53.78824240680006,49.22641327862474,52.584159552311625,51.35624140766629,50.42265829322393,50.05934527646234,52.95519256591797
2017-11-20,52.40039104948045,52.75176223726656,52.3171751777518,52.52984619140625,6360100,0.0,0,-0.002107834423508148,0.9857692393595737,51.63798084259033,53.83648882424607,49.43947286093459,52.620950018130756,51.35624140766629,50.496241256866675,50.13292824010507,53.45450973510742
2017-11-21,52.66854129749508,53.22333845049988,52.59457046013622,52.94593811035156,6284300,0.0,0,0.00792105724865766,0.9935775739385067,51.78897914886475,53.909007663504056,49.66895063422544,52.55423204833039,51.35624140766629,50.56062815909768,50.13292824010507,53.10313415527344
2017-11-22,52.77025801568454,52.87197101062365,52.5205998082773,52.8349838256836,7308500,0.0,0,-0.002095614670887591,0.9914954181978962,51.93994827270508,53.898571921591355,49.98132462381881,52.55423204833039,51.35624140766629,50.613516214610755,50.13292824010507,53.28806686401367
2017-11-24,52.88121943801737,52.88121943801737,52.437383772120135,52.52060317993164,3479000,0.0,0,-0.0059502364340487945,0.9855957860363427,52.04070625305176,53.897385366686386,50.18402713941713,52.55423204833039,51.35624140766629,50.68940041675221,50.13292824010507,54.28670501708984
2017-11-27,52.54834234754561,52.631558223335325,51.54970951056362,51.69765472412109,10580300,0.0,0,-0.01566905949254227,0.9701524270293402,52.10169658660889,53.82278830391693,50.380604869300846,52.38652398053175,51.35624140766629,50.68940041675221,50.13292824010507,54.4901237487793
2017-11-28,51.80861180263249,52.44662839032683,51.69765377632167,52.39114761352539,9734400,0.0,0,0.013414397482923723,0.983166437304535,52.184024810791016,53.790046013501545,50.578003608080486,52.38652398053175,51.35624140766629,50.68020265294241,50.13292824010507,55.11888885498047
2017-11-29,52.43738643199454,53.33430636975986,52.42814139834312,53.1771125793457,10017900,0.0,0,0.015001865804088688,0.9979157682600617,52.32082805633545,53.766090185354436,50.875565927316465,52.442007940161744,51.35624140766629,50.68020265294241,50.13292824010507,54.84149932861328
2017-11-30,53.297313938885374,53.75964317642226,53.14012369122307,53.46375274658203,11509200,0.0,0,0.005390292051089318,1.0032948256933705,52.4586259841919,53.7815171712413,51.1357347971425,52.65467634349294,51.55767580082711,50.64340932066482,50.13292824010507,54.721282958984375
2017-12-01,53.16786934116078,53.36204680003045,52.20622355348348,53.00143051147461,12756400,0.0,0,-0.0086473958777048,0.9946189381535471,52.58526496887207,53.55690841778895,51.61362151995519,52.65467634349294,51.73703504755269,50.56062912166018,50.13292824010507,55.31306838989258
2017-12-04,53.20484681970398,54.73053111027534,53.16785963601581,54.33292770385742,13302100,0.0,0,0.02512191047550205,1.0196056660750794,52.72513122558594,53.8475241497565,51.60273830141538,53.140120310419476,52.22247901447923,50.41576315562636,50.13292824010507,55.47949600219727
2017-12-05,54.78602039455181,55.183623862720985,54.471636338959726,54.869239807128906,11295600,0.0,0,0.009870848598379611,1.0296700392349565,52.8669792175293,54.28502277929282,51.44893565576578,53.366666686642304,52.44902539070205,50.40426600732427,50.13292824010507,55.84938049316406
2017-12-06,54.90623064451998,55.32232773505086,54.76753043857877,54.81376266479492,8458200,0.0,0,-0.00101107911334275,1.028628961364651,52.97615966796875,54.62467269273943,51.32764664319807,53.43601862280724,52.51837732686699,50.40426600732427,50.13292824010507,55.99732971191406
2017-12-07,54.66580969036288,54.81375490969881,54.33293206503398,54.684303283691406,6033800,0.0,0,-0.002361804313548155,1.0261995410466596,53.047134971618654,54.85553735029867,51.23873259293864,53.43601862280724,52.51837732686699,50.40426600732427,50.13292824010507,56.08978271484375
2017-12-08,54.11102115580633,54.416156656572056,53.72266271348596,54.19424057006836,9950500,0.0,0,-0.008961670611047134,1.0170030787785918,53.11890048980713,54.98939494033306,51.24840603928121,53.50999075568627,52.51837732686699,50.40426600732427,50.23410436971346,56.48738861083984
2017-12-11,53.9908150007347,54.87848640872287,53.898350551804,54.61958312988281,10286600,0.0,0,0.007848482704809312,1.0249850098531232,53.226650428771975,55.18128033530381,51.27202052224014,53.76427564426717,52.51837732686699,50.40426600732427,50.3490764789687,56.64457702636719
2017-12-12,54.54560876176713,54.88773143351855,54.434647197448506,54.80451202392578,6042900,0.0,0,0.0033857617258488126,1.0284553648690526,53.36204223632812,55.35995813803364,51.364126334622604,53.76427564426717,53.24500517763687,50.795174755545446,50.58362211285397,56.78327560424805
2017-12-13,54.96169882444253,55.377795846227016,54.83224720150784,55.0079345703125,7726300,0.0,0,0.003711784648277039,1.0322727697038117,53.49426822662353,55.55995362853196,51.42858282471511,53.79200969985525,53.46375267839532,50.86415800942051,50.58362211285397,57.042179107666016
2017-12-14,55.22984891535423,55.52573933781444,54.96169711772088,55.202110290527344,8945900,0.0,0,0.0035299583911234667,1.0359166496291559,53.63296699523926,55.765847370955626,51.50008661952289,54.34679948691513,53.53772442418904,51.11480303217357,50.744587512244244,56.24699020385742
2017-12-15,54.78601727941999,54.896975314116204,53.77813935209087,53.898345947265625,22595000,0.0,0,-0.02361801634756422,1.0114503532635004,53.68151168823242,55.79178382178253,51.57123955468231,54.6242010256502,53.53772442418904,51.44592103102907,51.07570551109975,55.98806381225586
2017-12-18,54.03703828838256,54.36067086070187,53.52847684878597,53.65792846679688,8751600,0.0,0,-0.004460572513745986,1.0069387056187147,53.73236789703369,55.78758480121338,51.677150992854,54.52710809330021,53.53772442418904,51.44592103102907,51.07570551109975,53.62094879150391
2017-12-19,53.7503963674455,54.16649337293679,53.56546397308358,53.639434814453125,7945700,0.0,0,-0.0003446583360966482,1.0065916557998849,53.78784732818603,55.76795800569621,51.80773665067586,54.52710809330021,53.53772442418904,51.44592103102907,51.07570551109975,52.72402191162109
2017-12-20,53.83361549858517,53.89834130719345,53.343544126889846,53.38053131103516,7188700,0.0,0,-0.004826738095088934,1.0017331015086368,53.809576988220215,55.7612837468933,51.85787022954713,54.43464173235215,53.53772442418904,51.44592103102907,51.07570551109975,52.88122177124024
2017-12-21,53.57471063507744,53.76889159507438,53.158617144222056,53.24183654785156,5974500,0.0,0,-0.0025982274768953095,0.9991303710397815,53.82991962432861,55.748411593021686,51.911427655635535,54.342178241018246,53.53772442418904,51.44592103102907,51.07570551109975,52.52984619140625
2017-12-22,53.23258743804633,53.54697145658943,52.81649042419632,52.98292922973633,7148700,0.0,0,-0.004862854756757629,0.9942717451623497,53.85303592681885,55.71767650691089,51.988395346726804,54.17111488100538,53.53772442418904,51.44592103102907,51.07570551109975,51.78087615966797
2017-12-26,52.95519041309274,53.24183580544004,52.75176442321451,52.8349838256836,5546200,0.0,0,-0.002792322097014077,0.9914954181978961,53.90990238189697,55.563401027363135,52.256403736430805,54.13875188051448,53.53772442418904,51.809234956414016,51.07570551109975,51.56820297241211
2017-12-27,52.88121819303052,53.30656378254887,52.87197316006571,52.95519256591797,4812200,0.0,0,0.0022751732191490515,0.993751242020289,53.9381046295166,55.502955356680985,52.37325390235222,54.13875188051448,53.53772442418904,51.97020047998896,51.07570551109975,50.5695686340332
2017-12-28,53.1401257006029,53.63019358218937,52.98293191970449,53.45450973510742,5044500,0.0,0,0.009429050202544476,1.003121372370139,53.95197448730469,55.494107750772905,52.40984122383647,53.82436986866536,53.53772442418904,51.98859571289852,51.07570551109975,51.42026138305664
2017-12-29,53.38977953968428,53.60245055626316,53.09388559564844,53.10313415527344,5365600,0.0,0,-0.0065733570764229254,0.9965274973985587,53.933943557739255,55.506950199034286,52.360936916444224,53.55621764195819,53.53772442418904,51.95523672799834,51.20447931556177,50.63003540039063
2018-01-02,53.58395728251466,53.8243669248122,53.14936668715108,53.28806686401367,7216000,0.0,0,0.003482519660694461,0.9999979240006719,53.94827537536621,55.491662543060926,52.40488820767149,53.45912889807565,53.53772442418904,51.95523672799834,51.20447931556177,49.988555908203125
2018-01-03,53.56547244502907,54.51786966478036,53.44526584058808,54.28670501708984,7478400,0.0,0,0.018740371190882232,1.0187382562865561,53.94596424102783,55.48715359134689,52.40477489070877,53.63481704399744,53.53772442418904,51.95523672799834,51.21827489991617,50.7415885925293
2018-01-04,54.54560452663086,54.93395938971544,54.30519134989954,54.4901237487793,5775900,0.0,0,0.0037471187766031644,1.0225555895351315,53.92700843811035,55.43077965839808,52.42323721782262,53.842861906464975,53.61169655706806,51.87138269409902,51.21827489991617,51.4853401184082
2018-01-05,54.78601126017221,55.19285969422012,54.61957246276808,55.11888885498047,6047700,0.0,0,0.011539065484600819,1.034354925444422,53.94226474761963,55.487782301510265,52.396747193729,53.972312058717314,53.86598144564896,51.87138269409902,51.21827489991617,51.75493240356445
2018-01-08,54.99868958746022,55.17437344039958,54.14800542296346,54.84149932861328,6335800,0.0,0,-0.00503256745790015,1.0291494645067116,53.95012454986572,55.512347297937694,52.387901801793745,53.972312058717314,53.86598144564896,51.89912467391402,51.21827489991617,52.05243682861328
2018-01-09,54.73977654977436,54.98943473450149,54.425392560928174,54.721282958984375,5233400,0.0,0,-0.00219206934713001,1.0268934975119512,53.97647666931152,55.57207118933042,52.380882149292624,54.03241642714291,53.86598144564896,52.106176072160025,51.41970929307699,52.60094833374024
2018-01-10,55.479507193656914,55.59971378021828,54.42539712134416,55.31306838989258,8656500,0.0,0,0.010814538675048446,1.03799887695595,54.01115093231201,55.69003276775524,52.332269096868785,54.29132284996139,54.175739101716395,52.19585569552281,51.41970929307699,52.50797271728516
2018-01-11,55.03566045745465,55.49798959080629,54.97093466096872,55.47949600219727,5806300,0.0,0,0.003008829868767604,1.0411220389806823,54.04490013122559,55.812017522883544,52.277782739567634,54.346799687933355,54.175739101716395,52.68129966244935,51.90515326000353,52.03384399414063
2018-01-12,55.84938049316406,55.95108997558673,55.15588654760636,55.84938049316406,6989100,0.0,0,0.006667048506571627,1.0480632501158273,54.08697242736817,55.980748422562094,52.19319643217424,54.550228331368906,54.35142719940062,52.907846038672176,52.13169963622636,52.15469741821289
2018-01-16,55.78465864341773,56.496642707504506,55.75691648506231,55.99732971191406,8040700,0.0,0,0.0026490753781611698,1.0508396486664648,54.1267333984375,56.14327716896102,52.11018962791398,54.97095427404629,54.62420356535951,52.97719797483711,52.20105157239129,51.50393295288086
2018-01-17,56.40416673610389,56.709305724661725,55.96033109325878,56.08978271484375,8433800,0.0,0,0.0016510252079040555,1.0525746114158783,54.236305236816406,56.42411293376581,52.048497539867,55.42865557381259,54.730535073938114,52.97719797483711,52.20105157239129,52.19188690185547
2018-01-18,56.801772645853845,56.8110176789606,56.16375954271908,56.48738861083984,9170900,0.0,0,0.007088740172474628,1.0600360393483488,54.37777824401856,56.7573793537252,51.998177134311916,55.47951155096203,54.78139105108755,53.01418404127663,52.20105157239129,53.149444580078125
2018-01-19,56.59834480774925,56.82950942813113,56.35793515456066,56.64457702636719,8361900,0.0,0,0.0027827169814889086,1.0629858196360338,54.52803535461426,57.07752665431209,51.97854405491643,55.48875742554729,54.79063692567282,53.14132648556708,52.20105157239129,52.59164810180664
2018-01-22,56.4411529633965,56.83875638139644,56.19149475716685,56.78327560424805,11945800,0.0,0,0.002448576459778362,1.0655886216910728,54.6981725692749,57.37118082376861,52.02516431478119,55.63207447116231,54.79526040230547,53.50464041095202,52.20105157239129,53.08437347412109
2018-01-23,56.70005646522721,57.24560509752849,56.533617660301935,57.042179107666016,10806800,0.0,0,0.0045595027877998184,1.070447175982321,54.888189697265624,57.65965907311509,52.11672032141616,55.83550110943632,54.9986847603715,53.62788118912529,52.366752135729485,52.21978378295898
2018-01-24,56.87575487239762,57.27335839409488,55.69219286955537,56.24699020385742,11911900,0.0,0,-0.013940366869710341,1.0555247496344822,55.05139274597168,57.73703869695012,52.36574679499324,56.1221465275318,55.01256140865469,53.942261955552084,52.4407238815232,52.92633438110352
2018-01-25,56.431899408278994,56.58909316597215,55.84936717260025,55.98806381225586,16225600,0.0,0,-0.004603382166105785,1.0506657658261316,55.20904674530029,57.718295381666756,52.69979810893383,56.214622470850614,55.01256140865469,54.080962724919615,52.4407238815232,52.98211288452149
2018-01-26,53.57471304395917,53.7873840789542,52.28943827356306,53.62094879150391,51851700,0.0,0,-0.04227892267697564,1.0062447491534232,55.24233455657959,57.64539238560515,52.83927672755404,54.78139833382897,54.78139833382897,54.03241625874462,52.4407238815232,53.01929473876953
2018-01-29,53.21408973042932,53.95381573824133,52.62230892417972,52.72402191162109,18899900,0.0,0,-0.016727172869886675,0.9894131192849182,55.205810165405275,57.73667874208066,52.67494158872989,54.78139833382897,54.78139833382897,54.03241625874462,52.4407238815232,53.01929473876953
2018-01-30,52.66855072573679,53.20485438358308,52.4651282411162,52.88122177124024,14341200,0.0,0,0.002981560471290612,0.9923631143311544,55.19471454620361,57.76443086339911,52.62499822900811,54.78139833382897,54.78139833382897,53.98618307827059,52.4407238815232,53.4283561706543
2018-01-31,52.91820103530777,53.12162701675634,52.42813320068196,52.52984619140625,13118400,0.0,0,-0.006644619168483135,0.9857692393595741,55.15680351257324,57.85837024589807,52.45523677924841,54.78139833382897,54.78139833382897,53.93995133260364,52.4407238815232,54.348724365234375
2018-02-01,52.03977941173278,52.16923103776519,51.67916315998757,51.78087615966797,14690100,0.0,0,-0.014257990191123171,0.9717141512140743,55.031512069702146,58.095209515637364,51.96781462376693,54.47626077704122,54.47626077704122,53.85441965259721,52.4407238815232,55.22262191772461
2018-02-02,51.68840956040154,52.07676442227061,51.503477162100594,51.56820297241211,15358900,0.0,0,-0.004107176298061788,0.9677231498837167,54.88541603088379,58.30094422271753,51.469887839050045,54.38841777809773,54.38841777809773,53.83823815235176,52.4407238815232,54.897239685058594
2018-02-05,51.34628186196418,52.02128209748995,50.45861060926936,50.5695686340332,16060000,0.0,0,-0.019365311971665022,0.9489828891840162,54.65795001983643,58.558164474264814,50.75773556540804,53.86598450168212,53.86598450168212,53.83823815235176,52.4407238815232,54.69270324707031
2018-02-06,49.64491517245957,51.836358426735046,49.52471210329098,51.42026138305664,17415100,0.0,0,0.01682222672650857,0.9649468945054469,54.4868881225586,58.63490064302708,50.33887560209011,53.05690263463157,53.399035248692925,53.6810471464272,52.4407238815232,55.19472885131836
2018-02-07,51.2064357223792,51.53182014090165,50.611441498414464,50.63003540039063,13927000,0.3,0,-0.015367988442905767,0.9501176017826694,54.282325744628906,58.75818494825563,49.80646654100218,51.739263920766156,53.399035248692925,53.54697103307362,52.4407238815232,54.85075378417969
2018-02-08,50.66721729223468,50.93682351979378,49.96996200839659,49.988555908203125,17736700,0.0,0,-0.012669939633946137,0.9380796691229333,54.016100120544436,58.838916044196615,49.19328419689226,51.739263920766156,53.399035248692925,53.49842666113234,52.4407238815232,54.199981689453125
2018-02-09,50.38831161898303,51.1878315108082,49.87699183010657,50.7415885925293,19382000,0.0,0,0.01506410158575111,0.9522109965541289,53.779204750061034,58.75590904371869,48.80250045640338,51.36478324343703,53.399035248692925,53.58627073409323,52.4407238815232,54.53466796875
2018-02-12,51.00190927851418,51.81072455563284,50.713709100954944,51.4853401184082,10969000,0.0,0,0.014657631865873544,0.9661681548002559,53.56100273132324,58.53819340855914,48.583812054087346,51.32316956002366,53.399035248692925,53.727279231766516,52.4407238815232,54.3580322265625
2018-02-13,51.36447115768083,51.80141892500898,51.15064663544594,51.75493240356445,10416400,0.0,0,0.005236292205436088,0.971227293578377,53.348882865905765,58.252948867680765,48.444816864130765,50.84697157052808,53.399035248692925,53.91914675218314,52.4407238815232,53.707252502441406
2018-02-14,51.56900603441483,52.712504365405294,51.40166446925291,52.05243682861328,14190300,0.0,0,0.005748329893062287,0.9768102284630116,53.14701557159424,57.9120923682255,48.381938774962975,51.11860823434814,53.399035248692925,53.91914675218314,52.4407238815232,52.34993743896485
2018-02-15,52.3964189511128,52.83336679711712,51.96876982964116,52.60094833374024,10294900,0.0,0,0.010537671981294183,0.9871035342385278,52.95269355773926,57.46462232132065,48.44076479415787,51.17903945020405,53.399035248692925,53.94919893639594,52.4407238815232,53.73514938354492
2018-02-16,52.6660190981516,53.03788646847613,52.37781896035037,52.50797271728516,10151300,0.0,0,-0.0017675654032921484,0.9853587641819403,52.745863342285155,56.925415718527184,48.566310966043126,51.281299285883556,53.399035248692925,54.23353097583889,52.6570703494507,53.41904830932617
2018-02-20,52.33133932798916,52.56375777920984,51.903690228884905,52.03384399414063,9450900,0.0,0,-0.00902965204345918,0.9764613174034045,52.508391761779784,56.256363541093236,48.76041998246633,51.457439149291346,53.399035248692925,54.26126939482488,52.6570703494507,53.82811737060547
2018-02-21,51.99665457856677,52.74969161388536,51.93157769795672,52.15469741821289,7851000,0.0,0,0.002322592658844602,0.9787292392908513,52.26401767730713,55.37449124354905,49.15354411106521,51.457439149291346,53.399035248692925,54.45082776538476,52.83275844713492,53.81881332397461
2018-02-22,52.01525286352147,52.19188961914661,51.37377563426705,51.50393295288086,10172400,0.0,0,-0.012477581072204202,0.966517065859863,52.0268648147583,54.548150158920784,49.50557947059581,51.457439149291346,53.399035248692925,54.7975789197029,53.10553481309381,52.284854888916016
2018-02-23,51.73634872290911,52.20118562591306,50.94612385994792,52.19188690185547,11394400,0.0,0,0.013357309035098242,0.9794271329962495,51.83705596923828,53.58179775877968,50.09231417969688,51.87579778471554,53.399035248692925,55.07959532387535,53.21186632167242,53.92107772827149
2018-02-26,52.45218929388308,53.316786132478846,52.35922334095992,53.149444580078125,8713800,0.0,0,0.018346868355675783,0.9973965536693087,51.81348075866699,53.47079727374235,50.15616424359163,52.13145499621338,53.399035248692925,55.13045130102479,53.262722298821856,54.69270324707031
2018-02-27,53.26101439200223,53.586398812833856,52.582352923964685,52.59164810180664,8821400,0.0,0,-0.010494869375936244,0.9869290071225403,51.80686206817627,53.45043235644811,50.163291779904434,52.26626133639088,53.399035248692925,55.13969717561005,53.271968173407124,54.98090744018555
2018-02-28,52.84265984239187,53.846705719514105,52.83336466465866,53.08437347412109,11541100,0.0,0,0.009368890120359685,0.996175436546867,51.817019653320315,53.48959535973334,50.14444394690729,52.39641478973101,53.399035248692925,55.21366743673389,54.00321950080966,54.2371711730957
2018-03-01,52.99141485951292,53.512033545371885,51.90369804625938,52.21978378295898,11127600,0.0,0,-0.016287084778039307,0.9799506427580279,51.80151653289795,53.45275839624689,50.150274669549006,52.39641478973101,53.399035248692925,55.41709293490391,54.39765730404606,54.57186126708984
2018-03-02,51.80142983512889,53.17734675479135,51.764242028710456,52.92633438110352,11555100,0.0,0,0.013530324083323997,0.9932096925402056,51.85878944396973,53.581886180718826,50.13569270722063,52.39641478973101,53.05690263463157,55.567353968093244,54.41153395232925,55.23191452026367
2018-03-05,52.833365214273606,53.38186936684299,52.69391272185563,52.98211288452149,7835400,0.0,0,0.0010538894119576092,0.9942564257190274,51.9294849395752,53.71467765428381,50.14429222486658,52.39641478973101,51.739263920766156,55.61359193975265,54.41153395232925,55.2412109375
2018-03-06,53.223824105997615,53.223824105997615,52.56375657084666,53.01929473876953,8046800,0.0,0,0.0007017812658600686,0.994954176252058,52.05197124481201,53.78184359321659,50.322098896407425,52.39641478973101,51.739263920766156,54.78139833382897,54.41153395232925,55.25051498413086
2018-03-07,52.63812862938703,53.149448501033206,52.63812862938703,53.01929473876953,7044100,0.0,0,0.0,0.994954176252058,52.13192291259766,53.88552372996969,50.37832209522563,52.39641478973101,51.68570891140254,54.78139833382897,54.41153395232925,55.07387924194336
2018-03-08,53.26101459745987,53.73514669056127,53.11226692644529,53.4283561706543,7434700,0.0,0,0.007715331444905882,1.0026305774943358,52.27183895111084,53.968809316833244,50.57486858538843,52.80547387411228,51.68570891140254,54.78139833382897,54.41153395232925,55.25051498413086
2018-03-09,53.61428128143894,54.506770740452126,53.61428128143894,54.348724365234375,9539600,0.0,0,0.017226212081845604,1.0199021044619965,52.489847373962405,54.07274360078812,50.90695114713669,53.13550638458129,52.01574142187155,54.78139833382897,54.41153395232925,55.62237930297852
2018-03-12,54.54395696245435,55.48292943168653,54.36732022746932,55.22262191772461,10550300,0.0,0,0.016079449199533524,1.0363015685391905,52.71389904022217,54.501230696369824,50.92656738407451,53.62358573019849,52.503820767488754,54.47626077704122,54.41153395232925,55.31559371948242
2018-03-13,55.50152910119516,56.43120294360572,54.74849201212987,54.897239685058594,10411400,0.0,0,-0.005892190942161313,1.0301954818236962,52.88449401855469,54.81724485976478,50.9517431773446,54.09772248615809,52.97795752344835,54.38841777809773,54.38841777809773,55.05528259277344
2018-03-14,55.1110535579028,55.52011223896365,54.58113985418632,54.69270324707031,6488500,0.0,0,-0.0037258055079215646,1.0263571738232815,53.03138256072998,55.04418742933964,51.018577692120324,54.09772248615809,52.97795752344835,53.86598450168212,53.86598450168212,53.92107772827149
2018-03-15,54.78567368316824,55.84550117743019,54.68340900452474,55.19472885131836,7377000,0.0,0,0.009179023424389587,1.0357781303635958,53.188497161865236,55.35738112026318,51.019613203467294,54.49747975722619,53.154097386856144,53.22796894166225,53.399035248692925,54.06982421875
2018-03-16,55.20403081850026,55.455043168168245,54.79497207988989,54.85075378417969,13030900,0.0,0,-0.006232027483371816,1.0293231325884944,53.30098743438721,55.568531887633874,51.033442981140546,54.49747975722619,53.154097386856144,52.569149584729544,53.399035248692925,53.744441986083984
2018-03-19,54.57185262705355,54.71130156883565,53.73514479066464,54.199981689453125,9350600,0.0,0,-0.011864414795230371,1.0171108159851385,53.38558788299561,55.65474450403796,51.11643126195326,54.534665786496376,53.154097386856144,52.569149584729544,53.399035248692925,53.65147399902344
2018-03-20,54.339437311142646,54.83216331741578,54.339437311142646,54.53466796875,5888400,0.0,0,0.006175025689390656,1.0233915014028039,53.51062908172607,55.742975587286395,51.27828257616575,54.771734935025506,53.572456022280335,52.38190924606498,53.399035248692925,55.20402908325195
2018-03-21,54.61833977488916,55.362078160411286,54.28365661479811,54.3580322265625,6569100,0.0,0,-0.0032389624575823728,1.0200767747503514,53.620795822143556,55.79053029578321,51.4510613485039,55.02274211252233,53.68866340177682,52.36110240435829,53.399035248692925,54.25576400756836
2018-03-22,53.94896611494179,54.59044326665136,53.68865860203002,53.707252502441406,6846500,0.0,0,-0.011972098647880847,1.007864314974628,53.73096179962158,55.66852429663304,51.793399302610126,55.059930772817864,53.68866340177682,52.123003409610504,53.399035248692925,53.52132034301758
2018-03-23,53.71655563045984,53.856008130974864,52.34993743896485,52.34993743896485,9476800,0.0,0,-0.025272472529009993,0.9823930917614623,53.73886432647705,55.65212874918173,51.82559990377237,54.390570191285285,53.68866340177682,52.258821741520535,53.399035248692925,54.04193878173828
2018-03-26,52.95422318497555,53.92108486823752,52.57305703724671,53.73514938354492,8444900,0.0,0,0.02646062273130889,1.0083878247364064,53.76814956665039,55.66205339223164,51.874245741069146,54.09771930819752,53.68866340177682,52.28903734944849,53.399035248692925,52.71250534057617
2018-03-27,54.01403889161471,54.38590977875685,53.12155301818191,53.41904830932617,7562900,0.0,0,-0.005882575517982103,1.0024559072059809,53.809519577026364,55.632903877003926,51.9861352770488,54.09771930819752,53.68866340177682,52.34016726728824,53.399035248692925,52.18258666992188
2018-03-28,53.45624641177989,54.01404930359397,53.195938868456565,53.82811737060547,9301900,0.0,0,0.007657737721393998,1.0101324516206263,53.846706771850585,55.639160244727606,52.05425329897356,53.90249030356655,53.68866340177682,52.428237198992136,53.399035248692925,53.62357711791992
2018-03-29,53.23311786299208,54.05123176365073,52.83336140945919,53.81881332397461,12015200,0.0,0,-0.0001728473349124071,1.0099578529184552,53.92665824890137,55.55516276051345,52.29815373728929,53.85600779968807,53.68866340177682,52.428237198992136,53.399035248692925,53.40976333618164
2018-04-02,53.47483619112409,53.67006683356311,51.48533487158595,52.284854888916016,16778300,0.0,0,-0.028502271609457064,0.9811717598804693,53.894584274291994,55.62390549883644,52.165263049747544,53.42370651599862,53.68866340177682,52.428237198992136,53.399035248692925,53.61429214477539
2018-04-03,52.57305007577991,53.96756070668348,52.48008411895591,53.92107772827149,10908200,0.0,0,0.03129439381311827,1.011876935332479,53.94153251647949,55.61886282838105,52.264202204577934,53.42370651599862,53.95826890759584,52.637416516704235,53.399035248692925,53.30589294433594
2018-04-04,53.2238171585765,54.82285699234474,53.1866293609485,54.69270324707031,7893100,0.0,0,0.014310276265013355,1.026357173823282,54.025202941894534,55.6766410048921,52.37376487889697,53.154095931965344,53.95826890759584,52.76524512245315,53.399035248692925,53.875953674316406
2018-04-05,54.85075367685476,55.1017660260316,54.72059991352398,54.98090744018555,6305100,0.0,0,0.005269518162474007,1.0317655815919293,54.123283576965335,55.7568182477577,52.48974890617297,53.29355044880877,53.95826890759584,52.832648292541904,53.399035248692925,53.52083206176758
2018-04-06,54.64622637999192,54.980909524918005,54.00475271649972,54.2371711730957,8264500,0.0,0,-0.01352717337193765,1.0178087096905373,54.1637243270874,55.76584866481104,52.56159998936376,53.29355044880877,53.95826890759584,52.89772501921197,53.399035248692925,53.38999938964844
2018-04-09,54.42311357778415,55.194741107799686,54.3115501509864,54.57186126708984,8023800,0.0,0,0.006170861915456127,1.024089466694386,54.17488117218018,55.78517896143182,52.56458338292854,53.34003798969282,53.95826890759584,52.89772501921197,53.399035248692925,52.93208312988281
2018-04-10,54.95301311881561,55.30629011874248,54.729889869802925,55.23191452026367,6545000,0.0,0,0.012095120779248347,1.0364759524828107,54.17534580230713,55.786870759125875,52.56382084548838,53.395812495164215,53.95826890759584,52.72665871218129,53.399035248692925,53.408687591552734
2018-04-11,55.02738640670683,55.51081716840505,54.85074967598826,55.2412109375,5508000,0.0,0,0.00016831604185862936,1.0366504080126142,54.1925443649292,55.84183224257067,52.54325648728773,53.498076019995494,53.95826890759584,52.06783935524858,53.399035248692925,53.455413818359375
2018-04-12,55.46433953552607,55.89198863831649,55.24121626000437,55.25051498413086,6088200,0.0,0,0.0001684258268954686,1.0368250067147853,54.220434951782224,55.92123959992048,52.519630303643964,53.68866175495122,53.95826890759584,52.06783935524858,53.399035248692925,53.41803741455078
2018-04-13,54.85075596234783,55.36207585949165,54.8135681580112,55.07387924194336,6689800,0.0,0,-0.003196997208772312,1.0335102800623328,54.214392471313474,55.90197325535272,52.526811687274225,54.1860363786362,53.95826890759584,52.04106185056678,53.399035248692925,53.58625030517578
2018-04-16,54.97161354954685,55.49222861505723,54.70200729266518,55.25051498413086,6119200,0.0,0,0.003207250780565607,1.0368250067147853,54.23438053131103,55.96108143624359,52.507679626378476,54.539308999632496,53.95826890759584,52.24559139275741,53.399035248692925,53.23112869262695
2018-04-17,55.548003704521705,55.780422130063634,55.222619327332495,55.62237930297852,6139600,0.0,0,0.006730513171768093,1.0438033710792978,54.3055004119873,56.135890905220066,52.47510991875454,54.94837067740811,53.95826890759584,52.57562390322642,53.399035248692925,53.7264289855957
2018-04-18,55.52941827803724,55.6223877902943,55.259812012128194,55.31559371948242,5914200,0.0,0,-0.005515506300530992,1.0380462670095945,54.344546699523924,56.22599220714128,52.46310119190657,54.94837067740811,53.95826890759584,53.06370324884362,53.399035248692925,53.90399169921875
2018-04-19,55.24121451233098,55.30629493988498,54.59974087843974,55.05528259277344,6280100,0.0,0,-0.004705926651155212,1.0331612974165418,54.37940921783447,56.28650668010885,52.47231175556009,55.10176939465144,53.68866175495122,53.53784000480322,53.399035248692925,54.12827682495117
2018-04-20,54.87864055996961,55.01809304162954,53.73514226819955,53.92107772827149,12037600,0.0,0,-0.020601199577728102,1.0118769353324792,54.39010047912598,56.284218711773725,52.49598224647823,54.81356545325802,53.68866175495122,53.53784000480322,53.399035248692925,53.48345184326172
2018-04-23,53.93037174010324,54.59973796332952,53.63287642898575,54.06982421875,8444400,0.0,0,0.0027585963920844225,1.0146682953955208,54.476094818115236,56.130468929157196,52.821720707073275,54.76243253365112,53.68866175495122,53.82578857204116,53.399035248692925,53.71708679199219
2018-04-24,54.36732171046157,54.53466327297997,53.59569432455918,53.744441986083984,7793600,0.0,0,-0.006017815618368227,1.0085622086800266,54.476559448242185,56.13009687173153,52.82302202475284,54.74384148143784,53.68866175495122,53.82578857204116,53.399035248692925,52.96011734008789
2018-04-25,54.17209260230157,54.17209260230157,53.26101270638291,53.65147399902344,8367400,0.0,0,-0.0017298158400196328,1.0068175817958067,54.48818073272705,56.114578311236365,52.86178315421774,54.52071741822327,53.68866175495122,53.84438158667626,53.399035248692925,53.18440246582031
2018-04-26,54.023342977744704,55.94776738495069,53.781625813177634,55.20402908325195,14516600,0.0,0,0.028937789933912716,1.0359526574795836,54.556976318359375,56.182260786395986,52.931691850322764,54.6043900456668,53.71655112826832,54.17209547865292,53.399035248692925,53.33393096923828
2018-04-27,53.98615775208042,54.832160775585486,53.45624396518297,54.25576400756836,11975200,0.0,0,-0.017177461345322054,1.0181576207501444,54.57882385253906,56.17500489790818,52.98264280716994,54.6043900456668,53.71655112826832,54.35570275714957,53.399035248692925,52.0349235534668
2018-04-30,54.28365257474432,54.39521243766372,53.41905565766475,53.52132034301758,7854600,0.0,0,-0.01353669380544209,1.0043751327923722,54.64064712524414,55.94236482552123,53.338929424967056,54.6043900456668,53.71655112826832,54.37429708729734,53.399035248692925,53.427371978759766
2018-05-01,53.61428614008026,54.15349864431581,53.400461592463294,54.04193878173828,7257500,0.0,0,0.009727309329890632,1.0141450003922936,54.64669017791748,55.93591737489749,53.35746298093746,54.6043900456668,53.71655112826832,54.03961679653105,53.399035248692925,53.39934539794922
2018-05-02,53.976862280112606,54.00475135934752,52.55445894992207,52.71250534057617,7299100,0.0,0,-0.024600032329175958,0.989197000596171,54.54768028259277,56.089900357329014,53.00546020785653,54.25111316743638,53.71655112826832,53.89319135498717,53.399035248692925,52.89469528198242
2018-05-03,52.54515885171909,52.59164182823241,51.6340790356476,52.18258666992188,7152400,0.0,0,-0.010052997239089256,0.9792526058802623,54.40776424407959,56.249587303919654,52.56594118423952,53.79092321029914,53.71655112826832,53.89319135498717,53.399035248692925,52.78255844116211
2018-05-04,52.56374971046914,53.85599553346346,52.51726673664514,53.62357711791992,9279200,0.0,0,0.027614392845508817,1.006294072034028,54.3770845413208,56.249771962836014,52.50439711980558,53.79092321029914,53.71655112826832,53.79557685267169,53.399035248692925,52.78255844116211
2018-05-07,54.84146191483297,54.88794489799972,53.24242175964191,53.40976333618164,10630600,0.0,0,-0.003987309188048016,1.0022816664347285,54.31897964477539,56.235963144627874,52.401996144922904,53.79092321029914,53.71655112826832,53.77233560073245,53.399035248692925,52.53023147583008
2018-05-08,53.40976629821412,53.65147995194089,52.991412333663455,53.61429214477539,7234000,0.0,0,0.003829427352193493,1.0061198312627757,54.238098526000975,56.130256441171454,52.345940610830496,53.79092321029914,53.79092321029914,53.55618495888772,53.399035248692925,53.287200927734375
2018-05-09,53.67036113120963,53.847921550079874,53.07225912557392,53.30589294433594,7015300,0.3,0,-0.005752182638291248,1.0003324462373455,54.14133262634277,56.01607289676737,52.26659235591818,53.26101196682366,53.79092321029914,53.69098771179723,53.399035248692925,53.37130737304688
2018-05-10,53.436721006089904,53.92267971956058,53.28719552232729,53.875953674316406,6565800,0.0,0,0.010694140900626925,1.0110301423648764,54.07260456085205,55.87843917873825,52.26676994296585,53.26101196682366,53.79092321029914,53.55618241978059,53.399035248692925,53.47410583496094
2018-05-11,53.94137362049712,54.07220797988656,53.33392430622457,53.52083206176758,5843400,0.0,0,-0.006591467776061344,1.0043659697608516,53.99495220184326,55.7543574932408,52.23554691044572,53.26101196682366,53.79092321029914,53.625909678202305,53.399035248692925,53.67036056518555
2018-05-14,53.60494206757656,53.74512021493714,53.25916502612428,53.38999938964844,5871800,0.0,0,-0.0024445186496381277,1.0019107784167094,53.90192642211914,55.57995161865491,52.22390122558337,53.26101196682366,53.79092321029914,53.625909678202305,53.399035248692925,48.80142593383789
2018-05-15,53.26851643566106,53.36196854727967,52.661067015231495,52.93208312988281,7415800,0.0,0,-0.008576817100589995,0.9933175729191195,53.767411613464354,55.2952550371532,52.23956818977551,53.26101196682366,53.79092321029914,53.64915344864433,53.399035248692925,47.3061752319336
2018-05-16,53.10963661563071,53.57690421112997,53.072254352398254,53.408687591552734,4843900,0.0,0,0.009004075288336022,1.0022614791309103,53.67206630706787,55.02814205209891,52.31599056203684,53.702605817322436,53.79092321029914,53.67704070138002,53.05690263463157,47.88559341430664
2018-05-17,53.45541381835937,53.59559195850052,53.2498149348564,53.455413818359375,6110100,0.0,0,0.0008748806404677012,1.0031383382956884,53.59207286834717,54.790283742194305,52.39386199450003,53.77450595661561,53.79092321029914,53.728172463795666,52.97795752344835,47.34355545043945
2018-05-18,53.52083686757858,53.63298010498652,53.137677538546285,53.41803741455078,7786000,0.0,0,-0.0006992070800461159,1.0024369368672863,53.566920852661134,54.75746242956203,52.376379275760236,53.366637497559026,53.79092321029914,53.823465331273525,52.97795752344835,47.08188247680664
2018-05-21,53.64232370244245,54.03482678840212,53.511485775486896,53.58625030517578,5379300,0.0,0,0.0031489904677624025,1.0055936012260143,53.54274215698242,54.71063112860836,52.37485318535648,53.366637497559026,53.79092321029914,54.07215264311602,52.97795752344835,46.57723617553711
2018-05-22,53.73577859941405,53.84792183482146,53.1844026416213,53.23112869262695,5355600,0.0,0,-0.006627103231265474,0.9989294286219894,53.51707649230957,54.68870290708732,52.34545007753182,53.366637497559026,53.79092321029914,54.24878895361417,52.97795752344835,45.36235046386719
2018-05-23,53.08159743079013,53.80118994609895,53.04421516805411,53.7264289855957,5339900,0.0,0,0.009304711456125103,1.008224178720349,53.52082424163818,54.69464757888747,52.34700090438889,53.366637497559026,53.79092321029914,54.45331979250197,52.97795752344835,45.652042388916016
2018-05-24,53.67970167814689,53.96006509572895,53.380650693363705,53.90399169921875,5681600,0.0,0,0.0033049416641974805,1.0115563008154531,53.45582237243652,54.36004649786722,52.55159824700582,53.34794690181681,53.79092321029914,54.45331979250197,52.97795752344835,45.84830474853516
2018-05-25,53.9039903743608,54.55816572435897,53.81053828077628,54.12827682495117,6783800,0.0,0,0.004160825917752353,1.0157652104891517,53.44944801330566,54.332343049233465,52.56655297737786,53.60961636979523,53.79092321029914,54.39521557480133,52.97795752344835,45.57728576660156
2018-05-29,53.92268455084192,54.09090118076757,53.27785294780392,53.48345184326172,6475900,0.0,0,-0.011912904299074434,1.0036644967462651,53.44755458831787,54.32998220266768,52.56512697396806,53.80119044620654,53.79092321029914,54.25111360410462,52.97795752344835,45.4277572631836
2018-05-30,53.67036074157284,53.885303425477154,53.408692007249165,53.71708679199219,5762400,0.0,0,0.004368359570641633,1.0080488641563399,53.431311988830565,54.28035156206411,52.58227241559702,53.80119044620654,53.79092321029914,54.225547144301174,53.154097386856144,45.77354049682617
2018-05-31,53.43673237187136,53.70774848288788,52.84797409465569,52.96011734008789,9433000,0.0,0,-0.01409178153751145,0.9938436597835122,53.44369258880615,54.25650960419748,52.63087557341482,53.703069909507335,53.79092321029914,54.21625161819453,53.154097386856144,46.63331604003906
2018-06-01,53.11898528163479,53.29654570085703,52.90404259574393,53.18440246582031,4967700,0.0,0,0.004234981661618287,0.998052569457211,53.49378337860107,54.07906879119202,52.908497966010124,53.703069909507335,53.79092321029914,54.10468958658724,53.154097386856144,47.1192626953125
2018-06-04,53.36196588833301,53.455421560264405,53.08160600247757,53.33393096923828,7484100,0.0,0,0.0028115104520365364,1.0008586046879218,53.479301071166994,54.065365247672034,52.89323689466195,53.703069909507335,53.26101196682366,54.16047058696756,53.572456022280335,46.85760116577149
2018-06-05,52.97880259732565,52.98814994630681,51.66110802354044,52.0349235534668,18278800,0.0,0,-0.024356116119037208,0.9764815762934052,53.41055908203125,54.27380747229769,52.54731069176481,53.10963687394971,53.26101196682366,54.16047058696756,53.68866340177682,46.960391998291016
2018-06-06,52.18444210248177,53.436719326496046,51.97884323190717,53.427371978759766,13709800,0.0,0,0.026759882213763575,1.0026121082589268,53.40121307373047,54.25941433770863,52.54301180975231,53.10963687394971,53.26101196682366,54.16047058696756,53.68866340177682,48.2407112121582
2018-06-07,53.53952711611841,54.146972909923456,53.35261934688256,53.39934539794922,7919800,0.0,0,-0.0005245734493863896,1.0020861645669008,53.40588569641113,54.26296489128041,52.548806501541854,53.10963687394971,53.26101196682366,54.16047058696756,53.68866340177682,47.605228424072266
2018-06-08,53.1937462855932,53.32458421902093,52.81993431356431,52.89469528198242,8433500,0.0,0,-0.009450492552033785,0.9926159567321652,53.35682277679443,54.212982431003816,52.500663122585046,52.90404046673195,53.26101196682366,53.983832147852354,53.68866340177682,47.9229621887207
2018-06-11,52.90404904014971,53.025539639137314,52.58630686469954,52.78255844116211,7181700,0.0,0,-0.002120001641421898,0.9905116092745915,53.31990909576416,54.20801857711739,52.43179961441093,52.90404046673195,53.27452646077008,53.75373716928373,53.68866340177682,47.80147933959961
2018-06-12,52.89470168985934,53.17506515905682,52.61434178563145,52.78255844116211,8249700,0.0,0,0.0,0.9905116092745915,53.289537048339845,54.20735852995285,52.37171556672684,52.90404046673195,53.27452646077008,53.75373716928373,53.68866340177682,47.979034423828125
2018-06-13,52.8105913694796,52.98815536860089,52.50219655595596,52.53023147583008,8283200,0.0,0,-0.004780498952382306,0.9857764695641318,53.26944446563721,54.23458727874862,52.304301652525794,52.90404046673195,53.10963687394971,53.75373716928373,53.68866340177682,47.577186584472656
2018-06-14,52.7638598989936,53.333926977718406,52.62368174904152,53.287200927734375,11049700,0.0,0,0.014410167833594834,0.9999816739369595,53.26337013244629,54.22643555703463,52.300304707857954,52.90404046673195,53.10963687394971,53.79092321029914,53.68866340177682,47.83885955810547
2018-06-15,53.30589019236827,53.46475946973947,52.76385804963811,53.37130737304688,12408300,0.0,0,0.0015783611045092627,1.0015600061163237,53.259164810180664,54.21954087801579,52.298788742345536,52.90404046673195,53.10963687394971,53.5259675885614,53.95826890759584,47.82017135620117
2018-06-18,53.0535642776404,53.56755792993487,52.43677118189325,53.47410583496094,9676900,0.0,0,0.001926099752354471,1.0034891105960724,53.26196823120117,54.22453154250677,52.29940491989558,53.06290807091531,53.10963687394971,53.5259675885614,53.95826890759584,48.2407112121582
2018-06-19,52.94142419912575,53.73577774855147,52.65171698352728,53.67036056518555,9965500,0.0,0,0.0036700890489000937,1.0071720049915616,53.26617374420166,54.235150845425935,52.29719664297738,53.29187204590835,53.10963687394971,53.5259675885614,53.95826890759584,48.08184051513672
2018-06-20,51.24056320874944,51.40877625342772,48.2033240173016,48.80142593383789,62091100,0.0,0,-0.09071924578248491,0.915802120325494,53.044688606262206,55.22889029722155,50.860486915302864,50.969550882926534,51.380744870830284,53.5259675885614,53.95826890759584,48.73601913452149
2018-06-21,48.86685101507966,49.18459315527311,47.06319762588882,47.3061752319336,30723000,0.0,0,-0.030639487951263256,0.8877424122940397,52.723675918579104,56.027955579366456,49.41939625779175,50.399487687220144,50.810681675123895,53.5259675885614,53.95826890759584,48.50238037109375
2018-06-22,47.661303359323256,48.334169959303935,47.49308670932808,47.88559341430664,24429600,0.0,0,0.012248256798023993,0.8986157093303144,52.42275600433349,56.2961351339373,48.54937687472969,50.399487687220144,50.810681675123895,53.74676451381079,53.95826890759584,48.96030044555664
2018-06-25,47.81082307374224,48.0724918020017,46.923013876473135,47.34355545043945,15578600,0.0,0,-0.01131943712543082,0.8884438853086255,52.08351993560791,56.46138624307489,47.70565362814093,50.3293958125123,50.74058980041605,53.78271458345738,53.95826890759584,48.53041076660156
2018-06-26,47.203369481133166,47.31551626739128,46.82955755517899,47.08188247680664,12930600,0.0,0,-0.005527108624250654,0.8835333594479734,51.763441467285155,56.602162537403615,46.924720397166695,50.282667651865225,50.69386163976898,53.57878035392908,53.95826890759584,48.296783447265625
2018-06-27,47.21272041945048,47.22206420319817,46.5772361755371,46.57723617553711,14576900,0.0,0,-0.010718481817674319,0.8740632231994215,51.406448936462404,56.65662972687469,46.15626814605012,50.15650696204429,50.56770094994803,53.57878035392908,53.95826890759584,48.81077194213867
2018-06-28,46.212777559495215,46.24081248150359,44.26894216093416,45.36235046386719,33210100,0.0,0,-0.026083250347687992,0.8512648133290039,51.026560592651364,56.84712458602225,45.20599659928048,49.002359954742815,49.413553942646566,53.57878035392908,53.95826890759584,48.661251068115234
2018-06-29,44.93245343320269,46.03520167239936,44.93245343320269,45.652042388916016,17413000,0.0,0,0.006386175365396429,0.8567011397093144,50.649942588806155,56.830902996537084,44.468982181075226,49.002359954742815,49.413553942646566,53.57878035392908,53.95826890759584,48.661251068115234
2018-07-02,45.45579805464995,45.88568345250139,45.3716897320295,45.84830474853516,9870900,0.0,0,0.004299092644030278,0.8603841772771711,50.27566127777099,56.66650512674044,43.88481742880155,47.83885920718094,49.413553942646566,53.569435056057976,53.95826890759584,48.510684967041016
2018-07-03,45.93241016911415,46.07258832131208,45.567938417473535,45.57728576660156,7517500,0.0,0,-0.005911210532648092,0.8552982652663265,49.952779388427736,56.60550893553117,43.3000498413243,46.72676765810364,49.207957535428804,53.70026979004719,53.71655112826832,48.85886764526367
2018-07-05,45.717460897562425,45.82026034136224,45.23150572409426,45.4277572631836,9630500,0.0,0,-0.0032807680602940925,0.8524922300356158,49.552798652648924,56.28413365838798,42.82146364690987,46.30155606011905,49.207957535428804,53.796056828252844,53.71655112826832,48.47304153442383
2018-07-06,45.698779523456935,45.96979206251099,45.39972850004119,45.77354049682617,10712000,0.0,0,0.007611717031049903,0.8589811596618157,49.171508407592775,55.85127085309726,42.49174596208829,46.17071698146793,49.207957535428804,53.796056828252844,53.71655112826832,48.75535583496094
2018-07-09,45.98848435798373,46.77349420550842,45.98848435798373,46.63331604003906,12811700,0.0,0,0.018783243198600807,0.8751156116867597,48.858439445495605,55.39469988150982,42.32217900948139,45.79222921416272,49.207957535428804,53.74699655990324,53.71655112826832,49.48936462402344
2018-07-10,46.80152415222823,47.20337100523741,46.68937736234911,47.1192626953125,9038000,0.0,0,0.010420589752961229,0.8842348324625591,48.57527465820313,54.89164805156053,42.258901264845726,45.745503182066166,49.207957535428804,53.74699655990324,53.71655112826832,49.639930725097656
2018-07-11,46.93236570381944,47.17534332253653,46.74545792366894,46.85760116577149,9542400,0.0,0,-0.0055531753803744754,0.8793245213604585,48.27902679443359,54.32544847056124,42.23260511830594,45.73615658308579,49.207957535428804,53.4820409381655,53.71655112826832,49.91283416748047
2018-07-12,47.06319143674197,47.34355127299175,46.91366595307751,46.960391998291016,9339200,0.0,0,0.002193685335189821,0.8812534826678398,48.00053482055664,53.74013727283055,42.260932368282724,46.13800235309722,49.207957535428804,53.185324420386685,53.71655112826832,50.40217971801758
2018-07-13,46.969742633121605,48.26874969535145,46.969742633121605,48.2407112121582,21718400,0.0,0,0.02726381018952706,0.9052798103481554,47.74821033477783,52.94881414968893,42.54760651986673,46.75012770972286,49.207957535428804,53.185324420386685,53.71655112826832,50.740943908691406
2018-07-16,48.17529554573457,48.17529554573457,47.37159459158571,47.605228424072266,16974900,0.0,0,-0.013173163747340788,0.8933544111692775,47.4599063873291,51.9678131794142,42.951999595244,46.75012770972286,49.002359954742815,53.185324420386685,53.71655112826832,50.81623458862305
2018-07-17,47.34355138378604,47.94165331984359,47.287477990417365,47.9229621887207,11421300,0.0,0,0.006674345973472384,0.8993169675863489,47.18234920501709,50.75162620095122,43.61307220908296,46.75012770972286,49.002359954742815,53.08252621677781,53.71655112826832,49.705810546875
2018-07-18,47.97903975325057,48.24070848178229,47.6612976264753,47.80147933959961,13549500,0.0,0,-0.0025349611871381406,0.8970372339785828,46.888905143737794,48.87838019822575,44.89943008924984,46.834239097696326,49.002359954742815,53.089283463751016,53.71655112826832,49.55523300170898
2018-07-19,47.76409176855692,48.119216121381314,47.66129233234707,47.979034423828125,11415600,0.0,0,0.0037144265550255184,0.9003692129013195,46.847785568237306,48.70571352805965,44.989857608414965,47.12861702666759,49.002359954742815,53.089283463751016,53.71655112826832,49.639930725097656
2018-07-20,47.71736828956176,47.88558490968115,47.42766109602975,47.577186584472656,11024100,0.0,0,-0.008375488256093355,0.8928281811325165,46.861336135864256,48.73650000752066,44.98617226420785,47.47906352885028,49.002359954742815,53.00683867034083,53.71655112826832,49.846961975097656
2018-07-23,47.43700910369827,47.91362409146921,47.43700910369827,47.83885955810547,8406800,0.0,0,0.00549996736709546,0.8977387069931685,46.8589994430542,48.729107047538776,44.98889183856963,47.5071038095102,49.002359954742815,53.00683867034083,53.79092321029914,49.922245025634766
2018-07-24,47.9416619478802,48.33416864216266,47.71737546397826,47.82017135620117,9921500,0.0,0,-0.0003906489844641703,0.8973880062789674,46.88283023834229,48.78922107268319,44.97643940400138,47.62391729762008,49.002359954742815,53.00683867034083,53.79092321029914,50.11045455932617
2018-07-25,47.670644108475386,48.33416688118693,47.670644108475386,48.2407112121582,11368000,0.0,0,0.00879419383139668,0.9052798103481553,46.940771675109865,48.9371544644069,44.94438888581283,47.65195563764213,49.002359954742815,53.08627247243251,53.79092321029914,49.96929550170898
2018-07-26,48.29678320015855,48.44630870125936,47.9790410646982,48.08184051513672,11114800,0.0,0,-0.0032932909368351693,0.9022984605534359,47.01600189208985,49.06519575752698,44.966808026652714,47.86689334583836,47.83885920718094,53.20075445992903,53.79092321029914,50.29866409301758
2018-07-27,48.12856974092976,49.15655718319488,46.92301830347693,48.73601913452149,15770300,0.0,0,0.013605523673305031,0.9145747036188824,47.18468532562256,49.2167784764606,45.15259217478452,48.03978774333591,46.72676765810364,51.17514787687841,52.075545701126146,50.37393951416016
2018-07-30,48.78274023003697,49.39018599691912,48.37154244294916,48.50238037109375,14448400,0.0,0,-0.0047939648657566725,0.9101902646226236,47.327202224731444,49.307957796482846,45.34644665298004,48.156602150198026,46.82956407892664,50.605084681172016,51.50548250541975,50.61861801147461
2018-07-31,48.623867190188456,49.24066030337378,48.45565056250437,48.96030044555664,9228200,0.0,0,0.009441187648097316,0.9187835417063972,47.48280200958252,49.46333535720579,45.50226866195925,48.156602150198026,46.82956407892664,50.605084681172016,51.50548250541975,51.01385116577149
2018-08-01,48.820117947337394,48.820117947337394,47.894926577545895,48.53041076660156,11952400,0.0,0,-0.00878037256803832,0.9107162799008333,47.63045825958252,49.45312100844099,45.80779551072405,48.156602150198026,46.82956407892664,50.534992806464174,51.43539063071191,51.62553787231445
2018-08-02,48.68928655280001,48.92292037227596,48.06314962778968,48.296783447265625,13636400,0.0,0,-0.004814039602086373,0.9063320556631259,47.77390956878662,49.30611510347849,46.24170403409475,48.156602150198026,46.82956407892664,50.488264645817104,51.38866247006484,51.72904968261719
2018-08-03,48.31546943835534,49.01637082218554,48.20332621513378,48.81077194213867,8246100,0.0,0,0.01064229247138715,0.9159775064756864,47.925771141052245,49.215232405787226,46.63630987631726,48.156602150198026,46.82956407892664,50.36210395599616,51.262501780243895,51.87019729614258
2018-08-06,48.689285985335474,48.84815883451145,48.40892611822572,48.661251068115234,6505800,0.0,0,-0.0030632761596288693,0.9131716144173432,48.027167892456056,49.20732042982089,46.84701535509122,48.156602150198026,47.161319715060905,49.20795694869469,50.10835477294242,51.72904968261719
2018-08-07,48.67059841716807,48.79208543510185,48.40892611822572,48.661251068115234,5869400,0.0,0,0.0,0.9131716144173432,48.104267311096194,49.23711853451876,46.97141608767363,48.156602150198026,47.31084586050669,49.20795694869469,50.10835477294242,51.65375900268555
2018-08-08,48.774179008325866,48.86828171534949,48.331888387780864,48.510684967041016,7257200,0.36,0,-0.0030941683119379837,0.9103461077446517,48.18692150115967,49.17428387728637,47.19955912503296,48.156602150198026,47.31084586050669,48.62620657491375,50.10835477294242,51.52201843261719
2018-08-09,48.49186207452843,48.95297393890608,48.29424424256146,48.85886764526367,7175400,0.0,0,0.007177443040831566,0.9168800650804317,48.281845283508304,49.133649240910486,47.43004132610612,48.64255628723251,47.31084586050669,47.96736259676622,50.10835477294242,51.352630615234375
2018-08-10,48.54832657045387,48.585969088468886,48.18132099427768,48.47304153442383,10539300,0.0,0,-0.00789674688412978,0.9096396952833872,48.29346179962158,49.14907469787833,47.43784890136483,48.56779344045984,47.394957248480154,47.75475679777392,50.10835477294242,51.823150634765625
2018-08-13,48.57655567293183,48.89650988995505,48.435401617937714,48.75535583496094,7911300,0.0,0,0.00582415073616982,0.9149375739843212,48.35096817016601,49.16709739546027,47.53483894487176,48.45564869986572,47.689335177451426,47.68933725844837,50.10835477294242,52.16192626953125
2018-08-14,48.79299244714999,49.63052226210753,48.736532263746646,49.48936462402344,9385400,0.0,0,0.01505493656014223,0.9287119011171455,48.42928829193115,49.360013797227296,47.498562786635006,48.84683594494861,48.15994981222832,47.50009337479576,50.10835477294242,53.10296249389648
2018-08-15,49.22587382748681,49.81872728751846,49.21646140379802,49.639930725097656,9566000,0.0,0,0.00304239309229537,0.9315374077898368,48.52121086120606,49.545285648516476,47.49713607389564,49.00002414089807,48.282092605593704,47.47673035874749,50.10835477294242,54.06282806396485
2018-08-16,49.85637039404153,50.21396711291241,49.79990662060258,49.91283416748047,8721200,0.0,0,0.0054976596138727185,0.9366586833754547,48.61790084838867,49.77680229301944,47.4589994037579,49.19764405359504,48.56381653299496,47.472057059257295,49.57844352946694,53.34763717651367
2018-08-17,49.828143877787525,50.44923107103241,49.828143877787525,50.40217971801758,8166900,0.0,0,0.009804002491526242,0.9458416874409773,48.75915050506592,50.05802892309717,47.46027208703467,49.31527603265504,48.68612468725467,47.67297994426301,49.57844352946694,53.545257568359375
2018-08-20,50.54332610216409,50.96679539457089,50.533917268905086,50.740943908691406,9791200,0.0,0,0.006721221037842007,0.9521988984890736,48.90425472259521,50.39583139550692,47.41267804968351,49.57405819442428,48.94490684902391,47.97904262257583,49.57844352946694,53.89344024658203
2018-08-21,50.97620990034085,51.23029150405852,50.7691832375171,50.81623458862305,7990000,0.0,0,0.0014838249770663392,0.9536117949977867,49.054057884216306,50.677502134128986,47.430613634303626,49.7058062491681,49.076654903767725,47.87624383223284,49.57844352946694,53.95931243896485
2018-08-22,50.392770394571855,50.477464271125626,49.55524405408923,49.705810546875,10369600,0.0,0,-0.021851757627013413,0.9327737011832339,49.12731285095215,50.72918752430413,47.52543817760017,49.7058062491681,49.076654903767725,47.87624383223284,49.57844352946694,53.48879623413086
2018-08-23,49.64933569254159,50.0539837247394,49.46113031087638,49.55523300170898,8567600,0.0,0,-0.0030293751074438324,0.9299479797519912,49.20098247528076,50.737239099420115,47.664725851141405,49.83284656099812,49.076654903767725,47.91829952621957,49.57844352946694,52.30307769775391
2018-08-24,49.70580333176784,49.79990602992872,49.329385359548645,49.639930725097656,9849800,0.0,0,0.0017091580093218095,0.931537407789837,49.24617805480957,50.77819301973593,47.71416308988321,49.98341188390258,49.076654903767725,48.06548849070521,49.57844352946694,52.31249237060547
2018-08-27,49.86578323306736,50.04457979909768,49.696395501127945,49.846961975097656,6443200,0.0,0,0.004170659527035214,0.9354225331544254,49.31340713500977,50.82665304410503,47.80016122591451,50.22337645392827,49.076654903767725,48.240711741796545,49.413553942646566,52.19956588745117
2018-08-28,49.89401493266463,50.31748427615694,49.85637241551241,49.922245025634766,7171900,0.0,0,0.0015102836272091746,0.936835286490771,49.36150436401367,50.888035387283125,47.83497334074421,50.27983843180358,49.076654903767725,48.25473188212651,49.413553942646566,52.59479904174805
2018-08-29,49.94106682011161,50.28925113303576,49.61170376596553,50.11045455932617,6604900,0.0,0,0.003770053482065272,0.9403672056247271,49.440506553649904,50.95008135113175,47.93093175616806,50.27983843180358,49.076654903767725,48.31313862618145,49.413553942646566,52.47246170043945
2018-08-30,49.98811675995534,50.26101961984552,49.84696270778962,49.96929550170898,5576400,0.0,0,-0.002816958234734712,0.9377182304811681,49.52413215637207,50.9533235621057,48.094940750638436,50.27983843180358,49.076654903767725,48.32715779619247,49.413553942646566,53.20648193359375
2018-08-31,49.36703151741523,50.54333328016219,49.357622682820015,50.29866409301758,10892800,0.0,0,0.006591419550778577,0.9438991247586832,49.59852676391601,51.02632582282477,48.17072770500726,50.27983843180358,49.076654903767725,47.85287627650965,49.413553942646566,54.3074951171875
2018-09-04,50.28924565378068,50.52450597819172,50.07280658609704,50.37393951416016,8235200,0.0,0,0.0014965689944246297,0.9453117349226616,49.68416118621826,51.08162492069031,48.286697451746214,49.93635931985541,49.56260904080221,47.38327770071977,49.413553942646566,52.70772933959961
2018-09-05,50.317485049206525,50.79741458601251,50.14809730920722,50.61861801147461,7966300,0.0,0,0.004857243639752706,0.9499033443346984,49.78202953338623,51.15285644613227,48.41120262064019,50.06339997278057,49.56260904080221,47.49308311456233,49.413553942646566,51.62553787231445
2018-09-06,50.49627913672618,51.14559638155161,50.486870302650985,51.01385116577149,7803400,0.0,0,0.0078080589676960965,0.9573202456608754,49.90718784332275,51.24726954430441,48.567106142341096,50.23749087055013,49.56260904080221,47.49308311456233,49.413553942646566,53.12179183959961
2018-09-07,51.004450618592,51.71964058750724,50.966808096599486,51.62553787231445,10231700,0.0,0,0.011990600446048605,0.968799090225508,50.045521354675294,51.49232660026626,48.59871610908433,50.538631635163625,49.891395107648464,47.49308311456233,49.413553942646566,53.40410614013672
2018-09-10,51.70081599804624,51.860794911320816,51.35263166650262,51.72904968261719,8621000,0.0,0,0.0020050504957207504,0.9707415813216185,50.208321762084964,51.6433045357908,48.77333898837913,50.609208797070416,50.02105795279925,47.49308311456233,49.413553942646566,54.4015998840332
2018-09-11,51.59729803767282,52.133691310572,51.54083426534056,51.87019729614258,7873900,0.0,0,0.002728594752685387,0.9733903417066262,50.364063835144044,51.81066669838318,48.91746097190491,50.745656996696006,50.15750615242484,47.49308311456233,49.413553942646566,55.61554336547852
2018-09-12,51.94548878545718,51.94548878545718,51.12678372866447,51.72904968261719,7297300,0.0,0,-0.002721169783094113,0.9707415813216185,50.47604808807373,51.98069774045169,48.971398435695775,50.745656996696006,50.15750615242484,47.65896093262947,49.413553942646566,55.18267822265625
2018-09-13,51.87019808188954,52.29366740632686,51.51260495439835,51.65375900268555,8566600,0.0,0,-0.001455481598706787,0.9693286848129054,50.57673950195313,52.11363893760988,49.03984006629638,50.825645044573434,50.237494200302265,47.73372400535236,49.413553942646566,55.20148849487305
2018-09-14,51.75727879075699,51.75727879075699,51.390273206425,51.52201843261719,6827700,0.0,0,-0.002550454654452361,0.9668564559570301,50.65719871520996,52.21521970447449,49.099177725945424,51.183236996211946,50.237494200302265,47.73372400535236,49.413553942646566,55.427345275878906
2018-09-17,51.47496700643543,51.62553349184128,51.07972773862747,51.352630615234375,9277200,0.0,0,-0.003287678210906031,0.9636777430537063,50.7047212600708,52.286786872317634,49.12265564782396,51.22088235776704,50.237494200302265,47.9767010738696,49.207957535428804,55.34264373779297
2018-09-18,51.267936054203886,52.02076847112113,50.910339309997646,51.823150634765625,7569600,0.0,0,0.009162530018309578,0.9725074693024127,50.75883159637451,52.41525606420443,49.1024071285446,51.39026885448892,50.36453451213229,47.981375344469996,49.207957535428804,54.636863708496094
2018-09-19,51.96430843260858,52.50070175556334,51.66317546497743,52.16192626953125,7451600,0.0,0,0.006537148564224049,0.9788648951090602,50.82611618041992,52.59326472277247,49.05896763806738,51.7055205327805,50.618617009655,48.07249193865857,49.207957535428804,55.48380279541016
2018-09-20,52.32189646756298,53.38527417469871,52.32189646756298,53.10296249389648,10582600,0.0,0,0.018040672415023495,0.996524276020289,50.995973777771,52.94546996028801,49.04647759525399,52.14780674234818,51.300867789248365,48.503392878588464,49.207957535428804,54.646270751953125
2018-09-21,53.21588938503126,54.17575202455999,53.18765929232947,54.06282806396485,25800500,0.0,0,0.01807555595751742,1.0145370063345183,51.22135353088379,53.47460622104035,48.96810084072723,52.54304566727882,51.75256869205432,48.64105837324588,49.207957535428804,54.92858505249024
2018-09-24,53.58289753314112,53.978136798965046,53.24412563501966,53.34763717651367,10616000,0.0,0,-0.013228884116180395,1.0011158138461425,51.40673885345459,53.71901734449829,49.09446036241089,52.54304566727882,51.75256869205432,48.880730293295,49.207957535428804,55.13561630249024
2018-09-25,53.620539014333815,53.91226314323148,53.47938495696121,53.545257568359375,9445500,0.0,0,0.003704388840912065,1.0048243360954148,51.59165363311767,53.96675753357977,49.21654973265558,52.54304566727882,51.75256869205432,49.000700359954855,49.207957535428804,54.8344841003418
2018-09-26,53.42291955672864,54.429833545831855,53.40409829835994,53.89344024658203,7757300,0.0,0,0.00650258667218373,1.0113582934311947,51.790213394165036,54.237547842289146,49.342878946040926,52.670086427914754,51.87960945269025,49.259482521724095,49.207957535428804,55.17325973510742
2018-09-27,53.73346093007395,54.3827817745178,53.73346093007395,53.95931243896485,6606200,0.0,0,0.0012222673498190062,1.0125944436522243,51.98265628814697,54.47674749767857,49.488565078615366,52.670086427914754,51.87960945269025,49.39123057646791,49.002359954742815,60.52778244018555
2018-09-28,54.00636831437512,54.00636831437512,53.43233245473051,53.48879623413086,8975900,0.0,0,-0.008719833214446693,1.0037647889897015,52.158631324768066,54.553276324693805,49.76398632484233,52.670086427914754,51.87960945269025,49.39123057646791,49.002359954742815,60.67835235595703
2018-10-01,53.55466077252331,53.59230328644707,52.25602276045535,52.30307769775391,12726900,0.0,0,-0.022167605552138925,0.9815137270802518,52.25885200500488,54.49457485991716,50.02312915009261,53.04650450540464,51.87960945269025,49.45475073238292,49.002359954742815,62.11813354492188
2018-10-02,52.27484985247995,52.70772804155909,52.0301806642403,52.31249237060547,12680800,0.0,0,0.00018000227263792468,0.9816904017817515,52.35577964782715,54.41555856292148,50.296000732732814,53.23000710503608,51.89372811432594,49.530033393835154,49.002359954742815,64.1413803100586
2018-10-03,52.51010767253316,52.80183178924843,52.190153463479874,52.19956588745117,7383500,0.0,0,-0.0021586905543378165,0.9795712359841411,52.43482704162598,54.3354064859649,50.534247597287056,53.23000710503608,51.89372811432594,49.65001567884799,49.002359954742815,64.66837310791016
2018-10-04,52.49128392170706,52.77359919083257,52.2277934996302,52.59479904174805,9722000,0.0,0,0.007571579333610634,0.986988137310318,52.5138744354248,54.29821001778355,50.72953885306605,53.23000710503608,51.89372811432594,49.67824666778566,49.002359954742815,64.55543518066406
2018-10-05,52.65126184623912,52.65126184623912,52.04899598410649,52.47246170043945,9734000,0.0,0,-0.0023260349604432573,0.9846923683973914,52.556220626831056,54.29328502696228,50.81915622669983,53.23000710503608,51.89372811432594,49.67824666778566,49.002359954742815,63.90612411499024
2018-10-08,52.52893097283695,53.40409976721846,52.1807466579094,53.20648193359375,9623900,0.0,0,0.013988675380712134,0.9984669102887671,52.630092239379884,54.3454578103064,50.91472666845337,53.23000710503608,51.89372811432594,49.67824666778566,49.002359954742815,63.43561172485352
2018-10-09,53.4793813188632,56.180168971823,53.46056006120294,54.3074951171875,24855700,0.0,0,0.020693215254635966,1.019128400988004,52.75195713043213,54.578037282635485,50.92587697822878,54.10517481803165,53.12648777896002,49.67824666778566,47.83885920718094,63.42613983154297
2018-10-10,54.26985798239831,54.45806698787284,52.64185672615175,52.70772933959961,14190500,0.0,0,-0.029457550456632786,0.9891073746941124,52.80089111328125,54.5654653871467,51.036316839415804,54.10517481803165,53.16413314051511,49.74948418032881,47.74961683249634,63.974876403808594
2018-10-11,52.41601288521471,52.95240625934827,51.48438020973679,51.62553787231445,15316900,0.0,0,-0.020531931100892686,0.968799090225508,52.7994800567627,54.56780311940816,51.03115699411723,53.832274590779896,53.33351963723699,49.81300450679139,47.74961683249634,64.48576354980469
2018-10-12,52.42541957045564,53.43233365882894,52.02077145010506,53.12179183959961,13980500,0.0,0,0.028982825728340877,0.9968776254232892,52.879468727111814,54.55043949319011,51.208497961033515,53.832274590779896,53.54525414091032,49.90004995567617,47.74961683249634,64.24923706054688
2018-10-15,53.04650935819855,53.818163115683525,52.99004916458992,53.40410614013672,10175100,0.0,0,0.005314472474677645,1.0021755041242233,52.982042503356936,54.509752384102036,51.45433262261184,53.832274590779896,53.54525414091032,50.215013371406044,47.9942913742207,63.55859756469727
2018-10-16,53.582891352754174,54.589805275796536,53.42291605179779,54.4015998840332,11731400,0.0,0,0.018678221882021173,1.020894360554982,53.110964965820315,54.66099070160014,51.56093923004049,53.832274590779896,53.54525414091032,50.31513337493483,48.06486853612749,63.170684814453125
2018-10-17,54.48629659667142,55.89785864746822,54.37336904796037,55.61554336547852,14631000,0.0,0,0.02231448126586466,1.043675088638013,53.28364582061768,55.118914031090625,51.44837761014473,53.832274590779896,53.54525414091032,50.45158157456042,48.20131673575308,62.15837478637695
2018-10-18,55.52145376917334,56.02020466277418,54.72156985417704,55.18267822265625,12184700,0.0,0,-0.007783168456661382,1.0355519896091223,53.38763160705567,55.39935816021823,51.375905053893106,53.832274590779896,53.54525414091032,50.45158157456042,48.53307237188734,62.148921966552734
2018-10-19,54.94740688557162,55.587315326081566,54.94740688557162,55.20148849487305,10180500,0.0,0,0.0003408727670102252,1.0359049810812033,53.44456462860107,55.59095205839524,51.298177198806904,53.832274590779896,53.54525414091032,50.53156962243785,48.76258656521056,62.517879486083984
2018-10-22,55.45557537188684,55.86022350034638,55.12621228583297,55.427345275878906,8680200,0.0,0,0.004091498022319451,1.040143384262608,53.548550033569335,55.86290645566976,51.23419361146891,53.75229243625549,53.54525414091032,50.710365598257106,48.76258656521056,63.21799087524414
2018-10-23,54.919174407346674,55.80375199444389,54.77801676726861,55.34264373779297,12834200,0.0,0,-0.0015281543372562822,1.0385538846385787,53.63841934204102,56.08267499190939,51.194163692172644,53.75229243625549,53.54525414091032,50.72918827903465,48.76258656521056,63.27476501464844
2018-10-24,55.11679323185277,55.784931748799735,54.53334858253204,54.636863708496094,12189700,0.0,0,-0.01275291496085329,1.025309295265519,53.67559051513672,56.156963071815134,51.1942179584583,54.02048805643962,53.832274590779896,50.87740168331061,48.84669795318403,63.12339019775391
2018-10-25,54.85330674967943,55.96373594315848,54.29809215293989,55.48380279541016,9569600,0.0,0,0.015501239079767526,1.0412028597821377,53.75181503295899,56.35537487670804,51.148255189209934,54.50512691368205,53.832274590779896,51.16206877121775,49.24459305677354,63.86134719848633
2018-10-26,54.61804066026551,54.91917360422633,54.00636234858941,54.646270751953125,13367600,0.0,0,-0.01509507281873479,1.0254858267946514,53.8096887588501,56.4389004990088,51.1804770186914,54.72156035728598,53.832274590779896,51.72433726579827,50.037325768523914,63.057159423828125
2018-10-29,55.22030917636893,56.16135056848184,54.29808904287283,54.92858505249024,14412800,0.0,0,0.005166213479023574,1.0307837054955855,53.94096412658691,56.51724991957704,51.364678333596785,55.08385645853563,53.832274590779896,52.14780717966657,50.46060497411446,62.96255493164063
2018-10-30,54.98504982062649,55.39910674830475,54.28867759838915,55.13561630249024,14230100,0.0,0,0.0037690985449954084,1.034668830860174,54.08212032318115,56.5939023394737,51.5703383068886,55.08385645853563,53.832274590779896,52.14780717966657,50.544708988818755,61.94076919555664
2018-10-31,55.50262264852995,55.63436787326698,54.77802032268816,54.8344841003418,11560400,0.0,0,-0.005461663845314546,1.029017817514791,54.213866233825684,56.588050040788275,51.83968242686309,55.08385645853563,53.832274590779896,52.14780717966657,50.54938516401846,61.959693908691406
2018-11-01,54.86271434185921,55.58731666965024,54.64627524495355,55.17325973510742,18772400,0.0,0,0.0061781493949264465,1.0353752433214385,54.342789268493654,56.62875156405704,52.05682697293027,55.08385645853563,53.832274590779896,52.2748479403025,50.676425924654396,62.36650848388672
2018-11-02,58.33515784924523,61.807599316000974,58.2504639798225,60.52778244018555,45573000,0.0,0,0.09704923600283455,1.135857619662033,54.745555305480956,58.150983118604834,51.34012749235708,57.90698083229519,56.64598976286888,52.2748479403025,50.676425924654396,62.5651969909668
2018-11-05,60.160776716472775,61.29002351952342,60.05726158857592,60.67835235595703,23242600,0.0,0,0.0024876165902869563,1.138683197920908,55.11914882659912,59.32275252903767,50.91554512416057,57.90698083229519,56.64598976286888,52.2748479403025,50.676425924654396,63.30313873291016
2018-11-06,60.50895390466452,62.18400614377773,60.46189897137827,62.11813354492188,16065400,0.0,0,0.02372808642724289,1.1657019712544245,55.50968074798584,60.68894291322075,50.33041858275093,58.09518424618357,56.83419317675726,52.463056979047444,50.676425924654396,61.817779541015625
2018-11-07,62.38163044349498,64.18842806867467,62.14637011168798,64.1413803100586,16465000,0.0,0,0.032570952307727774,1.2036699945651768,56.08136329650879,62.32477283608642,49.837953756931164,59.09739520863204,57.836404139205726,52.56186760968101,50.676425924654396,60.99468612670898
2018-11-08,63.7837917993625,64.91304590849124,63.642634138274296,64.66837310791016,14081700,0.0,0,0.008216112520561314,1.2135594826781477,56.73350505828857,63.67287314582537,49.79413697075177,59.6008617534402,58.19871305911401,52.56186760968101,50.676425924654396,61.42041778564453
2018-11-09,64.45192005778745,64.89421064106465,64.06609683762751,64.55543518066406,8637200,0.0,0,-0.001746416707555598,1.211440102121986,57.3051872253418,64.82624147277079,49.78413297791281,59.6008617534402,58.19871305911401,52.56186760968101,50.676425924654396,60.60677719116211
2018-11-12,64.40487490197388,64.8753955960454,63.802608987928416,63.90612411499024,12789600,0.0,0,-0.010058193610757438,1.1992552030270074,57.830288124084475,65.65231638370383,50.008259864465124,59.77966057672239,58.19871305911401,52.56186760968101,50.676425924654396,58.799747467041016
2018-11-13,63.93436257712532,64.25431324478008,63.14388397422933,63.43561172485352,16637000,0.0,0,-0.007362555571201579,1.1904256199506684,58.28198871612549,66.30289022813145,50.261087204119534,59.77966057672239,58.19871305911401,52.56186760968101,50.676425924654396,58.08070755004883
2018-11-14,63.67212628177934,64.28708158018415,63.13285301426534,63.42613983154297,13350500,0.36,0,-0.00014931507796656085,1.1902478714564122,58.67251853942871,66.89632373329911,50.44871334555831,61.58175494415687,58.19871305911401,53.615831298495834,51.551593637649965,57.29545211791992
2018-11-15,63.11392743241266,64.10732898123503,62.78279598884657,63.974876403808594,15246500,0.0,0,0.008651583932477225,1.2005454008167697,59.11212844848633,67.48300510154245,50.741251795430216,62.48515374853358,58.19871305911401,53.63465397927338,52.03754777468445,59.67960357666016
2018-11-16,63.67212222010729,64.83581367245161,63.47343614958644,64.48576354980469,9287900,0.0,0,0.00798574651041739,1.21013265206194,59.57634220123291,68.05846876733001,51.09421563513581,62.68747243993475,58.46690867929815,53.582897114008446,52.03754777468445,59.79313659667969
2018-11-19,64.4289899844011,64.77904730874587,63.605892951395255,64.24923706054688,10855400,0.0,0,-0.003667886929417108,1.2056940223245811,60.017436790466306,68.50826518845224,51.52660839248037,63.52970801008961,58.95154753654058,53.68876436584511,52.03754777468445,59.97289657592773
2018-11-20,63.75727644588691,64.22086050199609,63.161239802317965,63.55859756469727,11208900,0.0,0,-0.010749380497682148,1.1927335585148333,60.42823448181152,68.76661511981688,52.08985384380616,63.84792094866891,59.16798098014452,53.68876436584511,52.12165929980634,60.92844772338867
2018-11-21,63.832954857373,64.31546475436666,63.15176611294041,63.170684814453125,10978100,0.0,0,-0.006103230170383833,1.1854540310752764,60.854925537109374,68.82559690070676,52.884254173511984,63.83850331495561,59.459704128540324,53.68876436584511,52.18074498305034,60.85276794433594
2018-11-23,62.669266427951584,62.669266427951584,61.74209832215381,62.15837478637695,7779800,0.0,0,-0.016024996896100818,1.1664571339068248,61.18865413665772,68.77757934072689,53.59972893258854,63.3087469590996,59.459704128540324,53.68876436584511,52.18074498305034,58.213157653808594
2018-11-26,62.42329011390383,62.55574270667678,61.69479363552765,62.148921966552734,13066800,0.0,0,-0.00015207636712999406,1.1662797433434875,61.5637866973877,68.5319210191229,54.5956523756525,63.26530365398963,59.459704128540324,53.68876436584511,52.18074498305034,60.14319610595703
2018-11-27,61.93129873672268,62.96254472306982,61.789383224347205,62.517879486083984,13169100,0.0,0,0.005936668052421101,1.1732035590359806,61.94325141906738,68.20864004027536,55.67786279785941,63.26530365398963,59.459704128540324,53.68876436584511,52.18074498305034,60.14319610595703
2018-11-28,62.61249138766946,63.37882509766671,61.95022857879817,63.21799087524414,12867600,0.0,0,0.011198578629270317,1.1863417713399849,62.34737014770508,67.78363701675707,56.911103278653094,63.26530365398963,59.459704128540324,53.6487732885829,52.18074498305034,60.19049835205078
2018-11-29,63.08554909922727,63.65320406361528,62.555738761548376,63.27476501464844,9605500,0.0,0,0.0008980693409941232,1.187407188512766,62.76938419342041,66.96395662009542,58.5748117667454,63.26530365398963,59.459704128540324,53.6487732885829,52.18074498305034,60.436485290527344
2018-11-30,63.2558427747704,63.74780845824251,63.05716390924567,63.12339019775391,27308900,0.0,0,-0.0023923410361063047,1.1845665055691192,63.166890716552736,65.4721574874047,60.861623945700764,63.23692047213676,59.459704128540324,53.92638132360976,52.30778529488036,60.72977066040039
2018-12-03,63.73835757277707,64.39115754692573,63.06663167582721,63.86134719848633,13834300,0.0,0,0.011690706066650236,1.1984149244021267,63.33356895446777,65.30617984667168,61.36095806226386,63.04297559122669,59.459704128540324,54.168700752230976,52.458350617784824,60.29457092285156
2018-12-04,63.832956127507785,64.47630026359263,62.86793631431871,63.057159423828125,13555100,0.0,0,-0.01259271546775742,1.1833236262468168,63.45250930786133,65.00941763415247,61.89560098157018,63.08554694956014,59.6008617534402,54.27691747403294,52.69831518781051,59.95397186279297
2018-12-06,62.56518998893712,63.07608158544966,62.05429839242459,62.96255493164063,17222200,0.0,0,-0.001500297397661443,1.1815482888897673,63.494730377197264,64.94568917500798,62.04377157938655,63.08554694956014,59.6008617534402,54.45806552465776,52.75477716568582,60.625709533691406
2018-12-07,62.6030320426658,63.0476973334921,61.68531979872619,61.94076919555664,11057500,0.0,0,-0.016228466859284252,1.1623735716408756,63.38469982147217,64.95314613098859,61.81625351195574,63.080810031159416,59.77966057672239,54.45806552465776,52.75477716568582,60.33241271972656
2018-12-10,61.9407752047059,62.25298795639951,60.97575528458462,61.959693908691406,12148300,0.0,0,0.0003055291915252667,1.1627287106984694,63.24926586151123,64.81874167443273,61.67979004858974,62.72602777408863,59.77966057672239,54.45806552465776,52.75477716568582,60.81491470336914
2018-12-11,62.65033954262998,63.31260238886603,61.98806947827026,62.36650848388672,10903100,0.0,0,0.006565793817426391,1.1703629476785176,63.13981952667236,64.63227488975974,61.64736416358498,62.72602777408863,61.58175494415687,54.45806552465776,52.75477716568582,61.2122688293457
2018-12-12,62.44220736286788,63.32207511897874,62.44220736286788,62.5651969909668,11115800,0.0,0,0.0031858205936190487,1.1740915140592405,63.072773170471194,64.5415400735121,61.60400626743029,62.72602777408863,62.48515374853358,57.276485297582035,55.56849233777481,61.86509323120117
2018-12-13,62.7165579866309,63.5964254969884,62.5651795160597,63.30313873291016,10016200,0.0,0,0.01179476414099545,1.1879396465475134,63.06614952087402,64.52943693009087,61.60286211165717,62.72602777408863,62.68747243993475,57.276485297582035,55.56849233777481,62.84902191162109
2018-12-14,60.96630070111144,62.29082654901774,60.15265926989786,61.817779541015625,16834000,0.0,0,-0.02346422660275338,1.1600655614905278,62.985731506347655,64.5362004473431,61.4352625653522,62.31447976674525,62.53285258919455,57.464688711470416,55.75669575166319,61.250125885009766
2018-12-17,61.496114831201865,62.09215149950237,60.62571001517176,60.99468612670898,15143100,0.0,0,-0.013314833053175823,1.1446194822085427,62.83672199249268,64.54490072023204,61.128543264753326,62.31447976674525,62.53285258919455,58.46689967391888,56.77302537574734,63.47345352172852
2018-12-18,61.27850224886354,61.87454605971888,61.07036764212534,61.42041778564453,10523500,0.0,0,0.0069798155539508855,1.1526087150738171,62.68345470428467,64.32010871821366,61.04680069035568,61.87454238344313,62.52343495548125,58.899787406277106,57.135334295655625,63.29368591308594
2018-12-19,61.64748632893114,62.34759384314692,60.247264082375445,60.60677719116211,14390100,0.0,0,-0.013247070336154354,1.1373400263551698,62.50133171081543,64.21035664468891,60.792306776941935,61.87454238344313,62.51402743297163,58.899787406277106,57.135334295655625,63.42613983154297
2018-12-20,60.181043933033166,60.36080050576504,58.137480901038806,58.799747467041016,20264600,0.0,0,-0.029815637918206295,1.103429507939481,62.26338920593262,64.55165396014281,59.975124451722415,60.86695319901361,61.48664728674521,58.9891868179182,57.135334295655625,64.4762954711914
2018-12-21,58.95111586880863,59.802598266244,58.07124819844865,58.08070755004883,23524900,0.0,0,-0.01222862253609558,1.0899360849916992,62.008890342712405,64.89767397788486,59.120106707539954,60.83383684771853,61.45353093545013,58.9891868179182,57.135334295655625,64.46685028076172
2018-12-24,58.16585683790112,58.487528932038096,57.16299593051828,57.29545211791992,6323300,0.0,0,-0.013520073450417947,1.0752000690663506,61.76574420928955,65.31446598808608,58.217022430493024,60.37971071375334,60.99940480148494,59.89023400163544,57.492926247294136,64.4384536743164
2018-12-26,57.66442260530516,59.82151549297084,57.39951386521409,59.67960357666016,16646200,0.0,0,0.04161153059466938,1.1199407896356957,61.64227828979492,65.30042290170339,57.984133677886454,60.37971071375334,60.99940480148494,60.341933403823795,57.53057160884923,63.937042236328125
2018-12-27,59.24440038952898,59.83098121973737,58.29830646745829,59.79313659667969,11308100,0.0,0,0.001902375572479853,1.1220713376365223,61.50604114532471,65.22670028284577,57.78538200780365,59.7552948868326,60.971021619632076,60.577190559616454,57.69995810557111,65.6021499633789
2018-12-28,59.89721093454144,60.66354835455211,59.76475474625671,59.97289657592773,7711900,0.0,0,0.003006364768260328,1.1254446933734674,61.34378643035889,65.03425074790803,57.653322112809754,59.7552948868326,60.819648097055456,61.2406277733151,57.91169260924444,65.47850799560547
2018-12-31,60.33240756446239,61.12712657334352,60.22833665951601,60.92844772338867,7689800,0.0,0,0.015933049794438103,1.143376459713873,61.2264705657959,64.81044205010166,57.642499081490136,59.7552948868326,60.819648097055456,61.50795096440672,57.91169260924444,65.75431823730469
2019-01-02,60.24726834036242,60.9000755332595,59.8026029897296,60.85276794433594,10094000,0.0,0,-0.0012421090948568914,1.141956261414417,61.112939453125,64.59049997993054,57.63537892631947,59.7552948868326,60.819648097055456,61.64910372174796,57.91169260924444,66.3344497680664
2019-01-03,60.0391192053453,60.285105645244336,58.090168042920965,58.213157653808594,14390100,0.0,0,-0.04337699630922098,1.092421628877752,60.83052997589111,64.28650801087801,57.37455194090421,59.1450612519309,60.819648097055456,61.384225543819966,57.91169260924444,66.56269073486328
2019-01-04,59.03626784331277,60.786540323396565,58.73351804793678,60.14319610595703,12694400,0.0,0,0.03315467722308241,1.1286405153747077,60.68483180999756,63.994066139657924,57.3755974803372,59.1450612519309,60.819648097055456,61.36250389126498,57.91169260924444,66.3344497680664
2019-01-07,59.93505426823771,60.77707736219355,59.35793995203253,60.14319610595703,10337600,0.0,0,0.0,1.1286405153747077,60.54386386871338,63.687273869439096,57.400453867987665,59.1450612519309,60.819648097055456,61.36250389126498,57.91169260924444,67.05723571777344
2019-01-08,60.49324813871136,60.824383199101575,59.65122506899526,60.19049835205078,10809700,0.0,0,0.0007864937209258738,1.1295281840532325,60.456350326538086,63.535434947121544,57.37726570595463,59.2633202192788,60.819648097055456,61.36250389126498,57.91169260924444,67.3710708618164
2019-01-09,60.218884105199066,60.58786018506277,59.55661758820828,60.436485290527344,13080300,0.0,0,0.004086806808573096,1.1341443475262964,60.38018989562988,63.380261487980945,57.38011830327882,59.60864730813224,60.819648097055456,61.36250389126498,57.91169260924444,67.24744415283203
2019-01-10,60.18103445783184,60.918986555984986,59.83098072012609,60.72977066040039,10397600,0.0,0,0.004852786664597986,1.1396481080917011,60.298353004455564,63.161974016664566,57.43473199224656,59.60864730813224,60.819648097055456,61.34831230033854,58.19871305911401,66.76241302490234
2019-01-11,58.93219684548519,60.398641841571774,58.34561595980076,60.29457092285156,13805700,0.0,0,-0.007166167973570281,1.1314811983183544,60.184821701049806,62.851137366344055,57.51850603575556,59.60864730813224,60.819648097055456,61.25133985988351,58.19871305911401,66.94310760498047
2019-01-14,59.9350495509385,60.60677538099315,59.58499580428583,59.95397186279297,9929600,0.0,0,-0.005648917553363164,1.1250895543158734,60.01736335754394,62.2624795337657,57.772247181322186,59.504577299452976,60.37971071375334,61.34320435150017,58.19871305911401,67.23792266845703
2019-01-15,60.15266250028518,61.1460569395633,60.02966926106208,60.625709533691406,7930400,0.0,0,0.011204223006871628,1.1376953085851302,59.957759857177734,62.06622166937395,57.849298044981516,59.61811249124213,60.37971071375334,61.34320435150017,58.19871305911401,67.80854797363281
2019-01-16,60.73922980527396,61.32581066344607,60.313490407295646,60.33241271972656,8091300,0.0,0,-0.004837828970922775,1.1321913332611742,59.92464618682861,61.986722819846946,57.862569553810275,59.835713311623415,60.37971071375334,61.430235303940904,58.19871305911401,67.57079315185547
2019-01-17,60.24725980730872,60.918985609761314,60.17157056300103,60.81491470336914,6767100,0.0,0,0.007997392477639531,1.1412459117130458,59.894371032714844,61.88342592957188,57.90531613585781,59.835713311623415,60.37971071375334,61.252844175405514,58.19871305911401,67.6563949584961
2019-01-18,61.31633972965221,61.31633972965221,60.41755346495768,61.2122688293457,9835200,0.0,0,0.006533826906026219,1.148702614957389,59.924645614624026,61.97432633365855,57.8749648955895,59.835713311623415,60.37971071375334,62.15389135912275,58.19871305911401,66.71485137939453
2019-01-22,61.40150913870781,62.64089011212128,61.259593578684274,61.86509323120117,16414300,0.0,0,0.010664927380416023,1.1609534449276036,60.07791290283203,62.22539066250682,57.93043514315725,60.49325303596102,60.37971071375334,62.605590761311106,58.19871305911401,66.81947326660156
2019-01-23,62.32866734752978,63.104464104277874,62.26244105920217,62.84902191162109,12372400,0.0,0,0.01590442411107018,1.1794177408889401,60.316328620910646,62.58082111157081,58.05183613025048,60.72504003203932,60.13373001739808,62.706750107011686,58.19871305911401,67.38058471679688
2019-01-24,63.019324331300766,63.161239880361485,59.53769798921786,61.250125885009766,29719800,0.0,0,-0.025440269044436414,1.1494130362449442,60.514062309265135,62.33092908647282,58.69719553205745,60.75342792008112,60.162117905439885,62.4236661779699,58.19871305911401,67.4756851196289
2019-01-25,63.41669018211469,64.04111579036905,62.53682232747256,63.47345352172852,21885800,0.0,0,0.036299152117545086,1.1911357548934887,60.70375480651855,62.89132927253519,58.51618034050192,61.789406889793455,60.60205586044366,62.4236661779699,58.19871305911401,68.07483673095703
2019-01-28,62.62196008309762,63.35044923958176,62.357054935285205,63.29368591308594,11537700,0.0,0,-0.002832169965055531,1.1877622559841756,60.87878227233887,63.29749608297001,58.46006846170773,61.789406889793455,60.60205586044366,62.19898866946219,58.19871305911401,67.78002166748047
2019-01-29,63.38829520703552,63.8613421861925,62.63141715313472,63.42613983154297,10703400,0.0,0,0.002092687707252683,1.1902478714564124,61.05144443511963,63.6736025711782,58.429286299061054,61.789406889793455,60.60205586044366,62.19428490820738,58.19871305911401,67.15232849121094
2019-01-30,63.492357029247465,64.53305879076333,63.43559370967554,64.4762954711914,11702500,0.0,0,0.016557142566733685,1.2099549751538676,61.22883682250976,64.2482750000251,58.20939864499442,62.0353783899906,60.848027360640806,61.17680024287941,58.19871305911401,65.96353149414062
2019-01-31,64.50469491028173,65.74407585003055,63.463992861919166,64.46685028076172,24233300,0.0,0,-0.00014649089809926075,1.2097777277628976,61.40954093933105,64.73764372581921,58.08143815284289,62.64088691962421,61.453535890274416,61.14368389158433,58.19871305911401,66.26789093017578
2019-02-01,64.89257468702705,65.58322638393383,64.33438277179452,64.4384536743164,10309200,0.0,0,-0.00044048385056261186,1.2092448402110476,61.72080574035645,64.95711368004335,58.484497800669544,62.64088691962421,61.57179485762232,60.68955775761914,58.19871305911401,66.61975860595703
2019-02-04,64.36278170224152,64.43847096404289,63.46399517725756,63.937042236328125,13562400,0.0,0,-0.007781245659967295,1.1998354090463175,61.910498046875,65.1995793611707,58.62141673257929,62.64088691962421,61.91712194647576,60.68955775761914,58.19871305911401,66.66730499267578
2019-02-05,64.10732703241867,65.66838346820279,63.99379316173702,65.6021499633789,12781600,0.0,0,0.026042927054650278,1.2310826350816972,62.18344573974609,65.73883314674305,58.628058332749134,62.64088691962421,61.91712194647576,60.36315825323234,58.46690867929815,67.27596282958984
2019-02-06,65.83990455782849,65.99206580313805,65.1456484691844,65.47850799560547,10283400,0.36,0,-0.001884724324468956,1.2287623836939274,62.447846221923825,66.1559836200571,58.73970882379056,64.17456036921163,62.041116923029506,60.28747149194403,58.95154753654058,67.20939636230469
2019-02-07,65.24076034951945,65.82089015299196,65.12664121165247,65.75431823730469,10109200,0.0,0,0.004212225509440781,1.2339382079515642,62.713737869262694,66.5682040883416,58.859271650183786,64.17456036921163,62.041116923029506,60.28747149194403,59.16798098014452,67.3710708618164
2019-02-08,65.40243566838113,66.40102168548715,65.24076204833,66.3344497680664,8862000,0.0,0,0.008822713797564496,1.2448248916042004,62.993971824645996,67.04293681033691,58.94500683895509,64.51621941931094,62.24559486420406,60.28747149194403,59.459704128540324,67.88462829589844
2019-02-11,66.57220308121158,67.01918903425538,66.4295469091644,66.56269073486328,9229700,0.0,0,0.003440760684605193,1.24910803615045,63.30737781524658,67.44242936916721,59.17232626132595,65.22739137196545,62.682402497028065,59.98235467449318,59.459704128540324,68.12239837646484
2019-02-12,66.80045319001164,67.00968128927536,66.29640763585529,66.3344497680664,8848900,0.0,0,-0.003428962445433892,1.2448248916042004,63.62640171051025,67.65952672938725,59.59327669163326,65.24159094808726,62.682402497028065,59.98235467449318,59.459704128540324,68.7215347290039
2019-02-13,66.39150928827463,67.1428250733376,66.38200419707515,67.05723571777344,10264000,0.0,0,0.010896087210102712,1.2583886121844263,63.947978019714355,67.99856743347485,59.897388605953864,65.30341012529757,62.744220516569186,59.98235467449318,59.459704128540324,68.43624114990234
2019-02-14,66.69583933860065,68.03679729379724,66.54367806509877,67.3710708618164,9441100,0.0,0,0.00468010857715373,1.2642780075217033,64.29991092681885,68.25370760094664,60.34611425269107,65.7503962355274,63.191206626799,60.04148415816713,59.459704128540324,68.75958251953125
2019-02-15,67.6659003823425,67.87512849709773,66.75291090906133,67.24744415283203,13924600,0.0,0,-0.0018350117847754088,1.2619580424786685,64.621537399292,68.4314173431661,60.811657455417894,66.01529522776713,63.191206626799,60.21414770259385,59.459704128540324,69.38725280761719
2019-02-19,67.00968326366281,67.14282710242728,66.36298150860893,66.76241302490234,9208400,0.0,0,-0.007212632896907767,1.2528560023869695,64.89904460906982,68.47401395403685,61.32407526410279,66.58171925272485,63.191206626799,60.21414770259385,59.459704128540324,69.17803192138672
2019-02-20,66.79094633594691,67.14282335197149,66.61976037341253,66.94310760498047,9671800,0.0,0,0.002706531593019701,1.2562468967389342,65.15294532775879,68.54460883724605,61.76128181827153,66.58171925272485,63.78724764150755,60.21414770259385,59.459704128540324,70.33828735351562
2019-02-21,66.70534736202787,67.45666310119437,66.70534736202787,67.23792266845703,10933500,0.0,0,0.004403964411335837,1.2617793633640235,65.37239036560058,68.70621064807374,62.03857008312743,66.63877967106362,63.78724764150755,59.94214400660316,59.6008617534402,70.6996841430664
2019-02-22,67.29499009959231,67.89413732474235,67.28547775309312,67.80854797363281,11311600,0.0,0,0.008486658756390764,1.27248765424675,65.70031147003174,68.60611052395359,62.79451241610989,67.16660246482627,63.78724764150755,59.998911602497735,59.6008617534402,70.33828735351562
2019-02-25,68.3791685017114,68.54084212052364,67.50422123494486,67.57079315185547,12071200,0.0,0,-0.003506266228703092,1.2680259737582231,65.90517845153809,68.72983991416787,63.080516988908315,67.41862487818946,64.03927005487074,60.10771201268838,59.77966057672239,70.63312530517578
2019-02-26,67.52325110017071,67.95121246538858,67.44716682232875,67.6563949584961,12302300,0.0,0,0.0012668462607541287,1.269632367721618,66.1233139038086,68.77424812507356,63.472379682543625,67.45191181456627,64.03927005487074,60.10771201268838,59.77966057672239,70.69017791748047
2019-02-27,67.36155299466121,67.64685804928878,66.49611097396595,66.71485137939453,13274800,0.0,0,-0.013916549642929543,1.25196346584795,66.28774948120117,68.63678842692819,63.93871053547416,67.45191181456627,64.03927005487074,60.10771201268838,61.03802091950476,70.70918273925781
2019-02-28,66.70534687785467,67.03820644195687,66.3629749674083,66.81947326660156,18956700,0.0,0,0.001568194862821004,1.2539267885235323,66.40490837097168,68.60858383726394,64.20123290467943,67.45190854396597,64.03927005487074,60.43648187485718,61.03802091950476,71.35588073730469
2019-03-01,67.17135661222888,67.62785495454041,67.00017064083643,67.38058471679688,8067700,0.0,0,0.008397424025725853,1.2644565434639812,66.55059509277343,68.60081291992164,64.50037726562523,67.45190854396597,64.03927005487074,60.4293850247187,61.03802091950476,71.51757049560547
2019-03-04,67.51372725207027,67.85609918824775,66.92409233871616,67.4756851196289,9219700,0.0,0,0.0014113917715576907,1.2662411870249186,66.70245666503907,68.54125293946664,64.86366039061149,67.45190854396597,65.44894852790442,60.457772912760504,61.03802091950476,71.44148254394531
2019-03-05,67.7039350252243,68.36965417505368,67.58029628611702,68.07483673095703,10496100,0.0,0,0.008879518752064275,1.2774847993897425,66.9093463897705,68.33855794265467,65.48013483688634,67.45190854396597,65.44894852790442,61.195731375118555,61.03802091950476,71.78387451171875
2019-03-06,68.29357962284573,68.64546394109477,67.67541486260188,67.78002166748047,7666100,0.0,0,-0.004330749475635498,1.271952332764653,67.01823997497559,68.36080328746031,65.67567666249086,67.50421945425154,65.63844054711475,61.195731375118555,61.02860328579146,72.15477752685547
2019-03-07,67.71343354075309,67.86560204924889,67.00967232844457,67.15232849121094,7814700,0.0,0,-0.00926074027165269,1.2601731125729967,67.10193099975587,68.2414231839418,65.96243881556993,67.50421945425154,66.04052882538515,61.195731375118555,61.019195763281836,72.89657592773438
2019-03-08,66.71484709121705,66.82896620341555,65.64968942400876,65.96353149414062,12363900,0.0,0,-0.01770298995999675,1.2378642806132591,67.11239166259766,68.20456373679582,66.0202195883995,67.14757668255177,66.05472840150696,61.4417028753157,60.99940480148494,72.43058013916016
2019-03-11,65.98257851017671,66.58173314101553,65.75433292765518,66.26789093017578,11518300,0.0,0,0.004614056117692833,1.2435758558700962,67.10906372070312,68.21116583471395,66.00696160669229,67.14757668255177,66.05472955917617,62.04721140494931,61.453535890274416,71.99308776855469
2019-03-12,66.32493391087294,67.12380413343719,66.27738668997156,66.61975860595703,12751700,0.0,0,0.005309776285954193,1.2501789654593805,67.1119171142578,68.20856926984861,66.015264958667,67.14757668255177,66.05472955917617,62.106340888623265,61.453535890274416,71.44148254394531
2019-03-13,66.65779264629676,67.4281330755223,66.55318585930485,66.66730499267578,13798600,0.0,0,0.0007136979735993254,1.2510712156536654,67.12855987548828,68.18652025471057,66.07059949626598,67.14757668255177,66.31962855141589,62.279004433049984,61.453535890274416,72.33544921875
2019-03-14,66.75289988488049,67.41861899843572,66.75289988488049,67.27596282958984,9249200,0.0,0,0.00912978013706911,1.2624932207883992,67.13949623107911,68.19881726085558,66.08017520130264,67.14757668255177,66.88605257637363,62.279004433049984,61.453535890274416,71.70777893066406
2019-03-15,67.33303510468998,67.72295425827238,67.08576487571412,67.20939636230469,13096900,0.0,0,-0.0009894539518336964,1.2612440418819268,67.13141250610352,68.18594649004432,66.07687852216272,67.14757668255177,66.88605257637363,63.10783864612057,61.57753086682816,72.26888275146484
2019-03-18,67.31401129122756,67.63736578808563,66.99066405016431,67.3710708618164,5682400,0.0,0,0.002405534170254686,1.264278007521704,67.13759384155273,68.196261990051,66.07892569305446,67.14757668255177,66.94311299471238,63.10783864612057,61.57753086682816,72.64930725097656
2019-03-19,67.47568444598,68.18895809659624,67.39960743765162,67.88462829589844,7810700,0.0,0,0.007622818333040682,1.2739153690955005,67.19370460510254,68.2856846154964,66.10172459470868,66.91932376030249,67.14757668255177,63.380907141757504,61.782008808002715,73.33403015136719
2019-03-20,68.28407928062352,68.85469685212423,67.84659831148367,68.12239837646484,9512400,0.0,0,0.0035025614271615435,1.2783773359287627,67.25266914367675,68.4102728514941,66.09506543585941,67.2521931380665,67.2521931380665,63.95489693449676,62.09109248238683,73.65738677978516
2019-03-21,67.82756284258377,68.89272068053553,67.82756284258377,68.7215347290039,8044400,0.0,0,0.00879499792752525,1.2896206619488515,67.3268497467041,68.65123168624613,66.00246780716206,67.32352680409537,67.27120505227214,63.961996722557664,62.09109248238683,73.14384460449219
2019-03-22,68.5218377770277,68.86420977393685,68.17946578011855,68.43624114990234,8022800,0.0,0,-0.004151443651929321,1.2842668744384071,67.35823440551758,68.75535082350774,65.96111798752742,67.58505368525354,67.27120505227214,64.02381532093338,62.15291050192794,73.8761215209961
2019-03-25,68.47427015822076,68.9307684851586,68.21749483767712,68.75958251953125,6453800,0.0,0,0.0047247096596181315,1.2903346625455938,67.41767387390136,68.94265490675033,65.8926928410524,67.74197717223171,67.29022895458368,64.47080143116321,62.59989661215776,73.7239761352539
2019-03-26,69.15900729424507,69.60599323078625,68.78810561409261,69.38725280761719,7624000,0.0,0,0.009128477298529836,1.3021134532201475,67.50421676635742,69.25581600706973,65.7526175256451,68.17944655783337,67.6278413273975,64.60325092728306,62.59989661215776,73.67642211914062
2019-03-27,69.3682425821306,69.67257238352602,69.0639127807352,69.17803192138672,7662700,0.0,0,-0.0030152640112521834,1.2981872373860854,67.62737579345703,69.48405155985529,65.77070002705878,68.33161821684516,67.66113090376739,64.88646293976193,62.59989661215776,74.22802734375
2019-03-28,69.39676822042782,70.35731204635059,69.32068396067675,70.33828735351562,6709600,0.0,0,0.016772021404821258,1.3199604615189906,67.80331649780274,69.96572194424314,65.64091105136234,68.67398804825746,68.00350073517967,65.18448344711621,62.59989661215776,74.23751068115234
2019-03-29,70.38584923620988,70.83283523953888,69.92935088546245,70.6996841430664,9099500,0.0,0,0.0051379810789879965,1.3267423933952875,67.96927146911621,70.46419669524523,65.47434624298718,69.11622133859525,68.24126233177381,65.21301365628558,62.59989661215776,74.14241790771484
2019-04-01,71.09911543943761,71.26078904956286,70.11955417647425,70.33828735351562,8108400,0.0,0,-0.005111717172872621,1.3199604615189908,68.11240158081054,70.80076280470956,65.42404035691152,69.54417594607332,68.45523923678581,65.47692505316691,62.59989661215776,74.5723876953125
2019-04-02,70.38586227286065,70.80431131143821,70.224181359982,70.63312530517578,5520900,0.0,0,0.004191713542559317,1.325493357661183,68.24031600952148,71.1464401474227,65.33419187162026,69.54417594607332,68.45523923678581,65.7289474665301,62.85191902552096,74.4290542602539
2019-04-03,70.90891111402944,71.11813921910758,70.25270426858754,70.69017791748047,6755600,0.0,0,0.0008077316706316395,1.3265640006253778,68.38582382202148,71.47299205896462,65.29865558507834,69.7201274148407,68.45523923678581,65.7455909347185,62.85191902552096,74.92587280273438
2019-04-04,70.8518388996104,71.01351249530627,70.35730576695431,70.70918273925781,5449800,0.0,0,0.0002688467102109904,1.3269206429928302,68.56366653442383,71.75529547218086,65.3720375966668,69.73914194361998,68.45523923678581,65.7455909347185,62.85191902552096,73.2634048461914
2019-04-05,70.7091791317218,71.40343520692727,70.7091791317218,71.35588073730469,5346200,0.0,0,0.009145884211837041,1.339056505551939,68.83328399658203,72.01164160853091,65.65492638463314,70.09577041050994,68.52656231546801,65.74558929941836,62.85191902552096,73.62647247314453
2019-04-08,70.82332151921656,71.61267945635572,70.82332151921656,71.51757049560547,5140400,0.0,0,0.0022659626176577685,1.3420907575364511,69.09576797485352,72.25005803823969,65.94147791146735,70.33829611854546,68.63118444018224,65.74558929941836,62.85191902552096,74.29529571533203
2019-04-09,71.20372469007197,71.54609658011309,71.13715278121919,71.44148254394531,4905800,0.0,0,-0.001063905710622981,1.3406628995153338,69.33685417175293,72.43322071859755,66.24048762490831,70.46668170851623,68.63118444018224,66.4504285359352,62.85191902552096,75.38448333740234
2019-04-10,71.52709189446965,72.10722180064468,71.52709189446965,71.78387451171875,6066300,0.0,0,0.0047926212556244074,1.347088189024178,69.59268264770508,72.60807934764142,66.57728594776873,71.01828634305357,68.87845561232672,66.4504285359352,62.85191902552096,75.39405059814453
2019-04-11,72.04065111102865,72.34498096410412,71.94554939240432,72.15477752685547,6042600,0.0,0,0.005166940592990166,1.3540485136703846,69.83662338256836,72.85225468328021,66.82099208185652,71.2322675702892,68.99733519405643,66.57133000068315,62.904229935806526,73.24430084228516
2019-04-12,72.37350562865012,73.18188106340216,72.3449758406629,72.89657592773438,5194800,0.0,0,0.010280655367592484,1.3679690197904306,70.12098236083985,73.16476898774454,67.07719573393516,71.70303121169208,69.41578524370546,66.77237413981834,62.904229935806526,74.07553100585938
2019-04-15,72.91560109795364,72.94413088896546,72.35449585926445,72.43058013916016,7632200,0.0,0,-0.006392560729274632,1.359224194755654,70.37395782470703,73.29892216540183,67.44899348401223,71.71729266599485,69.46810699552867,66.60115254202937,62.904229935806526,73.8080062866211
2019-04-16,72.73489849649104,72.81097550855529,71.66974051384499,71.99308776855469,8336600,0.0,0,-0.006040161072366379,1.3510142616858725,70.57938079833984,73.34739641246365,67.81136518421603,71.76959341517824,69.72963387668686,66.60115312086397,62.904229935806526,73.00544738769531
2019-04-17,71.90748590591475,72.24034545017865,71.13715278121919,71.44148254394531,9439000,0.0,0,-0.007661919244007054,1.3406628995153336,70.74533500671387,73.29096705631537,68.19970295711238,71.94553009756197,69.8675334613535,66.60115312086397,63.02248890315443,72.75703430175781
2019-04-18,71.78385649632008,72.5256598607897,71.527073943515,72.33544921875,6607800,0.0,0,0.012513271603158405,1.3574389785052468,70.92603073120117,73.38190461678323,68.4701568456191,72.00260129130936,69.96739047414133,66.73360261698383,63.36781599200787,72.32706451416016
2019-04-22,72.00259638359285,72.33545596847934,71.52708061781364,71.70777893066406,4883100,0.0,0,-0.008677215595741972,1.345660187830693,71.08960762023926,73.2789674044319,68.90024783604663,72.15951692231067,70.08627255678323,67.0168146294627,63.36781599200787,71.92579650878906
2019-04-23,71.78386190326727,72.33545466724459,71.71728998748752,72.26888275146484,5273900,0.0,0,0.007824866829905908,1.3561897995987744,71.26507263183593,73.22779751232636,69.30234775134551,72.15951692231067,70.08627255678323,67.0168146294627,63.36781599200787,72.77613067626953
2019-04-24,72.32595997236707,73.11531072841785,72.19281612166957,72.64930725097656,9347300,0.0,0,0.005264015230732388,1.3633288033596263,71.42817535400391,73.27727470703266,69.57907600097516,72.15951692231067,70.2907442505269,67.04534483863208,63.36781599200787,72.67103576660156
2019-04-25,72.3829987731944,73.44815652883362,72.23083026990582,73.33403015136719,11084500,0.0,0,0.009425043765732832,1.3761782369983748,71.63597526550294,73.35505900730021,69.91689152370566,72.29265465502641,70.63785968570869,67.03345022142713,63.36781599200787,72.82391357421875
2019-04-26,73.1818710297393,73.7239586945598,71.38442207502953,73.65738677978516,12550500,0.0,0,0.004409366671251247,1.3822463114502967,71.8019302368164,73.62663847915665,69.97722199447615,72.43055573788949,70.77576076857179,67.2521931380665,63.600156405962494,75.02142333984375
2019-04-29,73.51474635191137,73.86662340388602,72.83950752374274,73.14384460449219,5426800,0.0,0,-0.0069720390275087585,1.3726092362212352,71.9241382598877,73.76468358385398,70.08359293592142,72.5018880925526,71.0230445920023,67.29736592818375,63.61916832016814,76.39726257324219
2019-04-30,73.22941986056712,73.98073555840328,72.9346024401254,73.8761215209961,7384400,0.0,0,0.010011463308546631,1.3863510632266363,72.10102996826171,73.9779885057776,70.22407143074582,72.55894416981124,71.09911519804021,67.42812936876284,63.61916832016814,77.77310180664062
2019-05-01,73.8666323451744,74.32313076576068,73.58132718112968,73.7239761352539,6678000,0.0,0,-0.002059466341894356,1.3834959198738714,72.25557250976563,74.13261411076209,70.37853090876916,72.8537764203951,71.55561818992665,67.5161030634077,63.638192222479674,78.80498504638672
2019-05-02,73.85712045212289,73.95222216471518,72.99167817920322,73.67642211914062,6247500,0.0,0,-0.0006450278268502752,1.382603526507219,72.40488471984864,74.23405337711858,70.57571606257869,72.8537764203951,71.69352177324794,67.90364394261545,63.97580459529351,78.27949523925781
2019-05-03,73.79054637513813,74.56088698874069,73.55278844931676,74.22802734375,4967900,0.0,0,0.007486862265344341,1.3929548886777579,72.58082695007325,74.4005385730431,70.7611153271034,72.97265453188511,71.94078547470872,67.99637456030626,64.00909417166339,78.69988250732422
2019-05-06,73.41962307554681,74.25653537288862,73.24843712888998,74.23751068115234,5607500,0.0,0,0.00012775952348054176,1.3931328519305652,72.72490844726562,74.590102519249,70.85971437528224,72.97265453188511,72.24511893710158,68.33874439171856,64.94750501778422,79.23493957519531
2019-05-07,73.77151618797859,74.88422134718736,73.62886000597352,74.14241790771484,8115800,0.0,0,-0.0012809262132443822,1.3913483515419955,72.8561508178711,74.73254041586222,70.97976121987998,73.13432171110844,72.5018877618308,68.67874183518452,65.18526661437838,79.63621520996094
2019-05-08,74.12332796594515,75.13609600956866,73.68382471513763,74.5723876953125,7799900,0.36,0,0.005799241510208608,1.3994171166574183,73.01269607543945,74.91339145651945,71.11200069435945,73.2602590422991,72.68013868477533,68.99970759142957,65.39924351939035,80.48656463623047
2019-05-09,74.12331261477493,74.74435238231354,73.9035573901545,74.4290542602539,7326600,0.0,0,-0.0019220711511105382,1.3967273373891207,73.14495506286622,75.05341175096338,71.23649837476906,73.9878017666557,72.6944001390781,68.99970759142957,65.39924351939035,79.32090759277344
2019-05-10,74.17107161052667,75.2889459751245,73.72201931694433,74.92587280273438,6448600,0.0,0,0.006675061874940047,1.4060505787886133,73.28350982666015,75.28541329447344,71.28160635884686,74.11177420762496,72.82312587103941,69.08768332581326,65.39924351939035,79.22538757324219
2019-05-13,73.80800732712402,74.31439119490021,72.69014022775525,73.2634048461914,9778500,0.0,0,-0.02218816937801893,1.37485289039239,73.30185127258301,75.29585916727252,71.30784337789349,73.98954310143988,72.99906255342316,69.0971905902029,65.39924351939035,80.0757064819336
2019-05-14,73.33028732601693,74.27617433321383,73.26340657377987,73.62647247314453,6870900,0.0,0,0.004955647744127489,1.3816661770171703,73.36164588928223,75.31853911769305,71.40475266087141,73.98954310143988,73.05613374717053,69.31116636298898,65.47056659807257,80.91651916503906
2019-05-15,73.27297136401567,74.46727585337852,73.12009689043829,74.29529571533203,5415500,0.0,0,0.009084004974317494,1.3942172394420405,73.4767562866211,75.36710207229368,71.58641050094852,73.98954310143988,73.21304937817185,69.48474027936385,65.57518872278679,80.08527374267578
2019-05-16,74.19973559986157,75.7093305842061,74.11374190606065,75.38448333740234,6941800,0.0,0,0.014660250175779765,1.414656812971646,73.67390632629395,75.49449638370969,71.8533162688782,74.19973540598068,73.42324168271264,69.54893307434924,66.98486719582047,79.92284393310547
2019-05-17,75.02142092430412,76.10107675191911,74.87811022989105,75.39405059814453,7379900,0.0,0,0.00012691286480492892,1.414836351120496,73.82683639526367,75.68587255265797,71.96780023786937,74.39560848983717,73.61911476656914,69.94837097769015,67.23213836796495,80.49612426757812
2019-05-20,74.8112275698917,74.92587612250102,73.15830713837289,73.24430084228516,11475000,0.0,0,-0.02851351981760053,1.3744943867841601,73.90366249084472,75.51389476568673,72.29343021600272,74.39560848983717,73.61911476656914,70.11480138217281,67.48819905861941,79.66488647460938
2019-05-21,73.61692222270673,74.38127262444621,73.33028626614494,74.07553100585938,5808500,0.0,0,0.011348735041707636,1.390093159396088,73.99399490356446,75.41718532427798,72.57080448285093,74.39560848983717,73.61911476656914,70.55940822769877,68.30873738653885,79.83686828613281
2019-05-22,73.76023119848529,74.25706587305962,73.48315901355366,73.8080062866211,5602300,0.0,0,-0.0036115126763940353,1.3850728203295604,74.05192985534669,75.33773555706313,72.76612415363024,74.39560848983717,73.61911476656914,70.59269983076176,68.32293696266066,80.09483337402344
2019-05-23,73.45449974678908,73.51183131837281,72.31752684433872,73.00544738769531,9213200,0.0,0,-0.010873602191734832,1.3700120894747125,74.03550071716309,75.36569742007231,72.70530401425387,74.2093017981289,73.61911476656914,70.74961364593256,68.32293812032987,80.78275299072266
2019-05-24,73.4067362654809,73.62648421955193,72.58505415578827,72.75703430175781,5627600,0.0,0,-0.0034026650726253216,1.3653503971887826,73.99048309326172,75.4267264703382,72.55423971618524,74.2093017981289,73.74274941347431,70.90653177945774,68.32293812032987,81.6999740600586
2019-05-28,72.95766067497117,73.26340228005851,71.96399863607358,72.32706451416016,16205200,0.0,0,-0.005909666216112774,1.3572816320733598,73.94964408874512,75.52144955289772,72.37783862459251,74.03253769399635,73.74274941347431,70.98499588272534,68.58783711256959,83.8783950805664
2019-05-29,71.97357160687447,72.12643879972606,71.01812796081839,71.92579650878906,10511600,0.0,0,-0.005547964763488178,1.349751481404487,73.85212783813476,75.65744918877736,72.04680648749216,73.55960235636874,73.55960235636874,71.12289473954695,69.15426113752731,83.8783950805664
2019-05-30,72.27930325659328,73.02454803083542,72.26019030422755,72.77613067626953,7178400,0.0,0,0.01182238096420063,1.3657087576246452,73.80473556518555,75.670444833146,71.93902629722511,73.55960235636874,73.55960235636874,71.12289473954695,69.15426113752731,83.54397583007812
2019-05-31,72.23153259813822,72.91945313641335,72.02133384594792,72.67103576660156,7625700,0.0,0,-0.0014440848763376257,1.3637365582622776,73.7544662475586,75.68506009552911,71.82387239958808,72.9720020416597,73.55960235636874,71.22513058641879,69.21132155586608,83.34335327148438
2019-06-03,72.72837067051475,73.12009876253802,72.27931100470403,72.82391357421875,8122200,0.0,0,0.0021036965553675735,1.3666054461623227,73.68426055908203,75.64308673017575,71.72543438798832,72.6997002926323,73.55960235636874,71.46525717036755,69.54892297642118,84.44210052490234
2019-06-04,73.34939714960423,75.250735037199,73.2443050668027,75.02142333984375,11685000,0.0,0,0.030175661506922413,1.4078436695192336,73.7234561920166,75.7557986452109,71.6911137388223,73.13443149900868,73.55960235636874,71.60315825323065,69.68682405928428,85.10135650634766
2019-06-05,75.27939541032866,76.4068190494383,75.15519037760122,76.39726257324219,7437100,0.0,0,0.018339284595627392,1.4336625152406992,73.83619842529296,76.1790657048905,71.49333114569542,73.71247350512834,73.71247350512834,71.76246634227745,69.75815641394739,85.7701644897461
2019-06-06,76.4641415967145,77.99284972798804,76.33993656679881,77.77310180664062,10457200,0.0,0,0.018009012195684626,1.4594813609621649,73.99623413085938,76.89617465758887,71.09629360412988,74.50548884440322,74.50548884440322,71.82902968392573,69.81521249120601,86.14278411865234
2019-06-07,77.96419008023379,79.61711058368441,77.87820366203485,78.80498504638672,11278800,0.0,0,0.013267867884600548,1.4788455668394478,74.21503067016602,77.80022814108132,70.62983319925071,75.31761927225139,75.31761927225139,72.20469730516088,69.98641009488472,86.06636047363281
2019-06-10,79.15850161076798,79.16805808791334,77.75399833810702,78.27949523925781,8102800,0.0,0,-0.006668230529065955,1.468984283682875,74.3827117919922,78.37995089860244,70.38547268538194,75.31761927225139,75.31761927225139,72.27364909682152,69.98641009488472,86.22876739501953
2019-06-11,78.63300175493231,79.16804777406755,78.20304781287982,78.69988250732422,6226400,0.0,0,0.005370336980093038,1.4768732243047127,74.65453567504883,79.03565645589394,70.27341489420373,75.81922221481616,75.31761927225139,72.45672000329691,70.10528820637472,87.423095703125
2019-06-12,78.91008495438223,79.94196581185014,78.65211838474342,79.23493957519531,6088800,0.0,0,0.006798702244838806,1.4869140456101355,74.93495903015136,79.72082209332598,70.14909596697674,75.98164982889904,75.48004688633426,72.60888673449335,70.10528820637472,86.27655029296875
2019-06-13,79.61710954709513,80.30503004155261,79.32091710175867,79.63621520996094,7156800,0.0,0,0.0050643773683300974,1.4944443394513756,75.2020050048828,80.39836255935869,70.00564745040693,76.29217052312832,75.6615790011855,72.81810473646962,70.26695538559807,86.86893463134766
2019-06-14,79.81775705018363,80.84008138283008,79.67443905618616,80.48656463623047,9226500,0.0,0,0.010677923656060129,1.5104019020162684,75.45710906982421,81.14733716538879,69.76688097425964,77.04219322481639,75.92910467182423,72.9701988635372,70.39289271678871,86.09501647949219
2019-06-17,80.87828499476515,80.91650360537064,79.19670257539654,79.32090759277344,9313700,0.0,0,-0.01448262885520546,1.4885273118471705,75.65345191955566,81.58982083988343,69.7170829992279,78.03584699148593,75.9673157830945,73.3411009528669,70.39289271678871,86.61095428466797
2019-06-18,79.82732175216199,80.36236787612917,79.19672542938063,79.22538757324219,10582600,0.0,0,-0.0012042224733690432,1.4867347938060205,75.95250625610352,81.97620910188007,69.92880341032696,78.62822008608472,75.9673157830945,73.46745003933219,70.46931769956663,86.92623901367188
2019-06-19,79.37823690414704,80.18080583575694,78.42279353444702,80.0757064819336,5401400,0.0,0,0.010732909421305115,1.5026917836814433,76.25251502990723,82.46911310296241,70.03591695685205,79.33525097173883,75.9673157830945,73.49430282743151,70.46931769956663,94.69400787353516
2019-06-20,80.64899612881246,81.05028068315235,80.09483710265391,80.91651916503906,5215800,0.0,0,0.010500221853118052,1.5184703807869562,76.60794067382812,83.03641300887385,70.1794683387824,79.4021395106297,76.03420432198537,73.5228384243052,70.46931769956663,93.65257263183594
2019-06-21,80.66809485984432,80.9929421503551,80.07571726664446,80.08527374267578,12610000,0.0,0,-0.010272876675130549,1.5028713218302931,76.96193199157715,83.33683334426908,70.58703063888521,79.62666424801608,76.03420432198537,73.60129623980586,70.46931769956663,92.34361267089844
2019-06-24,80.33368489729982,80.79229365905572,79.88462532138334,79.92284393310547,6692500,0.0,0,-0.002028210705656286,1.4998231821261332,77.32022247314453,83.51036845635049,71.13007648993856,79.7365371087997,76.03420432198537,73.81148854434666,70.67951000410743,90.47095489501952
2019-06-25,80.4483491712214,81.40379278270599,80.21904474551283,80.49612426757812,7312300,0.0,0,0.007172922111636559,1.5105812969927508,77.72867546081542,83.61439616251252,71.84295475911833,79.91329315857651,76.21096037176218,74.00736162820316,70.87538308796394,91.13020324707033
2019-06-26,80.54390014569368,80.54390014569368,79.47380066624028,79.66488647460938,7576400,0.0,0,-0.010326432490160964,1.4949823812084553,78.11562995910644,83.40579056023904,72.82546935797384,79.91329315857651,76.21096037176218,74.00736162820316,70.87538308796394,91.25442504882812
2019-06-27,79.82731909813425,80.15216643704073,79.50246446977128,79.83686828613281,6084200,0.0,0,0.002158815748494858,1.4982097727167305,78.4686668395996,83.19268497100092,73.7446487081983,79.91329315857651,76.21096037176218,74.00736162820316,70.87538308796394,89.52506256103516
2019-06-28,79.83685953720287,80.21903840950199,79.60755512960567,80.09483337402344,6735300,0.0,0,0.0032311523914752005,1.5030507168067757,78.8398567199707,82.77657624869788,74.90313719124352,79.91329315857651,76.21096037176218,74.00736162820316,70.92770483978714,91.09197998046876
2019-07-01,80.84963374592441,81.17448104563124,80.28591827540494,80.78275299072266,7935100,0.0,0,0.00858881388124999,1.5159601396675084,79.2377986907959,82.11930423871662,76.35629314287517,79.91329315857651,76.21096037176218,73.91420828234902,71.18923172094534,91.32215881347656
2019-07-02,80.96427849796554,81.77640399851396,80.75407976593894,81.6999740600586,6205800,0.0,0,0.011354169490129573,1.533172608033574,79.57172622680665,81.91339389057705,77.23005856303624,80.62510233237711,76.39726597966617,73.97602560580161,71.32713130561197,92.32917022705078
2019-07-03,82.2063687693669,83.9070572224454,82.14904448560891,83.8783950805664,7818600,0.0,0,0.026663668447513,1.57405261412699,79.94578285217285,82.52069794123487,77.37086776311084,81.69042894434284,77.4625925916319,73.88764355373533,71.4269883183998,92.3579559326172
2019-07-05,83.60131555997575,83.97393798331514,83.00893789980367,83.8783950805664,5733100,0.0,0,0.0,1.57405261412699,80.25104751586915,83.15378173338729,77.348313298351,81.72386932477771,77.99763591463153,73.55960235636874,71.54587040104171,91.02486419677734
2019-07-08,83.69684298832179,84.03124673084376,83.29555849729542,83.54397583007812,6359500,0.0,0,-0.0039869533765765075,1.5677769397421872,80.48799705505371,83.64528164279274,77.33071246731468,81.75252369854202,78.02629028839584,73.55960235636874,71.54587040104171,92.67442321777344
2019-07-09,83.40067755818474,83.74463785730005,83.018498638117,83.34335327148438,5355400,0.0,0,-0.0024014006587596004,1.5640120791663021,80.74118995666504,83.96167124898315,77.52070866434693,81.75252369854202,78.15527886777389,73.26580219901422,71.75034209478537,91.03443908691406
2019-07-10,83.5248755677391,84.59497499582422,83.5248755677391,84.44210052490234,5293000,0.0,0,0.013183381880962797,1.5846310476723902,81.02830085754394,84.48734483418758,77.5692568809003,82.04871973279775,78.91964003131346,73.12965132450051,71.96431979725145,91.61947631835938
2019-07-11,84.70962844228792,85.31155525316517,84.33699875236684,85.10135650634766,6191400,0.0,0,0.007807195431512204,1.5970025719484104,81.32162170410156,85.10594172090649,77.53730168729663,82.45955519138542,80.23337281538319,73.34701692768871,71.96431979725145,92.5689468383789
2019-07-12,85.30199919012777,85.81793958314739,84.89115817102636,85.7701644897461,5628000,0.0,0,0.007858957963244206,1.6095533480285458,81.62831916809083,85.79576472796182,77.46087360821983,83.05192892927616,81.07893807497311,73.71247350512834,72.29314241477843,92.70321655273438
2019-07-15,85.8657046460948,86.31475694011397,85.66506239826795,86.14278411865234,6061300,0.0,0,0.004344396808878548,1.6165458864574407,81.91113014221192,86.48292389747778,77.33933638694606,83.53441835302645,82.03437763911049,74.50548884440322,73.10517228283258,91.7153778076172
2019-07-16,86.20012199328919,86.44853936813222,85.59818786537939,86.06636047363281,5591900,0.0,0,-0.0008871740773349623,1.6151117288521533,82.24840278625489,86.99979799768705,77.49700757482272,84.29879192687056,82.10126885311962,75.31761927225139,74.2026080988885,92.37712860107422
2019-07-17,86.06634376546204,86.35297241360092,85.73194003123933,86.22876739501953,4635900,0.0,0,0.0018869965047083603,1.6181594390392107,82.59857177734375,87.4395974729827,77.7575460817048,84.72873863396794,82.32579359050601,75.31761927225139,74.34051168220981,92.54016876220705
2019-07-18,86.30522835999727,87.46131432461526,85.94215510056806,87.423095703125,6470200,0.0,0,0.013850694428162003,1.6405720709653888,82.96594123840332,88.0951752563259,77.83670722048073,85.23990648136612,82.94205392953114,75.56842074353378,74.46889727218058,90.82343292236328
2019-07-19,87.33709315285472,87.5281789355824,86.20966954006853,86.27655029296875,10804800,0.0,0,-0.01311490288618622,1.6190561275768884,83.2339427947998,88.46704877909035,78.00083681050926,85.2733387868497,82.97548623501471,75.73084835761665,74.93565834865629,92.5497589111328
2019-07-22,86.48675571467581,87.11735202060284,86.03770332375215,86.86893463134766,5636600,0.0,0,0.0068661106218010914,1.6301727460517363,83.5731258392334,88.82547891926366,78.32077275920314,85.52652725166075,82.97548623501471,75.97687476215691,75.21229210901343,92.1565399169922
2019-07-23,87.18422151304668,87.2893208837805,85.19689723484159,86.09501647949219,7609200,0.0,0,-0.00890903238470464,1.6156494842644986,83.88173446655273,88.96050511275344,78.80296382035202,85.93258884397463,82.97548623501471,76.48564894832032,75.53213137140604,93.096435546875
2019-07-24,85.89437166337638,86.70649717628243,85.68417292815131,86.61095428466797,5388100,0.0,0,0.005992655861778884,1.6253315156169563,84.18747596740722,89.1477557400969,79.22719619471755,86.20966855330438,82.97548623501471,77.00158138729022,75.58460393697908,93.7006378173828
2019-07-25,87.41350987277437,87.47084143048674,86.43896086511513,86.92623901367188,8106300,0.0,0,0.0036402407941107384,1.631248113704059,84.55054359436035,89.1822141347911,79.9188730539296,86.362538085212,82.97548623501471,77.29776793458961,75.63690468616247,92.60730743408205
2019-07-26,92.10475680843604,95.27682900403428,90.96777668673197,94.69400787353516,20846500,0.0,0,0.08936046178923673,1.7770171984374752,85.29340057373047,91.2542491085217,79.33255203893923,90.23686311943794,87.37531483513729,77.65128337741666,75.81284136854622,92.80870819091795
2019-07-29,93.68124206119356,94.53158622907654,92.87866569666184,93.65257263183594,11184500,0.0,0,-0.010997900132076688,1.7574737407560772,85.97128753662109,92.4780087851628,79.46456628807938,90.23686311943794,87.37531483513729,77.71817191630754,75.93680110118446,92.17572784423828
2019-07-30,93.15573816107832,93.90098290005412,92.21940035476568,92.34361267089844,7248300,0.0,0,-0.01397676459015429,1.7329099440081517,86.54933052062988,93.16396178931684,79.93469925194292,90.23686311943794,87.37531483513729,77.83043428500073,76.03420432198537,91.6482391357422
2019-07-31,92.34362343650923,92.34362343650923,89.33397470254306,90.47095489501952,9912100,0.0,0,-0.020279234499443355,1.6977678568871932,86.98787956237793,93.41675068180288,80.55900844295297,90.23686311943794,87.37531483513729,77.88537071539253,76.03420432198537,91.82087707519533
2019-08-01,90.76713732198648,93.23218343241086,90.3658527801376,91.13020324707033,8342300,0.0,0,0.007286850822076474,1.7101392379908467,87.35046997070313,93.85532423330912,80.84561570809714,90.23686311943794,87.37531483513729,78.06212676516935,76.21096037176218,90.30554962158205
2019-08-02,90.76714674630014,91.76080901699444,90.57606093209056,91.25442504882812,6381700,0.0,0,0.0013631243795320103,1.7124703704785462,87.71927146911621,94.23135268296517,81.20719025526725,90.23686311943794,87.38964673690279,78.06212676516935,76.21096037176218,86.6515121459961
2019-08-05,90.298976835221,91.26396962450288,88.88491709738332,89.52506256103516,8917400,0.0,0,-0.01895099867066863,1.6800173467640478,88.01832580566406,94.27772508821417,81.75892652311396,90.48050096609279,87.44219206681998,78.06212676516935,76.21096037176218,87.2557144165039
2019-08-06,90.10787433973536,91.44549670040776,89.62060340213009,91.09197998046876,7438000,0.0,0,0.017502555983865742,1.7094219444296512,88.40575714111328,94.41111505012925,82.40039923209731,90.85789493457472,87.78137363971962,78.06212676516935,76.21096037176218,88.29150390625
2019-08-07,90.72753595522936,91.7825058571456,90.31513776518852,91.32215881347656,6414000,0.36,0,0.002526883629680121,1.7137414547572465,88.749760055542,94.59176134648386,82.90775876460013,92.0808730507088,88.01545438498661,78.06212676516935,76.21096037176218,86.77619171142578
2019-08-08,91.3317492184435,92.46344603825835,90.5740871061274,92.32917022705078,7423600,0.0,0,0.0110270215537831,1.7326389187164664,89.11115074157715,94.89907101063042,83.32323047252387,91.70825166322993,88.7129367448216,78.51118415602164,76.39726597966617,85.75958251953125
2019-08-09,92.21409472931585,92.87584455716645,91.51397410902784,92.3579559326172,5209200,0.0,0,0.0003117726011794275,1.7331791080590593,89.4405403137207,95.17951518265824,83.70156544478317,91.39294999871872,89.14288345191898,79.57651076798737,77.4625925916319,87.0351333618164
2019-08-12,91.85924607790952,92.0894196330061,90.43983395154758,91.02486419677734,5513800,0.0,0,-0.014433967516696233,1.7081624571127183,89.68464431762695,95.2527264171265,84.1165622181274,91.0585502648971,89.14766382107564,79.86075261970461,77.49603297206676,87.23655700683594
2019-08-13,90.6507960304451,92.7127866854341,90.3534883024292,92.67442321777344,8915600,0.0,0,0.01812207066225424,1.7391178978631248,90.01504745483399,95.46686913748735,84.56322577218063,91.0585502648971,89.14766382107564,79.88940699346892,77.52468734583107,87.81199645996094
2019-08-14,91.98391861179503,93.04847392533377,90.98649023188295,91.03443908691406,9989500,0.0,0,-0.017696189238811,1.7083421384339357,90.25533103942871,95.43224346274994,85.07841861610748,90.96669551135855,89.40085228588669,79.95390128315796,77.52468734583107,86.38298034667969
2019-08-15,91.5907055397088,92.32918235438584,90.73713829334427,91.61947631835938,5559400,0.0,0,0.006426548428411394,1.7193208819188772,90.46515007019043,95.50268684944703,85.42761329093383,90.96669551135855,89.80691387820056,80.4841798820556,77.8065514783213,87.09268951416016
2019-08-16,92.34836599486366,92.86626195197792,91.92637507045536,92.5689468383789,4852200,0.0,0,0.010363195230676858,1.737138539882382,90.77976989746094,95.50460808228682,86.05493171263505,91.33453866373193,90.08399358753033,81.34646400338431,78.16484160699179,86.23912048339844
2019-08-19,93.24988325191012,93.42251522623324,92.281225656148,92.70321655273438,5324900,0.0,0,0.0014504833309803011,1.7396582303780848,91.07148399353028,95.50269117165729,86.64027681540327,91.86882649571089,90.23686311943794,82.06543350212463,78.41803377198289,86.6515121459961
2019-08-20,92.40590573687918,93.14438984009512,91.677014331871,91.7153778076172,6809100,0.0,0,-0.010655927397678178,1.7211205585784026,91.35250205993654,95.14628820808531,87.55871591178777,91.88800176433122,90.23686311943794,82.78439799606846,78.66644245046618,86.1240234375
2019-08-21,92.32917243042104,92.69362176638272,91.81128383620536,92.37712860107422,4740500,0.0,0,0.007215265414324712,1.7335389002185966,91.64081077575685,94.75902772602176,88.52259382549194,91.88800176433122,90.23686311943794,83.20003038999509,78.73333366447531,84.75257110595703
2019-08-22,92.6360737873496,92.88543270638772,91.78250662453743,92.54016876220705,5146200,0.0,0,0.0017649407770283787,1.7365984937121572,91.9215072631836,94.17408386844309,89.66893065792411,91.88800176433122,90.23686311943794,83.52726611223697,78.73333366447531,84.80052185058594
2019-08-23,92.46344015656192,93.125189887766,90.52612517815687,90.82343292236328,8076600,0.0,0,-0.018551250368422423,1.7043824202658777,91.72797851562501,93.62857299022116,89.82738404102886,91.88800176433122,90.23686311943794,84.09098020544863,79.23972114271683,82.96870422363281
2019-08-26,91.47560363469783,92.5497589111328,91.11116162235872,92.5497589111328,5802600,0.0,0,0.019007495458195134,1.736778461378109,91.67283782958985,93.40130101693065,89.94437464224906,91.97432020219506,90.23686311943794,84.12441251093222,79.27315344820039,80.86835479736328
2019-08-27,92.74157007350895,93.12519748522094,92.09899836621489,92.1565399169922,6539800,0.0,0,-0.004248730615475371,1.7293993575569535,91.66348419189454,93.37916600907059,89.94780237471849,91.97432020219506,90.23686311943794,84.25100674333774,79.27315344820039,81.20402526855469
2019-08-28,92.29082449118428,93.2307040561568,92.0702363304585,93.096435546875,4948800,0.0,0,0.010198903200243636,1.7470373341992405,91.79475822448731,93.52724335643,90.06227309254461,91.97432020219506,90.48050096609279,84.45403753949466,79.27315344820039,82.40284729003906
2019-08-29,93.84449901582154,94.05549446458708,93.08683686665644,93.7006378173828,4514300,0.0,0,0.006490068786828784,1.7583757266713516,91.92327995300295,93.81532775277108,90.03123215323481,92.29080982137198,90.85789493457472,84.59257739415955,79.27315344820039,82.33572387695312
2019-08-30,94.12263178178726,94.12263178178726,92.17573114178796,92.60730743408205,5209500,0.0,0,-0.011668334482755505,1.737858410546192,91.99092407226564,93.87917508459294,90.10267305993834,92.32437847997207,92.0808730507088,84.66901216011335,79.27315344820039,81.43421936035156
2019-09-03,92.47303693558268,93.23069909310212,92.11818760155018,92.80870819091795,5150700,0.0,0,0.002174782556757293,1.741637874703562,92.15510635375978,93.69208358622765,90.6181291212919,92.32437847997207,91.70825166322993,88.80608897728762,83.14747848242634,82.33572387695312
2019-09-04,90.6124546961396,92.38672329233056,89.22180620511517,92.17572784423828,12937000,0.0,0,-0.006820268905990634,1.7297594360612256,92.20929374694825,93.665998644441,90.75258884945549,91.67221899345122,91.5037744395853,88.80608897728762,83.14747848242634,82.44122314453125
2019-09-05,92.5881259534978,92.99093145378542,91.2742044116059,91.6482391357422,5514400,0.0,0,-0.005722642183932036,1.7198606417443671,92.22559776306153,93.64877557525513,90.80241995086793,91.67221899345122,91.5037744395853,88.80608897728762,83.14747848242634,82.8248519897461
2019-09-06,91.8304697735638,92.3963145868607,91.60029623231463,91.82087707519533,3991800,0.0,0,0.0018837016518935545,1.7231003460762477,92.20018310546877,93.63328207071149,90.76708414022605,91.67221899345122,91.5037744395853,88.80608897728762,83.14747848242634,83.0741958618164
2019-09-09,91.87841538731328,92.00309118343296,89.9027368243413,90.30554962158205,6523300,0.0,0,-0.016503081890323568,1.6946638799597065,92.09756278991699,93.75042135949174,90.44470422034225,91.67221899345122,91.5037744395853,88.80608897728762,83.14747848242634,82.9111557006836
2019-09-10,89.96987581790243,90.03701006813725,85.64449839247386,86.6515121459961,12490900,0.0,0,-0.04046304452935501,1.6260926199226073,91.87889518737794,94.76034653298655,88.99744384176932,89.88356508713056,89.88356508713056,88.81325492817037,83.14747848242634,83.16051483154297
2019-09-11,86.48845968754273,87.70646870390397,85.94179307120999,87.2557144165039,8406600,0.0,0,0.006972783919682923,1.6374310123947187,91.60795974731445,95.10074119581552,88.11517829881339,89.88356508713056,89.88356508713056,88.96134651645639,83.14747848242634,82.7577133178711
2019-09-12,88.38741624074228,89.4999276134315,88.01337423380674,88.29150390625,6862200,0.0,0,0.011870735305677282,1.6568685225241635,91.47081298828125,95.24980940641203,87.69181657015048,89.88356508713056,89.88356508713056,89.31963428714717,83.14747848242634,82.50835418701172
2019-09-13,88.37782827077085,88.37782827077085,86.62273782169768,86.77619171142578,6972300,0.0,0,-0.01716260486890353,1.6284323427523573,91.22864875793456,95.52927103609473,86.9280264797744,89.437598742788,89.88356508713056,90.0481637178477,83.14747848242634,81.85618591308594
2019-09-16,86.33502000227156,86.74741820636761,85.72121904507061,85.75958251953125,6339200,0.0,0,-0.011715300842831011,1.6093547679548172,90.88818054199218,95.75757622791846,86.0187848560659,89.31771492312964,89.88356508713056,90.21059420402577,83.14747848242634,80.0435562133789
2019-09-17,85.99934158884835,87.71606851337393,85.98016351175663,87.0351333618164,6493200,0.0,0,0.01487356636787096,1.633291612905443,90.60477638244629,95.67644681020151,85.53310595469107,89.31771492312964,89.88356508713056,90.26791672531886,83.14747848242634,79.35302734375
2019-09-18,87.25574240560995,87.62018449437308,86.37339698914882,87.23655700683594,4510700,0.0,0,0.002314279730947222,1.637071506579916,90.38083534240722,95.63092853991799,85.13074214489646,89.02040648966728,89.88356508713056,90.10310704298637,83.6490814249911,79.77500915527344
2019-09-19,87.26532965656733,88.32989248166318,86.60357972640826,87.81199645996094,4843600,0.0,0,0.006596310914470216,1.6478701392265374,90.15257873535157,95.43285001663774,84.87230745406539,88.8237947879534,89.88356508713056,90.10310704298637,83.6490814249911,79.96682739257812
2019-09-20,87.85994125786654,88.31070295819379,86.37338764833008,86.38298034667969,10913800,0.0,0,-0.016273586422019592,1.6210533821035689,89.8447193145752,95.25013260971438,84.43930601943602,87.84075423030555,89.88356508713056,90.18377389862262,83.77807000436916,80.17781829833984
2019-09-23,86.62274971723035,87.42836811476664,86.24871495600874,87.09268951416016,4532400,0.0,0,0.008215844887872636,1.634371705245893,89.65818214416504,95.17320049011887,84.1431637982112,87.61057332925105,89.88356508713056,90.38680469477956,84.26056703541849,80.68612670898438
2019-09-24,87.85034992824329,88.01338921730208,85.84590764995754,86.23912048339844,5662600,0.0,0,-0.009800696654602037,1.6183537239419135,89.34265022277832,94.88213283580441,83.80316760975222,87.61057332925105,89.88356508713056,90.70926612563113,85.21600969081774,80.7436752319336
2019-09-25,86.25829934235917,86.9008710684759,85.3759540744501,86.6515121459961,4764000,0.0,0,0.004781955802495075,1.626092619922607,89.06739883422851,94.56675033458436,83.56804733387267,86.87689117261047,89.74929292811868,91.05284480757442,85.80838278541654,81.09854125976562
2019-09-26,87.12144440749842,87.41875947619235,85.83630106575332,86.1240234375,5026400,0.0,0,-0.006087472629529467,1.6161938256057482,88.71877822875976,94.03111202609358,83.40644443142594,86.85292327805664,89.74929292811868,91.06243244188458,86.51541367107066,79.80378723144531
2019-09-27,86.60356672681272,86.60356672681272,84.1963116864681,84.75257110595703,5987700,0.0,0,-0.015924155384336225,1.5904573039955974,88.27137489318848,93.3284414985528,83.21430828782415,86.26310208406565,89.15947173412769,91.06243244188458,86.51541367107066,78.99817657470703
2019-09-30,84.7909364693048,84.93479035937132,84.02368157588691,84.80052185058594,6588300,0.0,0,0.0005657733329289538,1.59135714232536,87.88103561401367,92.7382268854326,83.02384434259474,86.17678702877504,89.07315667883708,91.06243244188458,86.73993840845705,78.5378189086914
2019-10-01,85.00191707174359,85.25127598754212,82.91115535562743,82.96870422363281,6719400,0.0,0,-0.021601490025977554,1.5569814568876508,87.38903541564942,92.14118528895048,82.63688554234835,85.6205239186453,88.51689356870735,91.06243244188458,86.84981126924066,79.59280395507812
2019-10-02,82.43162800283298,82.48917687438755,80.71490821308218,80.86835479736328,9858200,0.0,0,-0.025314959971030504,1.5175665336309032,86.82366676330567,91.84906859526625,81.79826493134509,84.51280558563798,87.41876999743472,91.1055916608165,86.84981126924066,78.59537506103516
2019-10-03,80.84917593000404,81.43420611835934,80.18741879171384,81.20402526855469,5989000,0.0,0,0.004150826018811893,1.5238656882839765,86.30145606994628,91.38386312510147,81.2190490147911,84.10040400450796,87.15502528675054,91.1055916608165,86.84981126924066,78.42273712158203
2019-10-04,81.42460439657806,82.45080345770486,81.28074321066454,82.40284729003906,5869000,0.0,0,0.014763086158841032,1.5463626487346145,85.83055458068847,90.50471384402879,81.15639531734816,84.10040400450796,87.15502528675054,91.22741058414393,86.84981126924066,79.05572509765625
2019-10-07,82.2014553703263,82.63303898484239,81.99045991217419,82.33572387695312,4382900,0.0,0,-0.0008145763804698891,1.5451030182453145,85.43206329345703,89.86220760731976,81.00191897959431,83.8030891339531,87.15502528675054,91.57435237797336,86.84981126924066,80.30873107910156
2019-10-08,81.99047154511977,82.79609001626807,81.22322387226306,81.43421936035156,6100400,0.0,0,-0.010949129662706558,1.5281854849563072,85.1711986541748,89.89156679543348,80.45083051291613,83.8030891339531,86.70905894240798,92.20262576534043,86.84981126924066,80.90633392333984
2019-10-09,81.8753768019711,82.64262436596943,81.78905715223394,82.33572387695312,4427200,0.0,0,0.011070340253553024,1.5451030182453145,84.92519912719726,89.6984783028941,80.15191995150042,83.39549275926328,86.58917512274962,92.016315071601,87.37531483513729,81.33041381835938
2019-10-10,82.39327428674675,82.54672087557607,81.88496371121938,82.44122314453125,3986000,0.0,0,0.0012813304190510966,1.5470828057431598,84.63268508911133,89.25810543744024,80.00726474078243,82.71934738962798,86.58917512274962,91.58799671651826,87.37531483513729,81.16656494140625
2019-10-11,83.45783106961046,83.67841923381303,82.72894695547393,82.8248519897461,5611000,0.0,0,0.004653361881134188,1.554281941898363,84.43511810302735,89.01425527778349,79.85598092827121,82.71934738962798,86.29186668928727,91.58799671651826,87.37531483513729,80.98343658447266
2019-10-14,82.95910545131761,84.09080221142933,82.86320043444383,83.0741958618164,4881000,0.0,0,0.003010495836457183,1.5589611012131288,84.3008487701416,88.87418342119275,79.72751411909044,82.1391105015716,86.0952549875734,91.58799671651826,87.37531483513729,80.6364517211914
2019-10-15,83.43864430993646,83.67841052921789,82.2494059110842,82.9111557006836,4695100,0.0,0,-0.0019625848850106653,1.5559015077195684,84.09464988708496,88.52435667400712,79.66494310016279,82.1391105015716,85.11221442992554,91.58799671651826,87.37531483513729,80.57860565185547
2019-10-16,82.98788286053268,83.27560525124461,82.52753581589481,83.16051483154297,3698700,0.0,0,0.0030075461951053484,1.560580953379069,83.8908477783203,88.0902340178961,79.69146153874452,82.6570130418462,84.84367320257266,89.88356508713056,87.38964673690279,79.32560729980469
2019-10-17,83.32355811184142,83.45782661607454,82.63303751167882,82.7577133178711,4359400,0.0,0,-0.004843663059179271,1.553022025064328,83.63813362121581,87.44962348526259,79.82664375716904,82.6570130418462,84.84367320257266,89.88356508713056,87.44219206681998,80.01956939697266
2019-10-18,82.81525466980757,83.19888210257355,82.01922902730799,82.50835418701172,4631200,0.0,0,-0.0030131225339877776,1.5483425794048273,83.44440231323242,87.06523461563226,79.82357001083257,82.6570130418462,84.28262353124234,89.88356508713056,87.78137363971962,80.72319030761719
2019-10-21,82.47957954750136,82.70975306954799,81.59724161541904,81.85618591308594,4861200,0.0,0,-0.007904269577933776,1.5361040622582183,83.18257713317871,86.44632992067433,79.91882434568309,82.84402191342419,84.2586556366885,89.66058191495928,88.01545438498661,81.5039291381836
2019-10-22,81.74110519534393,81.85618830118254,79.97642196261154,80.0435562133789,5767500,0.0,0,-0.02214407719450384,1.5020884553247813,82.87279891967773,86.09263552568413,79.65296231367134,82.03361208702043,84.15315722213737,89.6006400051301,88.7129367448216,82.67018127441406
2019-10-23,80.85875893584155,80.95467127898523,78.76799717257896,79.35302734375,7136200,0.0,0,-0.008626913924065338,1.4891300675143622,82.50787467956543,85.58142691564616,79.4343224434847,81.42939969200415,83.54894482712106,89.6006400051301,89.14288345191898,82.34247589111328
2019-10-24,79.41056717091207,80.11068036680149,79.27629868630085,79.77500915527344,4591100,0.0,0,0.005317778358920666,1.497048931161008,82.1904239654541,85.00206699916066,79.37878093174754,81.42939969200415,83.54894482712106,89.45198578839893,89.14766382107564,81.51355743408203
2019-10-25,79.8037881184008,80.14905206200241,79.24752872958884,79.96682739257812,5235300,0.0,0,0.0024044903201618784,1.5006485708247934,81.95113677978516,84.66152515339186,79.24074840617845,81.22320385089841,83.53935006538637,89.35367993754198,89.14766382107564,81.7545394897461
2019-10-28,81.01220733431697,81.50133244624038,79.9476447879987,80.17781829833984,6653400,0.0,0,0.0026384803879477836,1.5046080026481166,81.72000160217286,84.19475680626533,79.24524639808038,81.11291189432674,83.39069319494052,88.86215965871806,89.40085228588669,82.31356811523438
2019-10-29,80.37922623630696,81.1656591548606,80.21618696080931,80.68612670898438,5699100,0.0,0,0.0063397635584585554,1.5141468616330702,81.60587272644042,84.0497621516933,79.16198330118755,81.11291189432674,83.39069319494052,88.74706920819081,89.80691387820056,81.39789581298828
2019-10-30,81.14648072864242,81.23279305632956,79.90928614553584,80.7436752319336,8731300,0.0,0,0.0007132393795128422,1.5152268108011526,81.59963874816894,84.05173283903066,79.14754465730722,80.98343963757625,83.09337832438565,88.74706920819081,90.08399358753033,83.20030975341797
2019-10-31,83.16053265627944,83.64965789849573,79.87093912149301,81.09854125976562,14008800,0.0,0,0.00439496996901223,1.5218861871308658,81.5943645477295,84.05033233589421,79.13839675956478,81.20882753553735,83.09337832438565,88.31309205036457,90.23686311943794,83.16175842285156
2019-11-01,81.31911148740136,81.81782200201404,79.22834977086629,79.80378723144531,10658500,0.0,0,-0.015965195035667845,1.4975889773312325,81.4644115447998,84.00991353363149,78.91890955596811,81.20882753553735,82.68578194969584,88.30110810308766,90.23686311943794,82.93043518066406
2019-11-04,79.89010720324956,80.02437570070032,78.54741491165763,78.99817657470703,8271200,0.0,0,-0.01009489254440854,1.482470977529383,81.2975341796875,84.02576611732349,78.56930224205152,81.09853640507669,81.89934544959988,87.71128690909667,89.7365703452512,83.46055603027344
2019-11-05,78.96939515846455,78.96939515846455,77.71302256358736,78.5378189086914,7054400,0.0,0,-0.005827446733283392,1.473831956874192,81.1527141571045,84.13508620901077,78.17034210519823,80.68134023104155,81.48214927556474,87.62497185380606,89.6502552899606,85.02201843261719
2019-11-06,78.72005859182765,79.9572533455856,78.64333163413288,79.59280395507812,6365300,0.0,0,0.013432828426433119,1.4936296886802771,81.01556816101075,84.02014939389993,78.01098692812157,80.68134023104155,80.90191238750835,87.06870874367632,89.09399217983085,85.46537780761719
2019-11-07,79.65993781316872,79.88052598616049,78.48987732400676,78.59537506103516,7221400,0.0,0,-0.012531646637375826,1.4749120492146421,80.82327575683594,83.92993419128587,77.71661732238601,80.68134023104155,80.90191238750835,85.96578779153634,87.99586860855823,85.57140350341797
2019-11-08,78.8255499583799,79.25712625563175,78.1158366326933,78.42273712158203,7054800,0.0,0,-0.002196540691090987,1.4716723448827618,80.60317001342773,83.73534497926386,77.4709950475916,80.68134023104155,80.90191238750835,85.62771464562925,87.73212389787406,84.94490051269531
2019-11-11,78.40356063091751,79.15163013042387,78.03911857956659,79.05572509765625,5828200,0.0,0,0.008071485379206766,1.483550926697466,80.40224647521973,83.38500837996834,77.41948457047111,80.68134023104155,80.90191238750835,85.62771464562925,87.73212389787406,84.80995178222656
2019-11-12,79.70150256025101,80.9448815448445,79.62439207585905,80.30873107910156,8551400,0.41,0,0.015849655162829768,1.5070646973021173,80.27212524414062,83.02120912321641,77.52304136506484,80.68134023104155,80.90191238750835,85.47905721035181,87.73212389787406,85.32080078125
2019-11-13,80.27982404754911,81.24368313225449,80.1930729060218,80.90633392333984,7407900,0.0,0,0.007441318474446623,1.5182792456763379,80.15941619873047,82.58852964959782,77.73030274786312,79.7654222828007,80.90191238750835,85.25607403818054,87.73212389787406,85.26296997070312
2019-11-14,81.06053449470335,81.46535348018739,80.77138122806905,81.33041381835938,5285100,0.0,0,0.005241615513333686,1.5262374817240476,80.08805122375489,82.27716876854048,77.8989336789693,79.58918802188737,80.90191238750835,84.99233394100645,87.35950251039519,85.04129791259766
2019-11-15,81.61957984483206,81.870185242109,80.54969577400189,81.16656494140625,7533000,0.0,0,-0.002014607688079151,1.5231627119595317,80.02096176147461,81.97667665874604,78.06524686420317,79.79160390284818,80.90191238750835,84.6542612561888,87.15502528675054,85.32080078125
2019-11-18,80.88705214730192,81.07018772548916,80.24126832923064,80.98343658447266,6432200,0.0,0,-0.002256204350471025,1.5197261456223334,79.97732429504394,81.80035376935459,78.1542948207333,79.9546519108378,80.90191238750835,84.50560703945763,87.15502528675054,84.8967056274414
2019-11-19,81.02198945858983,81.23403962635555,80.54970058271408,80.6364517211914,6008400,0.0,0,-0.004284639895706488,1.5132146663482517,80.00696907043456,81.85273091858504,78.16120722228409,79.9546519108378,80.69571654640262,84.11718274457249,87.15502528675054,84.94490051269531
2019-11-20,80.52077646881432,81.43643951737968,79.98101781733664,80.57860565185547,6248700,0.0,0,-0.0007173687346256896,1.5121291334578364,80.06824798583985,81.9043462426576,78.2321497290221,79.9546519108378,80.68134023104155,83.62566246574858,87.15502528675054,84.27983856201172
2019-11-21,80.72320006088682,81.00272008383553,78.80512250055482,79.32560729980469,8300500,0.0,0,-0.015550012834230853,1.4886155060255526,80.0457778930664,81.90678288273165,78.18477290340115,79.9546519108378,80.68134023104155,83.75034312220943,87.15502528675054,84.74249267578125
2019-11-22,79.7015015219055,80.37619986739396,79.67258692905034,80.01956939697266,6080400,0.0,0,0.00874827336077244,1.5016383214013487,80.04841499328613,81.90911111224858,78.18771887432368,80.33765387133191,80.68134023104155,83.75034312220943,87.15502528675054,86.12080383300781
2019-11-25,80.1545170340131,80.9641550548041,79.93282623099051,80.72319030761719,5450400,0.0,0,0.00879311043469766,1.5148423929944048,80.07568359375,81.95925964308556,78.19210754441444,80.33765387133191,80.68134023104155,83.46981828654427,87.15502528675054,85.61959838867188
2019-11-26,81.08946940054986,81.59068028746883,80.96417035565105,81.5039291381836,7651500,0.0,0,0.009671803450671312,1.5294936508781913,80.11657371520997,82.08588750562089,78.14725992479904,80.33765387133191,80.68134023104155,83.55133877505634,87.15502528675054,84.94490051269531
2019-11-27,81.78343277988691,82.70873651595791,81.36897312536611,82.67018127441406,7502400,0.0,0,0.014309152314033513,1.5513794084919545,80.21289901733398,82.46670105769005,77.95909697697792,80.75692950825636,80.68134023104155,83.0933846545789,87.04952687219941,84.68466186523438
2019-11-29,82.80513145361788,83.59549555124849,82.16898097438165,82.34247589111328,3857000,0.0,0,-0.003964009492286036,1.5452297257905554,80.27509574890136,82.68804824312079,77.86214325468194,81.20030902590165,80.68134023104155,82.48917225956261,86.4453144771831,85.66780090332031
2019-12-02,82.29428089100713,82.67018532239038,80.79066316547411,81.51355743408203,6425800,0.0,0,-0.010066717669837688,1.529674334405981,80.3605842590332,82.82188260194427,77.89928591612214,81.20030902590165,80.68134023104155,82.48917225956261,86.4453144771831,87.25816345214844
2019-12-03,80.99308981658183,81.92803444507038,80.79068026098055,81.7545394897461,6049800,0.0,0,0.0029563432544204016,1.5341965768059622,80.49840240478515,82.94763986236924,78.04916494720106,81.20030902590165,80.68134023104155,82.3812769581424,86.4453144771831,86.90153503417969
2019-12-04,82.0533220417506,82.44850780012918,81.63886233709904,82.31356811523438,5940300,0.0,0,0.0068378909474304805,1.5446872456900826,80.6871898651123,83.08377623798656,78.29060349223805,81.20030902590165,80.68134023104155,82.25180254463363,86.4453144771831,87.78829193115234
2019-12-05,82.35212159035858,82.39067683573667,81.27259678075534,81.39789581298828,5170800,0.0,0,-0.011124196450385981,1.5275038413146205,80.7774444580078,83.13766776876996,78.41722114724566,81.63404124014941,80.68134023104155,82.25180254463363,86.4453144771831,87.70153045654297
2019-12-06,81.95693074353015,83.40271926381915,81.95693074353015,83.20030975341797,8499800,0.0,0,0.022143249803050713,1.5613277404479697,81.00769119262695,83.3699943229358,78.6453880623181,81.7641608911195,80.68134023104155,82.03840898098096,86.4453144771831,88.23165893554688
2019-12-09,83.19067301803194,83.4991076227244,82.85332381815911,83.16175842285156,7164700,0.0,0,-0.00046335561346655396,1.5606042904749722,81.24464225769043,83.46738088517044,79.02190363021042,82.1930793583613,80.65425905741793,82.1511029299615,86.4453144771831,89.23406982421875
2019-12-10,83.37380946997256,84.30875394350485,82.80513614900984,82.93043518066406,7944800,0.0,0,-0.0027816059517560277,1.556263304292251,81.43837776184083,83.5347148651093,79.34204065857236,82.54970855448948,81.01088825354611,81.9473047426166,86.4453144771831,90.23649597167967
2019-12-11,83.14248811570916,83.73044275564334,82.74730235452067,83.46055603027344,4921900,0.0,0,0.006392355815503681,1.5662114930758984,81.59596900939941,83.8011859179298,79.39075210086902,82.54970855448948,81.01088825354611,81.49894092733828,86.33502334672244,89.18587493896484
2019-12-12,84.81960888476344,85.67744297723684,84.37623453894163,85.02201843261719,10282100,0.0,0,0.01870898633574125,1.5955137224987361,81.80175323486328,84.44160940791589,79.16189706181068,83.23405307135548,81.8582807784017,81.08174475330314,85.91782717268731,89.18587493896484
2019-12-13,84.83886797191242,85.58104353769924,84.41477500226642,85.46537780761719,6714100,0.0,0,0.00521464184423448,1.6038337551191284,82.00850143432618,85.0850071502748,78.93199571837755,83.2340616191087,81.8582807784017,80.79162630927495,85.91782717268731,90.36178588867188
2019-12-16,85.91839334249705,86.07261431704812,85.23405431366352,85.57140350341797,6705600,0.0,0,0.001240568970974909,1.6058234215103313,82.22874336242675,85.64810907644541,78.8093776484081,83.67260554890173,82.05586644830736,80.79162630927495,85.91782717268731,88.70394134521484
2019-12-17,85.6581615470162,85.75454598705213,84.30875732552914,84.94490051269531,7296900,0.0,0,-0.007321406043055423,1.5940665362080055,82.42681655883788,85.99213751493689,78.86149560273888,83.67260554890173,82.05586644830736,80.79162630927495,85.91782717268731,85.52322387695312
2019-12-18,85.19549685491916,85.6388711147344,84.64609751627192,84.80995178222656,5859200,0.0,0,-0.0015886619403195912,1.5915341033715948,82.63549156188965,86.24598013205974,79.02500299171956,84.01477253028914,82.43886840880147,80.79162630927495,85.91782717268731,85.39791870117188
2019-12-19,84.65574303013949,85.38827062132385,84.41477826506701,85.32080078125,6022100,0.0,0,0.006023455836116742,1.6011206387549273,82.87260131835937,86.53468101904559,79.21052161767315,84.4099583357844,82.43886840880147,80.79162630927495,85.91782717268731,83.58586120605469
2019-12-20,85.58104521943362,85.78345473580914,84.7135706109236,85.26296997070312,14271500,0.0,0,-0.0006778043574057202,1.600035392209247,83.16946945190429,86.58501467135996,79.75392423244863,84.4099583357844,82.43886840880147,80.33366733515453,85.47186082834475,82.73765563964844
2019-12-23,85.4172024010816,85.63888589241218,84.99310201257177,85.04129791259766,4349700,0.0,0,-0.0025998632018288115,1.5958755190714184,83.42055587768554,86.6007025496077,80.24040920576338,84.4099583357844,82.43886840880147,80.24555020469785,85.35197700868639,81.76416015625
2019-12-24,85.01236617610368,85.39791127095184,84.81959730551011,85.32080078125,1847800,0.0,0,0.0032866721876658733,1.6011206387549273,83.65043640136719,86.67676163484019,80.62411116789418,85.19068582128864,82.43886840880147,80.34675814517826,85.35197700868639,82.90152740478516
2019-12-26,85.52321547136461,85.55213006584923,84.61718562465535,84.8967056274414,4177700,0.0,0,-0.004970595094341834,1.5931621163624825,83.82007522583008,86.72261313919644,80.91753731246372,85.19068582128864,82.43886840880147,80.42828214917307,85.05466857522403,85.18586730957031
2019-12-27,84.9256265661527,85.26297578310911,84.520807505805,84.94490051269531,4129300,0.0,0,0.0005676885209822125,1.5940665362080053,83.93381118774414,86.82533098187814,81.04229139361014,85.19068582128864,82.43886840880147,80.3251842286202,84.85805687351015,84.78883361816406
2019-12-30,84.82923793208118,85.01236615299699,83.91356741285806,84.27983856201172,4655600,0.0,0,-0.007829333446381481,1.5815860577603145,84.03067932128906,86.82981081402447,81.23154782855364,84.8485110743336,82.43886840880147,80.31799607093967,83.8750163158623,83.4234619140625
2019-12-31,84.2798444129,84.80996252052067,84.15453802005428,84.74249267578125,4115600,0.0,0,0.005489499287888666,1.5902681732981243,84.19212608337402,86.75164316840417,81.63260899834387,84.8485110743336,82.87260062304924,80.31799607093967,83.60647508850943,83.6849136352539
2020-01-02,84.93526133076021,86.12080383300783,84.86779149204418,86.12080383300781,6473800,0.0,0,0.016264699251884007,1.6161334068666613,84.4104393005371,86.84130886611753,81.97956973495668,85.01718562293294,83.02681503199918,80.50949705118673,83.60647508850943,84.75978088378906
2020-01-03,85.45574412038548,85.87983708808788,84.91597806947038,85.61959838867188,4874100,0.0,0,-0.005819795241435499,1.6067278413558537,84.57574081420898,86.8572415628812,82.29424006553677,85.01718562293294,83.45573349924098,80.50949705118673,83.0454254171791,84.74041748046875
2020-01-06,84.9256265661527,85.21478723992186,84.30875732552914,84.94490051269531,5409800,0.0,0,-0.007880180340414045,1.5940665362080053,84.75309104919434,86.50345086298445,83.00273123540423,85.01718562293294,83.45573349924098,80.50949705118673,83.02145752262527,85.7668685913086
2020-01-07,84.78104630535678,84.84851614880863,83.98104148038402,84.68466186523438,6514700,0.0,0,-0.0030636170728346457,1.589182926752444,84.82730865478516,86.42572254662903,83.22889476294128,85.01718562293294,83.45573349924098,80.71913486964895,83.02145752262527,87.08383178710938
2020-01-08,84.76177827849989,86.12081589256148,84.6075572806042,85.66780090332031,7296300,0.0,0,0.01160941091847878,1.6076324043737438,84.95261077880859,86.39253573005195,83.51268582756524,85.01719165270977,83.45573952901779,80.9408246284716,83.02145752262527,86.45439910888672
2020-01-09,86.98828407978864,87.86539939361931,86.8147891470343,87.25816345214844,9443500,0.0,0,0.018564297578070432,1.6374769707246868,85.16899719238282,86.62913489401657,83.70885949074906,85.88948340323869,84.32803982729993,80.9408246284716,83.02145752262527,86.40597534179688
2020-01-10,87.51840423473809,87.60514801903805,86.39068356321205,86.90153503417969,7097900,0.0,0,-0.004087049324208225,1.6307845215780798,85.34104614257812,86.76549948121821,83.91659280393803,85.88948340323869,84.56899808718732,80.9408246284716,83.01186276089058,87.28719329833984
2020-01-13,87.34491761073177,88.40516119031676,86.94973183494683,87.78829193115234,7382500,0.0,0,0.010204156884270121,1.647425302680702,85.47935981750489,87.25194084456685,83.70677879044293,86.19310133535039,84.83887898553604,80.9408246284716,82.86320589044472,85.7959213256836
2020-01-14,87.89430667336755,88.13527142915271,87.57623143085256,87.70153045654297,5855200,0.0,0,-0.000988303482170716,1.6457971465174466,85.59116744995117,87.61351088200027,83.56882401790207,86.19310133535039,85.18104596692345,81.15769073559548,82.86320589044472,84.59516906738281
2020-01-15,87.71117416247309,88.73286240943587,87.71117416247309,88.23165893554688,6145300,0.0,0,0.006044689029304884,1.6557454784734618,85.72418022155762,88.05397723932212,83.39438320379311,86.35695194490995,85.74008238197827,81.22275056108052,82.56589101988985,81.84503936767578
2020-01-16,88.66538917859329,89.26298441822905,88.3183993431481,89.23406982421875,5180300,0.0,0,0.011361124802199862,1.6745566094950768,85.93863868713379,88.69726575119593,83.18001162307165,86.62201294930654,86.00514338637487,81.42366920788962,82.56589101988985,79.58879089355469
2020-01-17,89.57143080720897,90.36179501344678,89.45576506227354,90.23649597167967,6962800,0.0,0,0.011233670608497226,1.6933680268614264,86.20996589660645,89.49470457047617,82.92522722273672,87.17141824691541,86.55454868398373,81.7802984040178,82.15829464520004,78.11689758300781
2020-01-21,89.47503558965498,90.21720380772383,88.85816639826609,89.18587493896484,7094600,0.0,0,-0.011642972407135188,1.6736521896495538,86.4032196044922,89.90596535575524,82.90047385322914,87.48467614702548,87.13768121315242,81.7802984040178,81.48214927556474,75.81222534179688
2020-01-22,89.77382953601688,90.36178413306892,89.12804575029114,89.18587493896484,6157400,0.0,0,0.0,1.6736521896495538,86.59936485290527,90.2621995928718,82.93653011293874,88.37623928832942,87.13768121315242,82.54616692487859,81.6952327704121,75.94778442382812
2020-01-23,88.59792206324636,90.4581703228876,87.4605680907145,90.36178588867188,6100600,0.0,0,0.013184946052407609,1.695719203480577,86.86538925170899,90.80258495887024,82.92819354454774,88.42442694304982,87.18586886787283,82.5461711987552,81.6952327704121,79.77278137207031
2020-01-24,90.6027447250815,90.72804374600054,88.03887629140195,88.70394134521484,7815500,0.0,0,-0.01834674389348101,1.6646082775390614,87.03454627990723,90.98256884402339,83.08652371579107,88.83888779047368,87.3208055794293,82.86423599860454,81.89281844031774,76.1124038696289
2020-01-27,85.42683208098279,86.21719627377311,84.38586980892204,85.52322387695312,11066500,0.0,0,-0.03585767915185545,1.6049192880095429,87.06587219238281,90.95440080517696,83.17734357958867,87.5569567774613,87.3208055794293,82.86423599860454,81.89281844031774,77.1485366821289
2020-01-28,85.83165972823748,85.96659942012589,84.54972530163596,85.39791870117188,11922400,0.0,0,-0.0014651596385273358,1.6025678250456572,87.08852310180664,90.93189811876479,83.2451480848485,87.5569567774613,87.3208055794293,83.2268204695453,81.89281844031774,73.7786865234375
2020-01-29,84.96417999469075,85.24370001237625,82.50633638123426,83.58586120605469,17678700,0.0,0,-0.021218988971593356,1.5685629560397831,87.05382423400879,91.01011527479476,83.09753319322282,86.6171900636174,86.6171900636174,83.42441337229293,81.89281844031774,72.95558166503906
2020-01-30,82.3617512060859,83.4605499124473,81.62922363761884,82.73765563964844,12224900,0.0,0,-0.010147715823795478,1.5526456249101588,86.95358238220214,91.23121119785075,82.67595356655353,86.1786336918097,86.1786336918097,83.42441337229293,81.89281844031774,68.58832550048828
2020-01-31,82.68946390726254,82.88223276443412,81.46535886787535,81.76416015625,11693900,0.0,0,-0.011766051090912666,1.5343771171613838,86.73575019836426,91.57424044722602,81.8972599495025,86.09670130693794,86.09670130693794,83.42441337229293,81.89281844031774,72.50045013427734
2020-02-03,81.9954974522062,83.65333636387761,81.9954974522062,82.90152740478516,9090600,0.0,0,0.013910339766979307,1.5557208241917768,86.59984664916992,91.704438142925,81.49525515541484,86.09670130693794,86.09670130693794,83.81477711504505,81.89281844031774,66.1384048461914
2020-02-04,83.99068404672927,85.78346261782163,83.48948053446097,85.18586730957031,9997100,0.0,0,0.027554859075531457,1.598588492263251,86.61189498901368,91.70176201550728,81.52202796252007,86.09670130693794,86.09670130693794,83.81477711504505,81.89281844031774,60.134613037109375
2020-02-05,86.06705698067138,86.3769290870994,83.88826665449297,84.78883361816406,9982700,0.41,0,-0.004660792968901872,1.591137802258343,86.61710357666016,91.69919431960002,81.53501283372029,86.09670130693794,86.09670130693794,83.81477711504505,81.89281844031774,67.70710754394531
2020-02-06,84.87598879339754,84.92440192328178,83.4234619140625,83.4234619140625,8901400,0.0,0,-0.016103201870311667,1.5655153890250928,86.50488662719727,91.76385199328955,81.24592126110498,83.92114397748738,86.09670130693794,83.64368974156753,81.89281844031774,56.73569869995117
2020-02-07,83.0458056490517,83.87858831890135,82.61972873296106,83.6849136352539,8073900,0.0,0,0.003134031065034737,1.5704217628870873,86.32622413635254,91.71331713903429,80.93913113367078,83.92114397748738,86.09670130693794,83.86055584869142,81.89281844031774,57.11335754394531
2020-02-10,83.69459602214985,84.8469363350875,83.44282263698418,84.75978088378906,7289300,0.0,0,0.012844217695199278,1.5905926018828878,86.21913642883301,91.64164487430865,80.79662798335737,83.92114397748738,86.09670130693794,84.02200032746606,81.91691319829759,54.54722595214844
2020-02-11,85.07933893048057,85.43763154216936,84.58547773878705,84.74041748046875,5098500,0.0,0,-0.0002284503701922569,1.5902292304141625,86.06674270629883,91.4754351672554,80.65805024534225,83.92114397748738,86.09670130693794,84.23645956108696,81.91691319829759,59.46644973754883
2020-02-12,84.93408593814598,86.28009356380643,84.62421383845295,85.7668685913086,7747800,0.0,0,0.01211288711288705,1.6094914975657826,85.9700096130371,91.32668202894426,80.61333719712995,83.92114397748738,86.09670130693794,84.23645956108696,81.91691319829759,56.19342803955078
2020-02-13,85.69908914717996,87.64547730829676,85.46668690624982,87.08383178710938,8576600,0.0,0,0.015355150740973267,1.63420548212722,85.91261825561523,91.19440256391454,80.63083394731592,84.82048738025148,86.09670130693794,84.23645956108696,81.91691319829759,54.7602653503418
2020-02-14,87.32591671843876,87.54864075840965,86.17357635759029,86.45439910888672,5686900,0.0,0,-0.007227893689398135,1.6223936186357728,85.77363471984863,90.83801221671212,80.70925722298514,85.13260302062892,86.09670130693794,84.23646559086379,81.91691922807442,62.82662963867188
2020-02-18,86.54154391015656,86.63837754642307,85.49572290743937,86.40597534179688,5288800,0.0,0,-0.0005601076126716675,1.621484903619225,85.5821086883545,90.2246722595403,80.93954511716869,85.13260302062892,86.09670130693794,85.10876161526932,82.78921097860334,63.727195739746094
2020-02-19,86.65776342017497,87.5777016691651,86.47378168072476,87.28719329833984,5210800,0.0,0,0.010198576580579433,1.6380217415830391,85.48717460632324,89.90066743096294,81.07368178168353,85.13260302062892,86.09670130693794,85.229240745213,82.78921097860334,67.68775177001953
2020-02-20,86.8901629926486,87.39370240400848,84.95346044629937,85.7959213256836,5969200,0.0,0,-0.017084659459254414,1.6100366979412382,85.31767692565919,89.39394813311468,81.2414057182037,85.13260302062892,86.09670130693794,85.51599016044321,83.05909187695207,64.24041748046875
2020-02-21,85.21491330035064,85.59256971144248,84.24656201284667,84.59516906738281,5800500,0.0,0,-0.013995446866788663,1.5875035148816217,85.02934608459472,88.38211216652022,81.67658000266923,85.54414997264047,86.09670130693794,85.68707365113693,83.05909187695207,65.71231842041016
2020-02-24,81.85472494820178,83.32662289495597,81.59327337746603,81.84503936767578,8313600,0.0,0,-0.03250929964471683,1.535894887429294,84.68640098571777,87.86217078745398,81.51063118398156,84.6193753428814,86.09670130693794,86.0485171634441,83.22294248651161,63.65940856933594
2020-02-25,82.32921929184405,82.64877697460511,79.08524411079175,79.58879089355469,9404000,0.0,0,-0.027567321019729252,1.4935543800149698,84.38967933654786,88.2422001136794,80.53715855941631,83.36536070954426,84.90664392839614,86.3135781678407,83.4880034909082,60.63815307617188
2020-02-26,79.98581588716898,80.60556012801614,78.0878482260828,78.11689758300781,10541500,0.0,0,-0.01849372623986012,1.4659329941866288,84.02562828063965,88.72202628422893,79.32923027705037,82.86666276718978,84.40794598604167,86.86298346544956,84.03740878851707,62.94282531738281
2020-02-27,76.33513593847584,78.31057350772944,74.91165832328325,75.81222534179688,17120800,0.0,0,-0.029502864457231825,1.4226837717557568,83.63694648742675,89.55689932658157,77.71699364827194,81.24467999622416,82.81985103464189,87.31117868008894,84.03740878851707,61.05454635620117
2020-02-28,73.75930865725981,76.31575521780924,73.32355357523129,75.94778442382812,19108600,0.0,0,0.0017880900002615885,1.4252276583815677,83.29745292663574,90.10703051956528,76.4878753337062,80.4506276221982,82.02579866061592,87.75696025074092,84.20045679650669,65.64451599121094
2020-03-02,75.45393524743646,79.80183811836926,75.20216921632141,79.77278137207031,14258700,0.0,0,0.05036350931446165,1.4970071248296961,83.19788398742676,90.15250652407116,76.24326145078237,80.4506276221982,82.02579866061592,87.80514790546133,84.2486444512271,66.53541564941406
2020-03-03,79.6953077907439,80.00517988340862,75.6379138438465,76.1124038696289,12395900,0.0,0,-0.04588504298689233,1.4283168885552013,82.85842781066894,90.47641803904604,75.24043758229185,80.35862798961989,80.48451544176402,88.07984668495149,84.38358116278357,69.30490112304688
2020-03-04,76.78056589364894,77.66176162509126,75.41518718462089,77.1485366821289,10999600,0.0,0,0.013613192591772183,1.447760841441184,82.45656127929688,90.38608936214963,74.52703319644412,79.45806164333689,80.48451544176402,87.4388811784453,84.38358116278357,71.54179382324219
2020-03-05,75.43456632874,75.43456632874,72.89748331080365,73.7786865234375,12545300,0.0,0,-0.04368002691452233,1.3845226089212417,81.90605392456055,90.61111477830374,73.20099307081736,78.11205310287981,80.27148030955021,87.4388811784453,84.76658312327768,69.48888397216797
2020-03-06,71.1350839238837,73.31387429719544,69.76971246500065,72.95558166503906,18080100,0.0,0,-0.011156404338222514,1.3690763148807057,81.38265991210938,90.89067591905015,71.8746439051686,76.20924471980288,78.7075948866487,86.6171900636174,84.76658312327768,71.33843231201172
2020-03-09,68.34623767143496,71.68704675719697,67.86206201332834,68.58832550048828,15930300,0.0,0,-0.0598618510726453,1.287120872412231,80.6278305053711,91.58794336333338,69.66771764740881,74.23381107067223,77.75376966081255,86.1786336918097,84.76658312327768,70.25389099121094
2020-03-10,70.26355405042736,72.57791260810846,67.81362692862598,72.50045013427734,18414000,0.0,0,0.05703776269856897,1.3605353672972549,80.01486396789551,91.35101021962126,68.67871771616976,73.9094034060173,77.72955211846137,86.09670130693794,84.76658312327768,71.18350982666016
2020-03-11,70.52503559042208,71.9194566094237,65.266887091856,66.1384048461914,17138000,0.0,0,-0.08775180397229065,1.2411459344488176,79.08476333618164,91.71123305141717,66.45829362094611,72.63603348763232,76.45618220007638,86.09670130693794,84.76658312327768,74.65987396240234
2020-03-12,60.957713841854975,64.67618290646443,59.514868808668965,60.134613037109375,25170600,0.0,0,-0.09077618099565887,1.1284794464612655,77.80315055847169,92.51252568345211,63.09377543349126,69.76002434603879,73.58017305848287,86.09670130693794,84.76658312327768,72.93621063232422
2020-03-13,63.57225157289941,67.95888090007264,61.4999771035706,67.70710754394531,19247200,0.0,0,0.12592572105125077,1.2705840344484167,76.83431434631348,91.52323667281667,62.14539201981029,69.76002434603879,73.58017305848287,86.09670130693794,84.76658312327768,70.41849517822266
2020-03-16,58.711136095232895,61.92606188255015,56.27089055293784,56.73569869995117,23354300,0.0,0,-0.162042202687113,1.0646957988073167,75.3483793258667,91.77394551470464,58.92281313702877,66.96632608901456,71.95818393061731,85.00892264221267,84.76658312327768,74.9988021850586
2020-03-17,57.66531747312644,57.733101766607135,51.91331225083356,57.11335754394531,25045200,0.0,0,0.006656458854792602,1.0717829025849481,73.88374843597413,91.30884988392353,56.45864698802472,63.67393928978679,69.77939477956517,85.00892264221267,85.20031533752544,72.77159881591797
2020-03-18,53.79190948925417,55.82544926601045,48.43692842899944,54.54722595214844,28770600,0.0,0,-0.044930497910622536,1.0236271631197142,72.24675006866455,90.46961527959202,54.02388485773709,60.87540136309744,68.0412028686481,85.00892264221267,85.33043498849553,73.18799591064453
2020-03-19,54.45038999884808,61.35473540186491,51.85520836979183,59.46644973754883,25167400,0.0,0,0.09018284064006821,1.1159407684461846,70.9302764892578,88.84595111879182,53.0146018597238,60.50742051855395,68.0412028686481,85.00892264221267,85.75935345573733,75.27962493896484
2020-03-20,60.32828877537068,63.60131739488016,56.077226911073495,56.19342803955078,28420600,0.0,0,-0.055039803325123815,1.0545196080284192,69.51018943786622,87.36998346295307,51.65039541277936,60.50742051855395,68.0412028686481,85.00892264221267,85.75935345573733,76.19956970214844
2020-03-23,55.418744530750615,55.62209741747383,52.29097027079224,54.7602653503418,24905800,0.0,0,-0.025504097884903487,1.0276250367237123,68.15595073699951,86.17765013993878,50.134251334060245,60.17819251921157,68.00731504908227,85.45859434359471,85.75935345573733,74.42747497558594
2020-03-24,60.62847543996083,63.09777420833942,59.069429257059454,62.82662963867188,28286200,0.0,0,0.14730323596358796,1.1789975299903162,67.31784267425537,84.67455765323132,49.96112769527943,58.19790466453604,68.00731504908227,85.61465216378343,85.75935345573733,74.30160522460938
2020-03-25,64.71491818827865,67.43598293661381,61.48062474668961,63.727195739746094,22977200,0.0,0,0.014334146304736395,1.1958974530781201,66.59835758209229,83.27737962090175,49.91933554328283,58.19790466453604,68.00731504908227,85.61465216378343,85.75936200349054,71.45463562011719
2020-03-26,64.59870901342215,69.31458211548376,64.15326833867918,67.68775177001953,20997500,0.0,0,0.062148600519750685,1.2702208061520595,66.19213390350342,82.33516601691451,50.04910179009232,58.8757552722416,67.91531541650396,85.61465216378343,86.00032026337794,69.61477661132812
2020-03-27,64.56966074259023,66.0899718883132,62.768526851742166,64.24041748046875,18950500,0.0,0,-0.05092995703659464,1.2055285150677464,65.60676555633545,81.12253542566964,50.090995687001254,58.8757552722416,67.01474907022096,85.61465216378343,86.00032026337794,70.59280395507812
2020-03-30,64.45345880183858,66.06092547207817,62.53612740559849,65.71231842041016,14199700,0.0,0,0.022912381296228634,1.2331500440684549,64.90374240875244,78.98096453897807,50.82652027852681,58.8757552722416,65.88177566197771,85.8204256397892,86.09670130693794,70.6509017944336
2020-03-31,65.05383672171108,66.15775654636352,63.24301723983135,63.65940856933594,20109800,0.0,0,-0.031240867776727077,1.194625366592847,64.2810926437378,77.37733667345654,51.184848614019046,60.5848952426378,65.54285270180227,85.35803832490967,86.09670130693794,74.0105972290039
2020-04-01,61.006127578415885,62.71042781430732,59.63107060292708,60.63815307617188,12880400,0.0,0,-0.04745968523841049,1.1379288227165298,63.45557346343994,75.20131140230296,51.70983552457692,60.802776193138,64.5212442785078,84.1360023189702,84.90664392839614,75.83164978027344
2020-04-02,63.66908868642954,66.52572164950678,60.91897124788061,62.94282531738281,18175000,0.0,0,0.038006966312378765,1.1811780451474019,62.91378040313721,73.65071884532632,52.176841960948096,60.802776193138,64.22105415620402,83.63730437661573,84.40794598604167,73.88401794433594
2020-04-03,62.42960706968716,62.70074424109274,58.97259335839832,61.05454635620117,14676500,0.0,0,-0.029999907879256882,1.145742812603979,62.318728637695315,72.02236599587745,52.61509127951318,64.14358773694104,64.22105415620402,82.03226551543302,82.81985103464189,72.4037857055664
2020-04-06,64.17261831570262,66.17710461506135,62.37149223024764,65.64451599121094,18010800,0.0,0,0.07517817933215332,1.2318776712384467,62.17153816223144,71.57162999409607,52.77144633036681,64.14358773694104,64.22105415620402,81.23821314140706,82.02579866061592,71.69290161132812
2020-04-07,69.304900904877,70.18610411703975,66.16744482218822,66.53541564941406,13799400,0.0,0,0.013571577834809556,1.2485961949366233,61.873286437988284,70.256694076715,53.489878799261575,64.57934873771903,64.22105415620402,81.23821314140706,82.02579866061592,72.24797821044922
2020-04-08,67.37788413587765,69.643822594971,66.37079791363594,69.30490112304688,10417600,0.0,0,0.04162423044331276,1.3005680506853088,62.03161125183105,70.84460077495869,53.21862172870341,64.57934873771903,63.04934502704535,80.42157171569195,82.02579866061592,72.21875762939453
2020-04-09,68.94661195525367,71.9097720580646,67.92016190640035,71.54179382324219,19748100,0.0,0,0.032276111269877505,1.3425453298032755,62.6019702911377,72.29281340776532,52.91112717451008,65.44118270823147,61.93574737886972,79.97128854255045,82.02579866061592,74.23458099365234
2020-04-13,71.19317675974341,71.27064662861501,68.12350523805584,69.48888397216797,11191800,0.0,0,-0.02869525268189843,1.3040206523276678,62.69105911254883,72.60067863331147,52.781439591786175,65.44118270823147,60.87540136309744,79.19176670621502,81.81276352840209,73.874267578125
2020-04-14,71.35780347357512,71.97754766080125,70.36040290313098,71.33843231201172,10912000,0.0,0,0.026616463441613725,1.3387290703474566,63.42119579315185,73.61889335542153,53.22349823088217,65.47507050959979,60.50742051855395,77.4584198032258,80.2488781055006,75.72453308105469
2020-04-15,69.73098039357048,70.86394966115769,68.4721207265174,70.25389099121094,10642500,0.0,0,-0.015202763582711554,1.318376688789661,64.07822246551514,74.25868791663483,53.89775701439545,65.47507050959979,60.50742051855395,75.9937903657424,79.29505287966444,76.00694274902344
2020-04-16,70.79616780896694,71.42559766422661,69.09186736387748,71.18350982666016,11946800,0.0,0,0.013232275427499385,1.3358218122529204,64.91003665924072,74.53732110761443,55.282752210867,65.47507050959979,60.20723804490034,75.81947776223933,79.27083533731326,75.58819580078125
2020-04-17,74.19506953659439,74.94069668913068,72.59728862352162,74.65987396240234,14268400,0.0,0,0.048836649726987647,1.401058874195586,65.66970787048339,75.84711035436479,55.492305386602,68.65609445968916,61.688812559065056,74.54610784385434,77.99746541892827,75.72453308105469
2020-04-20,73.61405350361787,74.54367713843945,72.70380841758542,72.93621063232422,9684700,0.0,0,-0.023086877041155196,1.3687128002396132,66.50684700012206,76.16423053429077,56.84946346595336,70.55407075565944,61.688812559065056,71.67009870226083,75.12145627733474,76.54253387451172
2020-04-21,71.07697424048068,71.61924850777571,69.46950782252357,70.41849517822266,10345800,0.0,0,-0.03451941679275761,1.3214656326185596,67.28975849151611,75.41266248609051,59.16685449694171,70.65574730138331,61.688812559065056,71.67009870226083,75.12145627733474,76.48411560058594
2020-04-22,72.19058943941245,75.58949704511257,72.0743846284738,74.9988021850586,11347000,0.0,0,0.0650440909770027,1.4074191634495836,67.89836711883545,76.41142793684718,59.38530630082373,71.75482947575645,62.013212737056,69.46225500981593,73.49946714946918,75.94851684570312
2020-04-23,74.8826048625672,75.2118407454346,71.90976678378414,72.77159881591797,15513400,0.0,0,-0.02969651920100047,1.365623713238347,68.35058727264405,76.89043990466014,59.81073464062796,71.8565011415842,62.013212737056,66.72666703467598,71.32067799841705,76.26986694335938
2020-04-24,73.35261386502614,73.62375105763925,71.86135191771969,73.18799591064453,8456000,0.0,0,0.005721972603348613,1.3734377747119801,68.62559947967529,77.4156934162398,59.83550554311077,72.03080888581499,63.7223527074522,64.45830211587277,69.58248608749999,75.74400329589844
2020-04-27,74.25317496675119,75.57013327235133,74.1176063812865,75.27962493896484,8258500,0.0,0,0.028578853708113305,1.4126890519526705,69.1775598526001,78.18299456099521,60.17212514420498,72.03080888581499,63.940233657952405,64.27431169360102,69.58248608749999,77.49689483642578
2020-04-28,76.18019853800516,77.0904511664437,74.52431862460817,76.19956970214844,12801400,0.0,0,0.012220368578210516,1.429952632853935,69.70192241668701,79.057551924771,60.34629290860302,73.0911592651606,64.69071071861796,64.27431169360102,69.58248608749999,76.67887878417969
2020-04-29,75.70569828386262,76.25765818089269,74.29190639652126,74.42747497558594,24575500,0.0,0,-0.023255967631960694,1.3966977007090469,70.24032573699951,79.37752020877448,61.10313126522453,73.27997949448363,68.031522262421,64.09275378414692,69.58248608749999,79.98987579345703
2020-04-30,74.3984388857868,75.18280114563925,72.81034320108556,74.30160522460938,15186000,0.0,0,-0.0016911731993843881,1.3943356429899658,70.92349834442139,79.06559144809772,62.78140524074505,73.27997949448363,68.031522262421,63.10260985680915,69.58248608749999,81.37271118164062
2020-05-01,72.5295060384219,73.47848607300325,70.89299015348469,71.45463562011719,11216700,0.0,0,-0.038316394321306624,1.3409097286769096,71.34908885955811,78.61136123454465,64.08681648457157,73.27997949448363,68.031522262421,63.10260985680915,69.58248608749999,80.2138671875
2020-05-04,70.28294139401811,70.32167633381957,69.00471793230751,69.61477661132812,12921800,0.0,0,-0.02574863048173004,1.306383139563851,71.77710037231445,77.36104161450362,66.19315913012528,73.04758454937561,68.031522262421,63.395535344372774,69.58248608749999,76.94180297851562
2020-05-05,72.58760506286858,72.70380986652044,70.58311837445713,70.59280395507812,12976000,0.0,0,0.01404913426944554,1.3247366916989234,72.0245147705078,76.88377242372371,67.1652571172919,73.04758454937561,68.031522262421,62.945252171231274,69.58248608749999,70.6703872680664
2020-05-06,71.43526389262497,72.48108494883564,70.55406815321406,70.6509017944336,12740900,0.0,0,0.0008229994574580068,1.3258269492774664,72.23028907775878,76.44106584856355,68.01951230695401,73.04758454937561,68.031522262421,62.37876546710966,69.58248608749999,74.38064575195312
2020-05-07,71.87792106293215,74.03981074968684,71.4494437101078,74.0105972290039,13360500,0.41,0,0.04755346852253495,1.3888746193762609,72.46557388305663,76.51740110632059,68.41374665979268,73.04758454937561,68.031522262421,63.06387397222004,69.58248608749999,74.94546508789062
2020-05-08,75.22787644672647,75.89007682137371,73.77688129848646,75.83164978027344,11917200,0.0,0,0.02460529463956118,1.4230482886034221,72.6800666809082,76.96371225154499,68.3964211102714,73.04758454937561,68.031522262421,62.6620102358229,69.58248608749999,75.80242156982422
2020-05-11,74.61438582956379,75.1597248063676,73.81585057223546,73.88401794433594,9004500,0.0,0,-0.02568362737169605,1.386499246627002,72.8998233795166,76.94807976317578,68.85156699585743,72.63118805660011,68.031522262421,62.51191517467101,69.58248608749999,75.08179473876953
2020-05-12,74.0105961876833,74.72149070959996,72.3940453889142,72.4037857055664,8549900,0.0,0,-0.0200345389971176,1.3587213734009793,72.95309104919434,76.94479856580277,68.96138353258591,72.44739737684061,69.73097169834567,64.18232094657253,69.58248608749999,74.31248474121094
2020-05-13,72.51090993188696,73.76714336390377,71.01122058117741,71.69290161132812,11532700,0.0,0,-0.00981832769254809,1.3453810017140595,73.0250415802002,76.86702013687585,69.18306302352454,72.44739737684061,71.62894799431595,64.18232094657253,69.58248608749999,73.42630767822266
2020-05-14,70.42692532943279,72.34535908848713,68.80064163417694,72.24797821044922,11932300,0.0,0,0.00774242061132302,1.355797507311813,73.07826499938965,76.84466367031567,69.31186632846362,72.34535922777533,71.73062454003983,64.40020144696152,69.58248608749999,73.42630767822266
2020-05-15,70.90408990051722,72.68618877015106,70.76775519865623,72.21875762939453,9489100,0.0,0,-0.00040444842580333873,1.3552491571442726,72.95620918273926,76.66688430211398,69.24553406336453,72.34535922777533,72.50530653642203,63.81434688238219,68.0412028686481,73.51394653320312
2020-05-18,74.84808722578057,75.47133377483668,74.20536004286868,74.23458099365234,8903200,0.0,0,0.027912739438172407,1.3930778737414435,73.02112770080566,76.77378166638105,69.26847373523027,72.34535922777533,72.60697820224976,63.68846504355059,68.0412028686481,71.7123794555664
2020-05-19,74.40013327552991,75.19866842425174,73.77688669260972,73.874267578125,6484900,0.0,0,-0.00485371387168132,1.3863162723413325,73.19391632080078,76.76312826136346,69.6247043802381,72.34535922777533,72.78128594648055,63.15829203566445,68.0412028686481,71.91687774658203
2020-05-20,75.20840770819946,75.80243333058522,74.5169863422662,75.72453308105469,7790500,0.0,0,0.025046143448704372,1.4210381485636665,73.23020286560059,76.88672033225605,69.57368539894513,72.34535922777533,72.78128594648055,62.991245514076866,68.0412028686481,69.6965560913086
2020-05-21,76.542541326157,77.30212262332891,75.85112739079064,76.00694274902344,10312600,0.0,0,0.0037294342596534413,1.4263378169191943,73.39197006225587,77.23653946478223,69.5474006597295,73.05138212875292,73.05138212875292,62.991245514076866,68.0412028686481,71.55656433105469
2020-05-22,75.86086523912914,76.00694027529693,74.51698382200746,75.58819580078125,7653300,0.0,0,-0.0055093249787049325,1.41847965835637,73.5119800567627,77.47295262167529,69.5510074918501,73.05138212875292,73.05138212875292,62.84115427725007,68.0412028686481,71.66368103027344
2020-05-26,77.51636512490566,77.82798841208344,75.54924451766185,75.72453308105469,8422200,0.0,0,0.0018036848059288513,1.4210381485636665,73.53422546386719,77.5398894810029,69.52856144673147,73.31431502313019,73.31431502313019,65.1724535093771,68.0412028686481,72.09217071533203
2020-05-27,76.9125915994458,76.9125915994458,75.3642082039092,76.54253387451172,8245300,0.0,0,0.010802322050390778,1.4363886602903422,73.55137367248535,77.60570313893467,69.49704420603604,73.31431502313019,73.31431502313019,66.12144165736225,68.0412028686481,71.84870147705078
2020-05-28,76.58149648631812,77.96432438089688,75.89008253902873,76.48411560058594,8331400,0.0,0,-0.0007632132223576171,1.4352923894723641,73.65420570373536,77.89433094749498,69.41408045997574,74.36603978977655,73.3824830075369,66.17227993022419,68.0412028686481,73.46526336669922
2020-05-29,76.56203060087388,76.58150380800795,75.237629625176,75.94851684570312,10043600,0.0,0,-0.007002744957917861,1.4252414029288487,73.73655128479004,78.08750484659421,69.38559772298586,75.8706055367533,73.3824830075369,66.88402110640622,68.0412028686481,72.30641174316406
2020-06-01,75.62714720645374,76.59123052665456,74.7604373343194,76.26986694335938,7922000,0.0,0,0.004231156986371554,1.4312718230481172,73.97731285095215,78.32945650139851,69.62516920050578,75.8706055367533,73.3824830075369,66.9348569393201,68.0412028686481,72.19928741455078
2020-06-02,75.92903216931023,76.21144192305484,74.77991995013923,75.74400329589844,9521000,0.0,0,-0.006894775991302837,1.4214035244455367,74.28377418518066,78.20097042345577,70.36657794690555,76.24065410145218,73.3824830075369,67.87658079663359,68.0412028686481,71.64421081542969
2020-06-03,76.39646925772475,77.85720486440924,76.2504016408047,77.49689483642578,9956700,0.0,0,0.02314231443088066,1.4542980917414172,74.62897872924805,78.39666989524194,70.86128756325415,76.24065410145218,73.3824830075369,67.9855212718837,68.0412028686481,72.3453598022461
2020-06-04,77.23395801572939,78.07144702188302,76.41594964489214,76.67887878417969,7667600,0.0,0,-0.010555468757460496,1.4389472936700063,74.93037757873535,78.3183126912902,71.54244246618049,76.29421542194524,73.43604432802998,68.89093499188928,68.0412028686481,70.74828338623047
2020-06-05,78.22725732530277,80.17490466856627,77.87668020914055,79.98987579345703,12030800,0.0,0,0.043180039429064676,1.501081094547023,75.22934150695801,79.24448446713946,71.21419854677656,77.46767100144284,74.48777315137161,70.65575087845232,68.00731504908227,70.8261947631836
2020-06-08,80.90527993646774,81.4311456595515,80.02883706466145,81.37271118164062,10229600,0.0,0,0.017287630146523014,1.5270312293294899,75.50639457702637,80.34048807285873,70.67230108119401,78.09579149693545,75.11589364686422,70.65575087845232,68.00731504908227,73.63079833984375
2020-06-09,80.45732313175402,81.0416159120265,79.61983408914534,80.2138671875,7999800,0.0,0,-0.014241186969349506,1.505284492084573,75.82288703918456,81.01054534349956,70.63522873486957,78.09579149693545,75.11589364686422,70.65575087845232,68.00731504908227,72.44274139404297
2020-06-10,77.78902473638234,77.93509975902,76.15300082814596,76.94180297851562,19683800,0.0,0,-0.04079175239532984,1.4438812997989292,76.04978790283204,81.00893073860165,71.09064506706243,78.09579149693545,75.11589364686422,70.53955340589832,67.91531541650396,72.21875762939453
2020-06-11,73.76714700383046,74.77992456712848,70.2613830876053,70.6703872680664,26422200,0.0,0,-0.08150856189580558,1.326192611504072,75.99866218566895,81.15573730123232,70.84158707010558,75.8462643735784,75.11589364686422,70.53955340589832,67.01474907022096,72.9978256225586
2020-06-12,73.03677182505852,74.71174964766273,71.87791933460184,74.38064575195312,18529800,0.0,0,0.05250089361776089,1.3958189087173078,76.10529556274415,81.02814471629044,71.18244640919785,75.8462643735784,75.11589364686422,70.53955340589832,65.88177566197771,73.46526336669922
2020-06-15,72.35509811575822,75.87060198697583,72.14085573008198,74.94546508789062,14644700,0.0,0,0.0075936331316761585,1.4064182454283636,76.24163093566895,80.8651749610818,71.6180869102561,75.8462643735784,75.11589364686422,70.53955340589832,65.54285270180227,75.21813201904297
2020-06-16,76.72755840018436,76.87363341862903,74.39038039412198,75.80242156982422,10890100,0.0,0,0.011434400746310969,1.422499795263515,76.32002296447754,80.85619345374396,71.78385247521113,75.8462643735784,75.11589364686422,70.53955340589832,64.5212442785078,73.38735961914062
2020-06-17,76.02640477755745,76.24064714878986,74.67279062806264,75.08179473876953,6906700,0.0,0,-0.009506646570530686,1.4089765924632924,76.38039932250976,80.81465911563484,71.94613952938468,75.8462643735784,75.11589364686422,70.33135515951057,64.22105415620402,73.7963638305664
2020-06-18,74.71175602753156,74.77992338986859,73.81583999976344,74.31248474121094,8486000,0.0,0,-0.010246292063678553,1.3945398067860268,76.30979690551757,80.82866245177563,71.79093135925952,75.8462643735784,75.11589364686422,71.08918453759314,64.22105415620402,74.45855712890625
2020-06-19,75.01363761750717,75.35447442291365,72.91991519903151,73.42630767822266,12538600,0.0,0,-0.011925009183508584,1.3779099067833351,76.18076515197754,80.87282029551582,71.48871000843926,75.6514994998159,75.11589364686422,72.03817268557827,64.22105415620402,72.68619537353516
2020-06-22,72.93939583344623,73.66976360061088,71.98504534862298,73.42630767822266,8238600,0.0,0,0.0,1.3779099067833351,76.0726707458496,80.91324452678688,71.23209696491233,74.09824142331266,75.8462643735784,72.03799188390758,64.22105415620402,75.39342498779297
2020-06-23,74.33196227682679,74.37091611506457,73.10494237623378,73.51394653320312,8076600,0.0,0,0.0011935620590446394,1.3795545277688535,75.96214141845704,80.93013858641706,70.99414425049702,73.56750825311715,75.8462643735784,72.42533288209867,63.04934502704535,74.63384246826172
2020-06-24,72.93939944547809,72.95887265117203,70.11530911998601,71.7123794555664,12306400,0.0,0,-0.02450646663110423,1.3457465207682973,75.72063369750977,81.01484445549454,70.426422939525,73.49447126930752,75.77322738976875,72.47616871501255,62.76368979772157,74.52672576904297
2020-06-25,71.30337149890595,72.17007398532927,70.28085365642737,71.91687774658203,8624800,0.0,0,0.0028516455954767927,1.3495841129068744,75.49227180480958,81.02628667368863,69.95825693593052,73.49447126930752,75.77322738976875,72.56332258712794,62.76368979772157,73.523681640625
2020-06-26,71.7026303682779,71.83896508051748,69.3849328305203,69.6965560913086,17627800,0.0,0,-0.030873443409171974,1.3079178041711266,75.17967376708984,81.26076684473603,69.09858068944365,73.12928312457467,75.4080392450359,72.56332258712794,62.76368979772157,73.16337585449219
2020-06-29,69.54074969358875,71.57603753479198,69.19990547586575,71.55656433105469,8653000,0.0,0,0.026687233115354037,1.3428225115067633,74.9440086364746,81.20251706907386,68.68550020387535,72.7202763123278,75.31552556770862,73.05138212875292,62.869525526164175,73.7963638305664
2020-06-30,71.65394814284868,71.9460907889778,70.90409974877862,71.66368103027344,11324000,0.0,0,0.0014969514008971174,1.3448326515465197,74.73999252319337,81.14677682711785,68.33320821926888,72.27718994938971,75.31552556770862,73.05138212875292,62.869525526164175,74.0802993774414
2020-07-01,72.0629571917067,72.73489795383146,71.45918379460291,72.09217071533203,6750000,0.0,0,0.005979174930709874,1.3528736412226468,74.46975631713867,80.8441093067593,68.09540332751806,72.27718994938971,75.31552556770862,73.31431502313019,63.13245842054144,74.20758056640625
2020-07-02,73.07572124994716,73.12440797041384,71.71236677224942,71.84870147705078,6544400,0.0,0,-0.003377193887566965,1.3483047246308593,74.22824745178222,80.61564234405542,67.84085255950903,71.78541079546517,75.31552556770862,73.31431502313019,63.13245842054144,75.8525161743164
2020-07-06,72.96861119221326,73.50421720682412,72.21877020144336,73.46526336669922,7235300,0.0,0,0.02249952826447088,1.3786409448918109,73.90201683044434,79.71357395607669,68.09045970481199,71.78541079546517,75.31552556770862,73.87426139865673,63.20062640494816,77.22328186035156
2020-07-07,73.16337394839628,73.26076226486269,72.0629558113689,72.30641174316406,7515100,0.0,0,-0.015774143730361234,1.3568940644745264,73.44870185852051,78.15757998000343,68.73982373703758,71.35206134134494,75.31552556770862,74.62654427214511,63.20062640494816,77.63451385498047
2020-07-08,72.13112005378532,72.54986453554028,71.41049260716696,72.19928741455078,7346200,0.0,0,-0.0014815329101628416,1.3548837812624028,73.04797286987305,76.59566120124468,69.50028453850142,71.35206134134494,75.31552556770862,74.62654427214511,63.20062640494816,77.3701400756836
2020-07-09,71.80002617694873,72.2771977196514,70.04714050828635,71.64421081542969,9618200,0.0,0,-0.007688117417751994,1.3444672756646496,72.78309326171875,75.88715837033435,69.67902815310315,71.35206134134494,75.31552556770862,74.81156855449454,64.90976637534436,76.73372650146484
2020-07-10,71.0891264030142,72.608288918511,70.83593017386981,72.3453598022461,7524200,0.0,0,0.009786540724451731,1.3576249594106344,72.86684188842773,75.82371883582294,69.90996494103251,71.35206134134494,75.31552556770862,74.81156855449454,65.12764732584456,77.3016128540039
2020-07-13,72.60828252939567,72.88095193847252,70.5924680497956,70.74828338623047,9464500,0.0,0,-0.022075727045676286,1.3276544013762879,72.6852237701416,75.69419095259265,69.67625658769056,71.77567885755523,75.31552556770862,74.86512987498762,65.18120864633764,77.34077453613281
2020-07-14,70.11530025542159,71.05991035038998,69.94001170759564,70.8261947631836,8780900,0.0,0,0.0011012475953344758,1.3291164775932387,72.47926025390625,75.40298785620189,69.5555326516106,71.72211445720988,75.31552556770862,75.97772207640722,69.5737490134823,76.00917053222656
2020-07-15,72.5108997846398,73.82556007566879,72.02398801539321,73.63079833984375,10300700,0.0,0,0.03959839415399502,1.3817473557495452,72.37067909240723,74.92719218753224,69.81416599728222,71.88278589163221,75.12076069394612,76.60584257189984,70.20186950897491,75.60774230957031
2020-07-16,72.93939354041326,73.17310913824667,71.75132748775899,72.44274139404297,6649300,0.0,0,-0.016135326148676188,1.3594524115094555,72.2387264251709,74.47038010325622,70.00707274708557,71.88278589163221,73.56750261744287,76.60584257189984,70.20186950897491,75.46086883544922
2020-07-17,72.48168671735958,72.59854821739073,71.29362080427035,72.21875762939453,6087500,0.0,0,-0.003091873117143762,1.355249157144273,72.13404006958008,74.15060433757482,70.11747580158534,71.88278589163221,73.0367694472474,76.60584257189984,70.20186950897491,77.03724670410156
2020-07-20,72.21877109942939,73.25102187167616,71.70263828362059,72.9978256225586,8832700,0.0,0,0.010787612785614575,1.369869060279576,72.11261596679688,74.08185101101377,70.14338092258,71.88278589163221,73.0367694472474,75.48107901022132,70.20186950897491,80.9928970336914
2020-07-21,73.79635986323298,74.7896642122049,73.29970768874702,73.46526336669922,10637500,0.0,0,0.006403447502087989,1.3786409448918109,72.1145637512207,74.08912004354329,70.14000745889811,72.36483795990027,73.0367694472474,75.48107901022132,70.20186950897491,80.68936920166016
2020-07-22,73.5431542553208,75.30578000558788,73.15363076302813,75.21813201904297,9213100,0.0,0,0.023859829421618794,1.4115350826705888,72.1997730255127,74.52809573048783,69.87145032053756,72.62289585659175,73.0367694472474,75.48107901022132,70.20186950897491,81.66849517822266
2020-07-23,74.86756847478225,75.0525973678696,72.93940157822689,73.38735961914062,7795100,0.0,0,-0.02433950898220716,1.3771790118472276,72.28352203369141,74.65625329083576,69.91079077654706,72.62289585659175,72.7202763123278,75.48107901022132,70.20186950897491,83.22529602050781
2020-07-24,73.30945194735635,74.01060624792855,73.1439036901895,73.7963638305664,5673400,0.0,0,0.005573224238457408,1.3848543392967494,72.37749633789062,74.83304340144257,69.92194927433867,72.62289585659175,72.27718994938971,75.48107901022132,70.20186950897491,82.70636749267578
2020-07-27,73.90347793261121,74.7020130471003,73.56264113307654,74.45855712890625,6771100,0.0,0,0.008973251037953656,1.3972809849342587,72.6155963897705,74.9009590566003,70.3302337229407,73.29970040492911,72.27718994938971,75.48107901022132,71.90131894489957,84.25337219238281
2020-07-28,74.30274617058139,74.39038673130368,72.60828769976999,72.68619537353516,12273400,0.0,0,-0.02380333199718998,1.364021041756508,72.67207794189453,74.90461563124484,70.43954025254422,73.29970040492911,72.2528427407268,75.38369657334006,73.79929524086987,86.50534057617188
2020-07-29,75.52975970403467,76.43541599317444,74.88703996027876,75.39342498779297,15261100,0.0,0,0.03724544392983198,1.414824610986361,72.8585651397705,75.33552962930644,70.38160065023457,73.8645183987224,72.8176607345201,74.97225289844553,73.90097178659371,84.67440032958984
2020-07-30,74.62410215164225,74.96494636616144,73.42630324641178,74.63384246826172,7889800,0.0,0,-0.010074917271025052,1.400570370077663,72.98564872741699,75.55245785762892,70.41883959720505,74.06902713839752,72.8176607345201,74.70688631334778,74.67565378297593,84.46876525878906
2020-07-31,74.2443160075244,74.53646608624986,73.50421535287414,74.52672576904297,7423800,0.0,0,-0.0014352295912447577,1.398560230037907,73.1195499420166,75.71470491329096,70.52439497074225,74.52185184647222,72.8176607345201,74.63384932953814,74.77732544880368,83.6267318725586
2020-08-03,74.47803203561745,74.5948861123661,73.46525460225068,73.523681640625,7138300,0.0,0,-0.013458851412933237,1.3797372157097891,73.12247085571289,75.7193250420489,70.52561666937689,74.52185184647222,72.8176607345201,74.63384932953814,74.95163319303445,84.06733703613281
2020-08-04,73.39709890447814,73.5139529997855,72.803065821047,73.16337585449219,12792400,0.0,0,-0.004900540589002911,1.3729757574820454,73.16531906127929,75.7347386690712,70.59589945348738,74.52185184647222,72.8176607345201,74.26866118480528,74.95163319303445,83.10780334472656
2020-08-05,73.37761931381833,74.00086592995234,73.35814610755165,73.7963638305664,7780800,0.0,0,0.008651705428862622,1.3848543392967496,73.24517288208008,75.78839132821604,70.70195443594413,74.52185184647222,73.18771385038505,74.01790094001821,75.11589364686422,83.48965454101562
2020-08-06,73.62989713808781,74.33486546217108,73.37533105335814,74.0802993774414,6764800,0.41,0,0.0038475547050922376,1.3901826421257781,73.36697731018066,75.8227361915416,70.91121842881972,74.52185184647222,73.18771385038505,73.79635775854916,75.11589364686422,84.82125854492188
2020-08-07,73.9040554506014,74.34465690709878,73.63968860062273,74.20758056640625,6569300,0.0,0,0.0017181516548190334,1.3925711867328472,73.46008834838867,75.89474184232323,71.0254348544541,74.52185184647222,73.18771385038505,73.79635775854916,75.11589364686422,85.87870788574219
2020-08-10,74.23696479368819,76.04833741495555,74.22717149062579,75.8525161743164,6604300,0.0,0,0.02216667886696766,1.4234398650285462,73.71529998779297,76.02496431342803,71.40563566215792,74.61924090711072,73.18771385038505,73.5504681815869,75.11589364686422,86.53472137451172
2020-08-11,76.6358032393783,78.3101068510107,76.37144383602113,77.22328186035156,10238500,0.0,0,0.018071459658437705,1.4491635011256216,74.03515434265137,76.42708072317309,71.64322796212964,75.55658633602886,74.12505927930317,73.5504681815869,75.11589364686422,84.93875885009766
2020-08-12,77.92824570647464,78.02616379374062,77.02745607639716,77.63451385498047,5378000,0.0,0,0.005325233332773571,1.4568806349064547,74.2353401184082,77.08939760142252,71.38128263539389,75.55658633602886,74.12505927930317,73.33379345452678,75.11589364686422,83.17633056640625
2020-08-13,77.27222946724544,77.97719780016111,77.19389799245468,77.3701400756836,4383400,0.0,0,-0.0034053640084708015,1.4519194260277062,74.48171005249023,77.52101687030945,71.442403234671,75.55658633602886,74.12505927930317,73.33379345452678,75.11589364686422,82.13846588134766
2020-08-14,76.90017530259327,77.28203194993563,76.39102812606913,76.73372650146484,3771300,0.0,0,-0.00822557091917131,1.4399765598199927,74.70745849609375,77.71101000317404,71.70390698901346,75.55658633602886,74.12505927930317,73.33379345452678,75.11589364686422,82.19721984863281
2020-08-17,76.9589219408714,77.31140615726531,76.48894796574731,77.3016128540039,5360400,0.0,0,0.007400739914908527,1.4506334518227852,74.92264785766602,78.02164146855883,71.82365424677322,75.83412647928117,74.12505927930317,73.33379345452678,75.11589364686422,81.25726318359375
2020-08-18,77.49743749968295,77.70305203676655,76.7141376221348,77.34077453613281,5272700,0.0,0,0.0005066088621317189,1.4513683555851833,75.11642341613769,78.31091037221704,71.92193646005835,75.84271895218441,74.12505927930317,73.54560221263193,75.11589364686422,81.30621337890625
2020-08-19,77.52681126976174,77.73242581037788,75.81334929452586,76.00917053222656,6840600,0.0,0,-0.017217360595272235,1.426379623250506,75.15597534179688,78.37427829540694,71.93767238818681,75.97489772581672,74.80186382764052,73.51882001245926,75.11589364686422,82.5399169921875
2020-08-20,75.42170688609274,76.02876473579181,74.86360808576212,75.60774230957031,5099500,0.0,0,-0.005281313029012136,1.4188464659619155,75.26699447631836,78.38411650406984,72.14987244856688,76.26863917081825,74.80186382764052,73.50177329278917,75.11589364686422,84.27295684814453
2020-08-21,75.33358577163729,75.65669008286785,75.08880547731313,75.46086883544922,5594100,0.0,0,-0.00194257188000313,1.4160902547150962,75.3502197265625,78.39303983593092,72.30739961719408,76.58685746838641,74.80186382764052,72.72514425453754,75.11589364686422,83.02946472167969
2020-08-24,76.08749806337016,77.48764150350078,75.63710326397094,77.03724670410156,5867400,0.0,0,0.02089000422311349,1.4456723861164045,75.47915420532226,78.5785444729243,72.37976393772021,76.44488593975137,75.00637256731565,72.4597776694398,75.11589364686422,84.1260757446289
2020-08-25,78.3884313719991,81.33558791809801,78.12407196691429,80.9928970336914,17659500,0.0,0,0.0513472443373193,1.519903679358039,75.89448928833008,79.5657677027652,72.22321087389496,78.09959800193008,76.971937808934,72.4597776694398,75.11589364686422,84.928955078125
2020-08-26,80.6991550336737,81.02226677253944,80.1704287710118,80.68936920166016,7934300,0.0,0,-0.003747585814901644,1.51420770988926,76.15928649902344,80.37740152057629,71.94117147747059,78.09959800193008,76.971937808934,72.70080370357383,75.11589364686422,84.76251220703125
2020-08-27,81.02227166149747,81.89368884973509,80.77749138457452,81.66849517822266,9099200,0.0,0,0.012134510236601947,1.5325818788452528,76.51101913452149,81.30251705685747,71.71952121218551,78.3786484677486,77.25098827475253,72.82983265191957,75.11589364686422,86.62284088134766
2020-08-28,82.0405603500398,83.50924204451935,81.6880761457566,83.22529602050781,9303900,0.0,0,0.019062440649699752,1.5617966299515458,76.94594764709473,82.46975253637562,71.42214275781383,79.18642506514074,78.05876487214468,72.67158608445978,75.11589364686422,85.19332122802734
2020-08-31,82.86302299744497,83.57778474761574,82.27555178188233,82.70636749267578,6401600,0.0,0,-0.006235225978699521,1.5520584750310265,77.40508193969727,83.23612711632181,71.57403676307273,79.22069641668892,78.09303622369286,72.45004290299073,75.11589364686422,86.60325622558594
2020-09-01,82.9315527540607,84.29253046201957,82.47137211986897,84.25337219238281,8166100,0.0,0,0.018704783520374413,1.5810893928174443,77.9595817565918,84.17266767440503,71.74649583877857,79.57806927389085,78.45040908089479,72.78844517715942,75.11589364686422,87.66071319580078
2020-09-02,84.70376148599497,86.89699047798007,84.48835366649544,86.50534057617188,11378900,0.0,0,0.026728525223262967,1.623349580533599,78.59503059387207,85.53988799018748,71.65017319755665,80.9928979776466,79.85002814951353,72.77627157282797,75.11589364686422,88.13069152832031
2020-09-03,86.75013238649798,87.1222032043223,83.9008937247622,84.67440032958984,11036600,0.0,0,-0.021165632484503094,1.5889903599181525,79.12473564147949,86.22740330901618,72.0220679739428,81.37965323414662,79.96263451268464,73.34108956662125,75.31552556770862,88.88461303710938
2020-09-04,85.27164417880293,85.94724005824035,83.52880999658504,84.46876525878906,10349400,0.0,0,-0.0024285388499990512,1.5851314350968173,79.63779487609864,86.72786400903038,72.5477257431669,82.6231375856183,79.96263451268464,73.4433439364588,75.31552556770862,88.2775650024414
2020-09-08,83.48964805403891,85.75142274315317,83.00008753251385,83.6267318725586,11083100,0.0,0,-0.009968576948540808,1.5693299304125037,80.02650566101075,87.09603201394621,72.95697930807528,83.64631598766705,79.96263451268464,73.66975629049617,75.31552556770862,87.44529724121094
2020-09-09,84.13587521334435,85.01708568470758,82.69656602180123,84.06733703613281,6928700,0.0,0,0.005268711974129037,1.5775982778082271,80.3687084197998,87.52533195188714,73.21208488771246,83.9498472944484,79.96263451268464,73.66975629049617,75.31552556770862,86.97533416748047
2020-09-10,84.00860051059072,85.25208112646898,82.76511242461065,83.10780334472656,7552000,0.0,0,-0.011413870419064609,1.5595917754919846,80.6423728942871,87.77818643246414,73.50655935611007,84.40513967503945,80.24017465593698,73.66975629049617,75.31552556770862,86.67179107666016
2020-09-11,83.1763360816994,84.05754658293291,82.39304366845951,83.48965454101562,7103300,0.0,0,0.004594649129458617,1.5667575524855597,80.9483486175537,88.02050938880555,73.87618784630186,84.69887749310232,80.24876712884023,73.85478284842864,75.31552556770862,85.77100372314453
2020-09-14,83.95963466269276,85.24228091841931,83.85193074365148,84.82125854492188,5535800,0.0,0,0.015949329425624548,1.591746284820237,81.35272521972657,88.33809874247183,74.3673516969813,84.7576234363909,80.38094590247252,73.85478284842864,75.31552556770862,86.6620101928711
2020-09-15,85.35977491547501,86.40743415830711,85.34998161317726,85.87870788574219,8361900,0.0,0,0.012466796165966798,1.6115902613010258,81.78157997131348,88.77266310198787,74.79049684063908,84.7576234363909,80.67468734747405,73.85478284842864,75.31552556770862,86.4270248413086
2020-09-16,86.16265804039195,87.56280153235237,85.91787776186811,86.53472137451172,7146400,0.0,0,0.007638837436193535,1.623900937320857,82.24127731323242,89.2127413231845,75.26981330328033,84.97792260040595,81.21320480905725,73.90347737874788,75.31552556770862,87.4942626953125
2020-09-17,85.23249817998297,85.49685760079856,83.57778106382524,84.93875885009766,7386600,0.0,0,-0.01844303071719533,1.5939512824521662,82.68775672912598,89.12309279954907,76.25242065870289,84.97792260040595,81.21320480905725,74.84082280766602,75.31552556770862,88.9041976928711
2020-09-18,84.99749632482975,85.41851867694058,82.83363969145577,83.17633056640625,10113400,0.0,0,-0.020749400009503205,1.5608777496969055,83.06618614196778,88.61124121990207,77.52113106403348,84.97792260040595,81.21320480905725,74.84082280766602,75.31552556770862,87.78799438476562
2020-09-21,81.12997237548711,82.19721075505575,80.0431473912818,82.13846588134766,7188800,0.0,0,-0.012477884970291897,1.5414012966834996,83.40006599426269,87.73320082030358,79.0669311682218,83.80297446181709,81.21320480905725,74.84082280766602,75.31552556770862,88.16986083984375
2020-09-22,82.295137942447,82.62803555708963,81.44329982893514,82.19721984863281,4465000,0.0,0,0.0007153039280041185,1.542503867085648,83.65806465148925,86.91593040563285,80.40019889734566,83.80297446181709,81.21320480905725,74.84082280766602,75.31552556770862,85.34998321533203
2020-09-23,82.61824100184968,83.12738818960251,81.09081437879448,81.25726318359375,6414700,0.0,0,-0.011435382690193174,1.5248647450644206,83.67128295898438,86.8872114842728,80.45535443369596,83.80297446181709,81.21320480905725,74.97959287929217,75.31552556770862,86.4563980102539
2020-09-24,80.9047701603361,82.38324504638348,80.20959510705443,81.30621337890625,4881500,0.0,0,0.0006024100910451136,1.5257833389743263,83.70212516784667,86.81202502263122,80.59222531306213,83.80297446181709,81.21320480905725,74.98388911574379,75.31552556770862,85.14437103271484
2020-09-25,80.80686835119226,82.92177364797934,80.50334318122994,82.5399169921875,5981500,0.0,0,0.015173546547198047,1.5489348834891925,83.74569625854492,86.76243590280957,80.72895661428028,83.80297446181709,81.21320480905725,75.38838077672861,75.31552556770862,84.17504119873047
2020-09-28,83.73443722909636,84.43940565035886,83.21550421625075,84.27295684814453,5976200,0.0,0,0.02099638476885146,1.5814569162848278,83.79807929992675,86.81322029039113,80.78293830946238,83.80297446181709,81.32580350483275,75.53525149922939,75.12076069394612,86.54450988769531
2020-09-29,84.44918719960386,84.44918719960386,82.86300847253165,83.02946472167969,4064000,0.0,0,-0.014755529804247325,1.558121681622454,83.81423416137696,86.80897798466825,80.81949033808567,82.77000249604018,81.59995239816166,75.69436064801346,73.75500616343822,87.915283203125
2020-09-30,84.82125076827727,85.3401911806716,83.68547427629278,84.1260757446289,10134400,0.0,0,0.013207492383880082,1.578700561865641,83.80786933898926,86.79935693459919,80.81638174337934,82.73083303411119,82.84343674963333,75.72562925353351,73.75500616343822,88.72796630859375
2020-10-01,85.22269437180191,85.6241301050531,84.4002288315669,84.928955078125,7241200,0.0,0,0.00954376305312632,1.593767305959924,83.72905006408692,86.50516118165162,80.95293894652222,82.83363874816746,83.80297446181709,77.53576790543204,75.26774669698187,88.75732421875
2020-10-02,83.37216205624588,85.31081762534637,83.31340971135421,84.76251220703125,5602300,0.0,0,-0.001959789460975303,1.5906438575904567,83.73345565795898,86.51589479928639,80.95101651663158,82.91686260605377,83.80297446181709,77.53576790543204,75.26774669698187,93.8781280517578
2020-10-05,85.44789113396153,86.82845540636754,85.37935295895491,86.62284088134766,7004800,0.0,0,0.021947540556284784,1.6255545781655285,83.84115943908691,86.88643901010465,80.79587986806916,83.51902525671099,83.80297446181709,77.81481837125057,75.54679716280042,92.39269256591795
2020-10-06,86.79907908788046,87.41592263535192,84.98770671220353,85.19332122802734,7951100,0.0,0,-0.01650280271087401,1.5987283716663048,83.91948890686035,87.01937469069989,80.81960312302081,83.81275887120317,83.80297446181709,78.62259496864272,76.35457376019255,93.4944839477539
2020-10-07,85.98641263664723,87.122196670999,85.61434931682561,86.60325622558594,5179300,0.0,0,0.01654983016549827,1.6251870546981457,84.04628486633301,87.36232929421955,80.73024043844647,83.95963290829093,83.80297446181709,78.65686632019089,76.38884511174075,92.009033203125
2020-10-08,86.61305389002104,87.73904467868746,86.5641023157929,87.66071319580078,4958800,0.0,0,0.012210360398694053,1.6450311743513022,84.27393035888672,87.91397644605924,80.6338842717142,85.30102657560955,83.89109603498463,79.01423917739282,76.74621796894266,94.0060043334961
2020-10-09,87.92507699553896,88.44400997876348,87.70966916021533,88.13069152832031,6197700,0.0,0,0.005361333662318835,1.6538507353619156,84.50598220825195,88.49538188326497,80.51658253323893,85.65350922564755,84.24357868502264,80.42146306358006,78.04844797692292,96.1899185180664
2020-10-12,88.57129458118393,89.19793149303483,88.05236158887939,88.88461303710938,5909100,0.0,0,0.008554585192909636,1.6679987423739253,84.70914993286132,89.1368756888582,80.28142417686445,86.25567060219453,84.62053944215832,80.67114387341563,78.16105434009403,96.99658203125
2020-10-13,88.68879408578225,88.95315350504382,87.89570088779472,88.2775650024414,5732000,0.0,0,-0.00682961891744438,1.656606946608735,84.82909278869629,89.50291448553973,80.15527109185284,86.25567060219453,84.62053944215832,81.29288604915146,78.16105434009403,96.31781005859376
2020-10-14,88.28734192887849,88.70836427271226,86.71095646499627,87.44529724121094,4760700,0.0,0,-0.009427851359600226,1.6409887025548267,84.87462158203125,89.63192278471725,80.11732037934526,86.25567060219453,84.62053944215832,81.80447525017584,78.16105434009403,96.17024993896484
2020-10-15,86.31932478512732,87.01449991017192,85.8395500397333,86.97533416748047,5002200,0.0,0,-0.00537436647318057,1.6321694278889478,84.9764503479004,89.82221276131594,80.13068793448485,87.09281910261919,84.62053944215832,81.95624090356652,78.16105434009403,95.43244171142578
2020-10-16,87.52362906974017,87.75861602744818,86.59346707082463,86.67179107666016,4721300,0.0,0,-0.0034899905096749118,1.626473172075434,85.15122337341309,89.97655665144012,80.32589009538606,87.09281910261919,84.62053944215832,82.32265716548821,78.16105434009403,95.30455017089844
2020-10-19,86.84803539965954,87.69987341468277,85.5360167593833,85.77100372314453,5426600,0.0,0,-0.010393085712500083,1.609569096988972,85.33285026550293,89.95809568718262,80.70760484382323,87.36697412620907,84.62053944215832,82.47382231097127,78.53110745595897,96.7014617919922
2020-10-20,86.82845898616378,87.84674582117373,86.20182208309629,86.6620101928711,4939700,0.0,0,0.010388201502253613,1.6262896251002938,85.55608978271485,89.97882737040155,81.13335219502815,87.36697412620907,84.62053944215832,82.56928466943171,78.53110745595897,96.60308074951172
2020-10-21,86.5347287706727,87.2984495798277,86.34870082276355,86.4270248413086,4119200,0.0,0,-0.0027115151268649607,1.6218799161811708,85.81457786560058,89.77782661145221,81.85132911974895,87.36697412620907,84.62053944215832,82.71615539193247,78.53110745595897,97.05561065673828
2020-10-22,86.18223652783699,87.51384183060263,85.86891807248632,87.4942626953125,4257800,0.0,0,0.012348427542929974,1.6419075828094674,86.1239803314209,89.55634142921629,82.6916192336255,87.36697412620907,84.62053944215832,83.0955637047316,78.751406619974,96.42601776123048
2020-10-23,87.92507660581349,89.06085318234776,87.57259241686467,88.9041976928711,7811500,0.0,0,0.016114599450577805,1.6683662658413083,86.44219436645508,89.65735322217613,83.22703551073404,87.29843497086553,84.62053944215832,83.0955637047316,78.751406619974,97.21300506591795
2020-10-26,88.15026438190341,89.22729601167349,86.79908006129374,87.78799438476562,7756400,0.0,0,-0.012555124921789562,1.647419718958371,86.61794624328613,89.7207061422805,83.51518634429175,87.3816563855284,84.63522170147765,83.0955637047316,78.751406619974,97.30154418945312
2020-10-27,87.61176209394456,88.46359269710041,87.30822946364752,88.16986083984375,8027500,0.0,0,0.004349871047337528,1.654585782296681,86.87496604919434,89.56630704436107,84.18362505402762,87.3816563855284,84.71844555936396,82.50808963543716,78.751406619974,98.4820327758789
2020-10-28,86.79908570846388,87.09281755200205,84.80167779797996,85.34998321533203,12738800,0.0,0,-0.03198233044320997,1.6016682730606315,86.9361614227295,89.42022162014715,84.45210122531185,87.01448690482673,84.71844555936396,82.50808963543716,78.751406619974,100.61672973632812
2020-10-29,85.34998636217387,87.24948372817926,84.80168092460583,86.4563980102539,8440000,0.0,0,0.01296326903932088,1.622431129796061,87.01253356933594,89.33178146366927,84.69328567500261,87.01448690482673,84.71844555936396,82.50808963543716,78.751406619974,99.76089477539062
2020-10-30,85.91787760787595,86.54451452216576,83.84213816047772,85.14437103271484,11400700,0.0,0,-0.015175591485819817,1.5978097777563989,87.03162651062011,89.28095543449867,84.78229758674156,86.5347170860756,84.86531959645171,82.50808963543716,78.751406619974,99.56414031982422
2020-11-02,85.71226100933109,85.93745467649681,83.66589404930163,84.17504119873047,8904900,0.0,0,-0.011384543948441794,1.5796194421202812,86.90923652648925,89.48120126880629,84.33727178417222,86.44659503048756,86.04515224210257,82.50808963543716,79.42821116831135,98.7673110961914
2020-11-03,84.96812438363472,87.20051920500973,84.38065324170985,86.54450988769531,6910400,0.0,0,0.02814930239678426,1.6240846274683647,86.97679595947265,89.43201944174801,84.5215724771973,86.44659503048756,86.04515224210257,82.56438898332492,79.42821116831135,103.67616271972656
2020-11-04,87.0438660342449,89.38396483203768,86.8872030748457,87.915283203125,10509400,0.0,0,0.015838940184749628,1.6498084067378076,87.0423973083496,89.52445047473822,84.560344141961,86.52492944066965,86.34868727169595,82.18497744710092,79.42821116831135,101.32502746582033
2020-11-05,88.79650449415688,89.25669265583862,88.0229978456006,88.72796630859375,6169700,0.0,0,0.009243934340643412,1.6650591273243334,87.09575996398925,89.67378675563947,84.51773317233904,86.52492944066965,86.34868727169595,82.78713489187226,79.63271990798648,101.63983154296876
2020-11-06,88.26776369627494,89.29583631141213,87.90548622040711,88.75732421875,6626100,0.0,0,0.00033087549932275806,1.6656100545944887,87.12709159851075,89.76979750972706,84.48438568729443,86.52492944066965,86.34868727169595,83.31830660499227,80.08554461606118,102.48583221435548
2020-11-09,95.28806482127897,95.61117657597774,93.64314108020469,93.8781280517578,16225800,0.0,0,0.057694436803740645,1.7617064886289655,87.37676734924317,91.2911460596473,83.46238863883903,89.63853531263968,89.63853531263968,83.35991853393543,80.08554461606118,101.59063720703124
2020-11-10,92.21561938467748,93.72073767255822,91.62537794898482,92.39269256591795,10474700,0.45,0,-0.015823019873392408,1.733830971848305,87.582523727417,92.06293525014163,83.10211220469236,89.63853531263968,89.63853531263968,83.66099985926404,80.08554461606118,101.5316162109375
2020-11-11,92.5796070773197,94.27163806395735,92.49106673227008,93.4944839477539,8296500,0.0,0,0.011925092247418556,1.7545070661290274,87.88498306274414,93.05867874889553,82.71128737659275,89.63853531263968,89.63853531263968,83.80786666651014,80.08554461606118,101.60047912597656
2020-11-12,93.12066217927551,93.21903449880672,91.153185767344,92.009033203125,7058400,0.0,0,-0.015888111061814092,1.7266312630036318,88.13666801452636,93.59399923298535,82.67933679606737,89.63853531263968,89.63853531263968,83.88130368505401,80.08554461606118,101.2660140991211
2020-11-13,92.84519315061732,94.0355152737287,92.17625098581728,94.0060043334961,5516100,0.0,0,0.021704076880825873,1.7641062006807,88.50337867736816,94.48418501953819,82.52257233519813,89.99591490884379,89.63853531263968,84.5960613052971,80.17366618922873,100.74462890625
2020-11-16,95.21601981651298,96.21942946276094,94.45853721116175,96.1899185180664,9371300,0.0,0,0.023231645681084823,1.8050892908787188,89.02432441711426,95.74065089384703,82.30799794038148,91.55331626880331,89.94266175603128,84.9485439553351,80.62353789990524,100.40031433105467
2020-11-17,95.6291865757946,97.17365520200887,95.2356898068497,96.99658203125,8722300,0.0,0,0.008386154449565142,1.8202270484672838,89.5410530090332,97.00774744149321,82.0743585765732,92.539570711208,90.41977462565525,85.43810502217642,81.00049865704091,100.35113525390624
2020-11-18,97.0260952529278,97.71471649107666,96.31781005859376,96.31781005859376,6039500,0.0,0,-0.0069978957860344915,1.8074892892751886,90.03559226989746,97.9151424761473,82.15604206364763,92.81010135574189,90.69030527018914,85.43810502217642,81.00049865704091,102.64323425292967
2020-11-19,95.65870186450582,96.3276441504951,95.28488404496036,96.17024993896484,4252300,0.0,0,-0.001532012818181383,1.8047201925152934,90.46939163208008,98.69312165979527,82.24566160436488,94.43395112921033,90.69030527018914,85.43810502217642,81.00049865704091,103.91226196289062
2020-11-20,95.83577045724964,95.9538217392434,95.3734123177656,95.43244171142578,4609700,0.0,0,-0.007671896745691242,1.790874565543452,90.79580383300781,99.26243622772103,82.3291714382946,94.43395112921033,90.69030527018914,85.85667927238876,81.00049865704091,104.24673461914062
2020-11-23,96.03252181261426,96.26861686935442,94.85203151826042,95.30455017089844,4803200,0.0,0,-0.001340126462592961,1.7884745671469824,91.17163162231445,99.73864798917585,82.60461525545306,94.43395112921033,90.69030527018914,85.85667927238876,81.27803880029325,105.24030303955078
2020-11-24,95.92430776374376,97.11463000792384,95.81609596833408,96.7014617919922,6319900,0.0,0,0.01465734446664757,1.8146888549474942,91.59821166992188,100.37424842313563,82.82217491670814,94.43395112921033,90.69030527018914,85.99375678418369,81.28663127319649,101.42339324951172
2020-11-25,96.89820518876536,96.93755561435428,96.34731424117324,96.60308074951172,4027100,0.0,0,-0.0010173687207759574,1.81284264726853,92.16086654663086,100.69958266547937,83.62215042778234,94.94548373844697,90.69030527018914,85.99375678418369,81.41881004682878,101.75788116455078
2020-11-27,96.87853748738117,97.37040656833688,96.68178535180294,97.05561065673828,2169700,0.0,0,0.004684425214139365,1.8213347730746619,92.69082717895508,101.05973761758233,84.32191674032782,96.0866268511192,90.69030527018914,85.99375678418369,81.71255149183031,102.49568176269533
2020-11-30,96.60309094240094,96.6916312856497,95.3832576417416,96.42601776123048,5197300,0.0,0,-0.0064869294134319855,1.8095199029634974,93.25490951538086,101.00464248953995,85.50517654122177,96.28337400466853,90.69030527018914,85.99375678418369,82.03076978939848,101.66934204101562
2020-12-01,97.3900782356504,97.64585225978092,96.65227461265304,97.21300506591795,4970000,0.0,0,0.008161565964864392,1.824288419016269,93.90680770874023,100.60293805990811,87.21067735757235,96.28337400466853,90.69030527018914,85.95948720651192,82.03076978939848,103.9516143798828
2020-12-02,96.90804742769872,97.42942744725956,96.61292298005132,97.30154418945312,3377900,0.0,0,0.0009107744737972823,1.825949934341153,94.44465942382813,100.36404051801583,88.52527832964043,96.24894188902067,90.69030527018914,86.00843904350302,82.0454520487178,102.89900970458984
2020-12-03,97.40975422450994,99.35755918210695,97.36057181721988,98.4820327758789,6264100,0.0,0,0.012132269803727835,1.848102851592679,94.97299690246582,100.319599475733,89.62639432919865,97.10479535018368,91.51172661570429,86.05005097244617,82.0454520487178,101.14795684814452
2020-12-04,99.70185302067142,101.26600047242523,99.42640755880934,100.61672973632812,6952700,0.0,0,0.02167600424442151,1.8881623368479294,95.56743507385254,100.63812236327087,90.4967477844342,98.05901599534283,92.46594726086343,85.86646623209535,82.0454520487178,101.21682739257812
2020-12-07,100.35113619616432,100.55772031816878,99.05260206833144,99.76089477539062,4514800,0.0,0,-0.008505891248704489,1.8721018333508013,96.11761360168457,100.43806351681665,91.79716368655248,98.32462905708341,92.46594726086343,85.86646623209535,82.0454520487178,100.16421508789062
2020-12-08,98.73780385099292,99.91828666513096,98.3836575056862,99.56414031982422,3911300,0.0,0,-0.0019722603331635558,1.8684095611652407,96.40191421508788,100.84343623289053,91.96039219728524,98.32462905708341,92.46594726086343,85.70001834126366,82.0454520487178,100.66592407226562
2020-12-09,100.28226873763232,100.54787473400069,98.47218665104752,98.7673110961914,6629900,0.0,0,-0.008003174848627226,1.8534563527583885,96.72064514160157,100.86764617228799,92.57364411091514,98.32462905708341,92.82332685706754,86.24587363629507,82.0454520487178,100.8725128173828
2020-12-10,101.82673770514454,104.36477642054795,101.07909461187673,103.67616271972656,12939200,0.0,0,0.049701177130906604,1.9455753152512372,97.2297290802002,102.1110159442494,92.348442216151,99.87401703114477,95.62598974769682,86.24587363629507,82.15805074449331,103.74502563476562
2020-12-11,102.71210183271486,103.0760801376784,100.66592471950544,101.32502746582033,6262600,0.0,0,-0.022677683975073304,1.901454173102266,97.69552879333496,102.25949513811088,93.13156244855904,100.48884970029964,96.13513132047754,86.43680835618281,82.5105340480043,102.87933349609376
2020-12-14,102.14154013149108,103.007227054254,101.57097016849131,101.63983154296876,5156200,0.0,0,0.003106873839778812,1.9073617513302157,98.0772201538086,102.61967555509231,93.53476475252488,100.48884970029964,96.13513132047754,86.43680835618281,83.75401839947598,102.2202377319336
2020-12-15,102.5448540967254,103.1547744007426,102.09233548612907,102.48583221435548,5195200,0.0,0,0.0083235150879708,1.9232377056456311,98.39201583862305,103.2337843763919,93.55024730085421,100.86267411888392,97.75898109394598,86.43680835618281,84.71355611165974,101.76770782470705
2020-12-16,102.40714168694603,103.09576290706428,101.04958571835972,101.59063720703124,6409300,0.0,0,-0.008734817174064546,1.9064385759045492,98.62171859741211,103.61213789534246,93.63129929948177,101.37421696311708,97.75898109394598,89.63853531263968,87.82716198362976,102.98755645751952
2020-12-17,101.8660910934374,102.34812069802744,100.9413748065969,101.5316162109375,4535700,0.0,0,-0.0005809688541814628,1.9053309944695387,98.8824089050293,103.90916637794358,93.85565143211501,101.37421696311708,97.75898109394598,89.63853531263968,87.82716198362976,96.27845764160156
2020-12-18,101.64966903763806,102.41698362546632,101.2758437217948,101.60047912597656,10215000,0.0,0,0.0006782410997574484,1.9066232682586297,99.15392036437989,104.15158770853677,94.156253020223,101.37421696311708,97.75898109394598,89.63853531263968,87.82716198362976,96.55390167236328
2020-12-21,99.57398317105336,101.47259822331633,98.39349281166038,101.2660140991211,7175900,0.0,0,-0.0032919630865201333,1.900346734839622,99.44559898376465,104.21365931116175,94.67753865636756,101.37913461610417,98.27051370318262,89.63853531263968,87.82716198362976,95.23568725585938
2020-12-22,100.45934393825344,101.49226450652392,100.23308085835042,100.74462890625,4302700,0.0,0,-0.00514866905258804,1.8905624784167665,99.71760292053223,104.1118266938267,95.32337914723776,101.37913461610417,99.41165681585485,89.81722511074173,87.82716198362976,96.97691345214844
2020-12-23,100.62657741047592,101.02007417602393,100.31178149910284,100.40031433105467,3817300,0.0,0,-0.003417696595177655,1.884101109471311,99.90254554748535,104.07696644640895,95.72812464856175,100.77413360620149,99.60840396940418,90.74798901241729,88.13128842702137,99.99697875976562
2020-12-24,100.63642023075565,100.69544212068077,100.02649984866451,100.35113525390624,1949200,0.0,0,-0.0004898299121482985,1.8831782203903802,100.08994827270507,103.97882095664993,96.20107558876022,100.77413360620149,99.60840396940418,91.47967266843162,88.60840129664534,99.37722778320312
2020-12-28,101.24632789094572,102.68258467929456,100.64624702320268,102.64323425292967,5055200,0.0,0,0.022840787931536877,1.926191494759606,100.36932945251465,104.1461303716158,96.5925285334135,100.77413360620149,99.60840396940418,91.75020331296551,88.87893194117923,101.95462799072266
2020-12-29,103.18429780619827,104.0598241919662,102.77112956904804,103.91226196289062,4780900,0.0,0,0.012363481326337133,1.9500059273360157,100.74364166259765,104.36187624313067,97.12540708206464,101.22665850181329,99.60840396940418,92.56212819969974,88.87893194117923,104.74844360351562
2020-12-30,104.26640608011076,104.88616592790518,104.0598219659548,104.24673461914062,3654100,0.0,0,0.003218798724345495,1.956282603927391,101.09532814025879,104.63825078345671,97.55240549706086,101.63982936978277,99.8690987230828,92.56212819969974,88.87893194117923,104.53202056884766
2020-12-31,104.27623641936792,105.39769722948978,103.90241865110262,105.24030303955078,3566300,0.0,0,0.009530930863591136,1.974927798175069,101.49226608276368,105.02481060821108,97.95972155731627,101.89559502057509,100.39047743561568,92.56212819969974,88.87893194117923,104.49266815185548
2021-01-04,105.90924394054969,105.99777676406072,100.47900560543158,101.42339324951172,8041500,0.0,0,-0.03626851766670236,1.9033000944364948,101.63933410644532,104.88898423041276,98.38968398247788,102.19563478786054,100.69051720290116,92.56212819969974,88.87893194117923,104.14836883544922
2021-01-05,101.246333100811,102.56454618322338,101.1282893209686,101.75788116455078,5721900,0.0,0,0.0032979365442467046,1.9095770573726052,101.69639167785644,104.91174065395222,98.48104270176066,103.01213830636262,100.69051720290116,92.81789450431805,88.87893194117923,104.13851928710938
2021-01-06,101.31519146207938,103.49909138815862,101.23649811296625,102.49568176269533,5017200,0.0,0,0.007250549929901373,1.9234225411720793,101.83313102722168,104.93709617514483,98.72916587929853,103.01213830636262,100.69051720290116,93.38846606065417,88.87893194117923,103.58763885498048
2021-01-07,102.7908029948998,102.93836522679548,101.27584525773612,101.66934204101562,5057000,0.0,0,-0.00806219059640867,1.9079155420477214,101.93839111328126,104.86316186522772,99.01362036133479,103.01213830636262,101.30534987205601,93.48683963742883,88.87893194117923,104.42381286621094
2021-01-08,102.17105062953004,104.04015472115287,101.73820341738056,103.9516143798828,5869700,0.0,0,0.0224479896599159,1.9507444104076015,102.19760627746582,104.85634522666189,99.53886732826976,103.23839118474615,101.30534987205601,93.48683963742883,88.87893194117923,103.17901611328124
2021-01-11,103.39087878301076,103.92209828834451,102.57437431155368,102.89900970458984,4257400,0.0,0,-0.0101259098434614,1.930991348380178,102.15874862670898,104.75109220200484,99.56640505141313,103.23839118474615,101.6791742906403,93.4696235796049,88.87893194117923,103.7026138305664
2021-01-12,102.31860765489223,102.6235640813923,100.64624828734884,101.14795684814452,4332600,0.0,0,-0.017017198333320938,1.8981312856248655,102.1498950958252,104.75488360845114,99.54490658319926,103.23839118474615,102.19071713487347,94.30826098294398,89.78357714458069,102.12194061279295
2021-01-13,100.65609689333536,101.6988570309696,99.83959234898954,101.21682739257812,4804500,0.0,0,0.0006808891309293408,1.8994237025863245,102.12874488830566,104.75697298055842,99.5005167960529,102.91868455652514,102.19071713487347,95.26248162810313,90.73779778973983,100.58077239990234
2021-01-14,102.11201986802288,102.49567713443392,100.05600329425404,100.16421508789062,4528300,0.0,0,-0.010399578131458864,1.8796704973865332,102.01266403198242,104.77085869683522,99.25446936712963,102.91868455652514,102.19071713487347,95.39528815897341,90.73779778973983,100.14608001708984
2021-01-15,99.73136835087934,101.02007039747971,99.56413467100776,100.66592407226562,5522900,0.0,0,0.005008864532455748,1.8890855122735961,101.96642837524413,104.78239974192526,99.15045700856301,101.80214469608032,102.19563478786054,95.39528815897341,90.88467182682759,103.11974334716795
2021-01-19,101.12828684298536,101.9152728755159,99.6920225105971,100.8725128173828,6519600,0.0,0,0.002052221216077621,1.8929623336408687,101.9334732055664,104.78461806767919,99.08232834345361,101.80214469608032,102.19563478786054,95.57397795707547,92.06450447247843,102.22073364257812
2021-01-20,100.7446287447036,104.12868291741182,100.5380371260542,103.74502563476562,5844300,0.0,0,0.028476665616362196,1.9468675890403284,102.04070053100585,104.9942818559562,99.0871192060555,101.8464087942098,102.19563478786054,97.7500033894208,93.61389244653981,106.72566986083984
2021-01-21,103.74502033224708,103.7745312747382,102.7514427381973,102.87933349609376,5731500,0.0,0,-0.008344420692704135,1.9306221068443854,102.12136650085449,105.07402442658847,99.16870857512052,101.8464087942098,102.19563478786054,98.3119905103886,93.83909306595109,105.57968139648438
2021-01-22,102.46617227656203,102.77112871019682,101.38405427593544,102.2202377319336,5231600,0.0,0,-0.006406493333135699,1.9182535891880825,102.19514694213868,105.07870750609092,99.31158637818643,101.8464087942098,102.19563478786054,98.3119905103886,93.83909306595109,105.90569305419922
2021-01-25,102.06283226954471,102.25957689588556,100.50852420334222,101.76770782470705,5009000,0.0,0,-0.004427008949179689,1.9097614633819509,102.26351661682129,105.03509053942477,99.49194269421781,101.8464087942098,102.19563478786054,99.31082760641495,93.83909306595109,104.9375228881836
2021-01-26,101.71853325549525,103.49909702860218,101.5611315380378,102.98755645751952,7195300,0.0,0,0.011986598292197392,1.9326530068774292,102.39533767700195,105.03690929448324,99.75376605952066,101.8464087942098,102.19563478786054,99.56659902853153,94.01533523492479,103.6235809326172
2021-01-27,99.82975304464604,100.1248699931912,95.15699672541136,96.27845764160156,18139500,0.0,0,-0.06514475191656122,1.806750806203603,102.07709884643555,105.83490445482529,98.3192932380458,99.6428398214116,100.57738674473603,99.56659902853153,94.01533523492479,103.9298324584961
2021-01-28,97.33105571752948,98.89519578560304,96.50471176235122,96.55390167236328,8868200,0.0,0,0.0028609102961232313,1.8119197581875999,101.70918083190918,106.07503872910723,97.34332293471113,99.6428398214116,100.57738674473603,99.56659902853153,94.01533523492479,103.76188659667967
2021-01-29,95.8062571802798,96.19975393868448,94.36016090870535,95.23568725585938,8203000,0.0,0,-0.013652627119896232,1.787182293357892,101.25862846374511,106.2995488345186,96.21770809297162,99.24442191305859,100.17896883638304,99.82482415964338,94.01533523492479,105.26354217529295
2021-02-01,95.41276581307412,98.00000207967857,95.34390443936184,96.97691345214844,7206300,0.0,0,0.01828333733352605,1.819857950103859,100.845458984375,105.86759653008656,95.82332143866344,99.24442191305859,100.17896883638304,100.3953957159795,94.01533523492479,106.47868347167967
2021-02-02,97.43926121633874,100.81348317909328,97.1736477279666,99.99697875976562,6917700,0.0,0,0.03114210589005162,1.8765321590908457,100.77413825988769,105.801992999253,95.74628352052238,99.06734609172177,100.17896883638304,100.19126878780284,94.01533523492479,106.02423858642578
2021-02-03,99.60349086727004,100.9807258223026,99.17064366574724,99.37722778320312,3934800,0.0,0,-0.006197697012940706,1.8649019813337613,100.65510559082031,105.69702021452159,95.61319096711904,98.92962896865376,100.17896883638304,100.19126878780284,94.01533523492479,106.50833129882812
2021-02-04,99.71170606162688,102.54486941859096,99.46577150790448,101.95462799072266,6926800,0.0,0,0.025935521296108988,1.913269186385799,100.62805290222168,105.63549050695653,95.62061529748684,98.92962896865376,100.17896883638304,100.19126878780284,94.01533523492479,107.58516693115234
2021-02-05,103.38104064284288,105.79120366160863,103.0760842119651,104.74844360351562,8072100,0.0,0,0.02740253844138585,1.9656976188144548,100.78200798034668,106.0916266229326,95.47238933776076,100.075682285157,100.17896883638304,100.41753123560873,94.01533523492479,109.9957046508789
2021-02-08,104.68941477406553,104.79762657373324,103.6269757438699,104.53202056884766,4836600,0.0,0,-0.002066121721933656,1.961636248265469,100.81102828979492,106.19625584455267,95.42580073503717,100.075682285157,100.17896883638304,100.75446404643279,94.2760299886034,109.12633514404295
2021-02-09,104.2762445566404,105.09274902756036,103.50892999566076,104.49266815185548,4095200,0.0,0,-0.0003764627984613744,1.9608977651938837,100.89071121215821,106.44355671970884,95.33786570460758,100.075682285157,100.17896883638304,101.14303622809538,94.53179563939571,106.32062530517578
2021-02-10,105.04356671960193,105.1616180088062,103.22365250000016,104.14836883544922,4293200,0.0,0,-0.003294961479076264,1.9544366825931632,101.04073181152344,106.77443960716546,95.30702401588142,100.075682285157,100.075682285157,101.44307599538085,94.83183540668117,105.05607604980467
2021-02-11,104.3942933030022,104.50250509798276,103.32201483601104,104.13851928710938,2976000,0.0,0,-9.457227655107481e-05,1.9542518470667154,101.18681640625,107.07944792313151,95.2941848893685,100.56755405048523,100.075682285157,101.85132775463188,94.83183540668117,106.27122497558594
2021-02-12,104.0204785735352,104.2172307231756,103.0170688790139,103.58763885498048,3169800,0.0,0,-0.005289881552954623,1.9439140862710897,101.3579875946045,107.32109100842935,95.39488418077964,101.48242569478762,100.075682285157,101.85132775463188,94.83183540668117,104.9671630859375
2021-02-16,103.17446113205747,104.8566525765374,102.9973879534108,104.42381286621094,4928100,0.0,0,0.008072140850715614,1.9596056345771602,101.54588203430175,107.64665546506818,95.44510860353533,102.48092366367794,100.075682285157,102.1587440892093,94.83183540668117,103.7026138305664
2021-02-17,103.84092486714462,104.18669753429124,102.8925166069944,103.17901611328124,5733800,0.45,0,-0.01192062153988338,1.936245917439943,101.66120719909668,107.79417071495705,95.52824368323631,102.62848758475656,100.075682285157,102.27187052840108,94.83183540668117,106.05388641357422
2021-02-18,102.526979247319,104.06814169863053,102.16145137925488,103.7026138305664,4098700,0.0,0,0.005074653132089546,1.9460716938493752,101.65908660888672,107.78916398101862,95.52900923675483,103.97632752043177,100.075682285157,102.45878273769323,94.83183540668117,108.5730972290039
2021-02-19,103.48527614355484,104.00887585745733,101.9737501657521,102.12194061279295,4128900,0.0,0,-0.01524236621803976,1.916408956405162,101.62121696472168,107.72976053498961,95.51267339445376,103.56768408727915,100.075682285157,102.71455415980981,94.83183540668117,107.81239318847656
2021-02-22,101.7465257146335,101.7465257146335,100.52149923488734,100.58077239990234,5211800,0.0,0,-0.015091450511444227,1.887487565479885,101.53924369812012,107.65753236066061,95.42095503557962,102.84155862184677,100.075682285157,102.5547008456993,94.83183540668117,108.9386215209961
2021-02-23,102.0922882688697,102.0922882688697,98.72346389975196,100.14608001708984,8740300,0.0,0,-0.004321823867927677,1.8793301766689774,101.45816230773926,107.60541768118553,95.31090693429299,101.94254095427908,100.075682285157,102.5547008456993,94.83183540668117,107.95069885253906
2021-02-24,99.93862702744708,103.2481785886152,99.38538318017784,103.11974334716795,7542700,0.0,0,0.02969325738531814,1.9351336113168047,101.46477165222169,107.61894556331055,95.31059774113282,101.79005823814468,100.075682285157,101.99888974197043,94.83183540668117,108.0593719482422
2021-02-25,102.74433336626844,104.49295956965682,101.8650795779433,102.22073364257812,7534000,0.0,0,-0.008718114256386134,1.9182628953919718,101.7618854522705,107.43585837250858,96.08791253203243,101.79005823814468,100.075682285157,101.99888974197043,95.18921500288528,109.6795654296875
2021-02-26,102.8925187860607,108.15816742261174,102.4281922500822,106.72566986083984,15122900,0.0,0,0.044070669987690936,2.002802026404424,102.27047386169434,107.80633575837781,96.73461196501087,103.44081566118186,101.25916416565855,102.02102179103517,96.44248991945321,111.78385162353516
2021-03-01,107.288789593702,109.13621440066916,105.25366392397034,105.57968139648438,7930300,0.0,0,-0.010737702240236402,1.9812965345987512,102.78767356872558,107.45374484261602,98.12160229483514,103.92983915021057,101.74818765468726,102.02102179103517,96.95163149223391,111.82337188720705
2021-03-02,106.01436554680473,106.9430186518774,104.5423575159838,105.90569305419922,5016800,0.0,0,0.0030878257388424757,1.9874144330345647,103.23411254882812,107.24722153131351,99.22100356634273,103.92983915021057,101.74818765468726,102.02102179103517,96.95163149223391,111.67518615722656
2021-03-03,105.64883096301658,106.65651237751077,104.8387317749632,104.9375228881836,5313400,0.0,0,-0.009141814175373408,1.9692458595983076,103.48113975524902,107.2661371852403,99.69614232525774,103.92983915021057,101.74818765468726,102.02102179103517,98.57548126570236,111.81348419189452
2021-03-04,104.9770425716146,105.87605151520404,102.59613675617284,103.6235809326172,7211800,0.0,0,-0.012521183266032132,1.9445885712944022,103.69345741271972,106.971067017867,100.41584780757245,103.92983915021057,101.74818765468726,102.02102179103517,98.57548126570236,112.43588256835938
2021-03-05,104.77944958721156,104.77944958721156,101.50941630126071,103.9298324584961,5559900,0.0,0,0.0029554231104793605,1.9503356532983798,103.7922176361084,106.97077938188244,100.61365589033437,103.92983915021057,101.74818765468726,100.11011328307382,98.57548126570236,113.96717071533205
2021-03-08,103.53466779370916,105.59942991424752,102.971550166537,103.76188659667967,5119500,0.0,0,-0.0016159543207527882,1.947183999972514,103.74288978576661,106.8907026261151,100.59507694541811,104.26079879042351,101.74818765468726,100.11011328307382,98.57548126570236,113.76959228515624
2021-03-09,104.99679787395404,106.66639560433516,104.5522340880944,105.26354217529295,5510900,0.0,0,0.014472130643211845,1.975363901206488,103.77946586608887,106.9802386750627,100.57869305711505,105.32281535096493,102.2400594200155,99.71169537472082,99.087013874939,115.25148010253906
2021-03-10,105.9254472176274,107.75310916028896,105.66858429798371,106.47868347167967,6077000,0.0,0,0.011543800173123397,1.9981671073512173,103.87876663208007,107.2810209100739,100.47651235408624,105.32281535096493,103.15493106431788,99.71169537472082,100.17896883638304,116.9111785888672
2021-03-11,107.1010820547096,107.25914632598877,105.96496542685595,106.02423858642578,4670700,0.0,0,-0.004267942375290157,1.9896390452808421,103.97256011962891,107.50183087986926,100.44328935938856,105.32281535096493,103.92983915021057,99.62315746405241,100.17896883638304,116.18012237548828
2021-03-12,106.12304064731464,106.68615833316352,105.29318617860238,106.50833129882812,3356000,0.0,0,0.0045658683227207675,1.9987234751713383,104.09105072021484,107.79152557065348,100.3905758697762,104.63126273077484,103.92983915021057,99.5542989025184,100.17896883638304,114.86618041992188
2021-03-15,106.58735933790491,107.63455871981516,105.76737876585727,107.58516693115234,7107300,0.0,0,0.010110341784465238,2.018931252637955,104.29092712402344,108.28457500562459,100.29727924242229,104.63126273077484,103.92983915021057,99.5542989025184,100.17896883638304,115.33050537109376
2021-03-16,109.23500475759108,110.98363089723036,108.5632146085809,109.9957046508789,11376200,0.0,0,0.022405855644292982,2.0641671348403126,104.56952171325683,109.2824769581182,99.85656646839547,106.24652359924553,104.85354739849116,100.12732556077002,100.17896883638304,114.52041625976562
2021-03-17,109.96607096812104,110.11426141643582,107.61480915324655,109.12633514404295,10128400,0.0,0,-0.007903667780440049,2.047852643563232,104.86688766479492,109.9326361376092,99.80113919198064,106.24652359924553,104.85354739849116,100.12732556077002,100.17896883638304,116.14060974121094
2021-03-18,107.96057895410802,108.93862382718444,106.2020714422384,106.32062530517578,7813400,0.0,0,-0.025710657607659337,1.9952010054136375,104.99778823852539,110.07181430835541,99.92376216869536,106.97759053188368,104.85354739849116,100.12732556077002,100.17896883638304,114.52041625976562
2021-03-19,107.04180996513357,107.53577310067853,104.55223907838996,105.05607604980467,21452000,0.0,0,-0.011893734181316451,1.9714706150169523,105.14449501037598,110.04216645221965,100.2468235685323,107.76793249266237,104.85354739849116,100.075682285157,100.17896883638304,114.74763488769533
2021-03-22,105.11535308764547,107.11096076928766,104.7201810855273,106.27122497558594,7605100,0.0,0,0.011566669644173633,1.9942739643340492,105.42901763916015,109.86809384939122,100.98994142892909,107.76793498781015,104.85354739849116,100.32161816782111,100.17896883638304,111.04291534423828
2021-03-23,106.43917107430453,106.6466346804009,104.39416405732142,104.9671630859375,5657800,0.0,0,-0.012271072342941558,1.9698020842460613,105.67007179260254,109.39439196097292,101.94575162423216,107.68889747727589,104.85354739849116,100.77905398997231,100.17896883638304,113.24597930908205
2021-03-24,105.34256739386072,105.98472092766676,103.67297725069946,103.7026138305664,5731300,0.0,0,-0.012047093759557925,1.9460716938493763,105.69921531677247,109.3508866831377,102.04754395040723,107.32830407396492,104.85354739849116,101.27830297441747,100.17896883638304,113.10767364501952
2021-03-25,103.7421424978381,106.39965910986643,102.80360799386835,106.05388641357422,8149000,0.0,0,0.022673223905902873,1.990195413100963,105.89087295532227,109.17190010794829,102.60984580269624,106.89361944554935,104.85354739849116,101.35208493495678,100.17896883638304,114.32282257080078
2021-03-26,105.9550911386354,108.67188834731836,105.88593660208736,108.5730972290039,6167600,0.0,0,0.02375406409535641,2.0374706425060474,105.98324432373047,109.4537413886707,102.51274725879026,106.89361944554935,104.85354739849116,102.02600490279438,100.17896883638304,112.73226165771484
2021-03-29,107.69384685767372,108.91887334540604,105.3030595103311,107.81239318847656,5167100,0.0,0,-0.007006376901294908,2.0231953552593267,106.09487991333008,109.64980713670961,102.53995268995054,106.45893470515209,104.85354739849116,101.82168318621808,100.17896883638304,112.10987091064452
2021-03-30,107.11095951209032,109.1164485429981,106.9726504435642,108.9386215209961,4552900,0.0,0,0.010446186187061723,2.044330030633164,106.24652633666992,110.01114538125091,102.48190729208892,105.96002826843323,104.85354739849116,101.45862045350188,100.17896883638304,113.35465240478516
2021-03-31,108.99790581095452,110.27233158774372,107.87167048026252,107.95069885253906,6478400,0.0,0,-0.009068617306366655,2.025790783937439,106.39718513488769,110.1815371460219,102.61283312375349,106.53796979080605,105.1845070387041,101.00911161971804,100.17896883638304,112.95948028564452
2021-04-01,108.73116210866488,108.73116210866488,106.8936186562522,108.0593719482422,5793000,0.0,0,0.0010066919145339526,2.0278301311401665,106.61897468566895,110.24190257644612,102.99604679489177,106.53796979080605,106.24652359924553,100.93287026165083,100.17896883638304,112.91997528076172
2021-04-05,108.58297426176682,110.00558289064496,108.5434563085648,109.6795654296875,6913100,0.0,0,0.014993548937350276,2.05823450144805,106.90646133422851,110.54283523591897,103.27008743253805,106.53796979080605,106.24652359924553,100.93287026165083,100.17896883638304,112.17903137207033
2021-04-06,110.03521801949104,112.44576037205864,109.75859988800532,111.78385162353516,6745200,0.0,0,0.019185763415489276,2.09772330164643,107.30755958557128,111.22970226520853,103.38541690593404,107.6246841829635,106.97758833665968,102.3499899134202,101.25916416565855,108.8959732055664
2021-04-07,111.5467537500046,112.38648953430592,111.2898908209114,111.82337188720705,5629600,0.0,0,0.0003535417960456311,2.0984649345101007,107.63555107116699,111.90481222400628,103.3662899183277,107.6246841829635,106.97758833665968,102.83901340244891,101.74818765468726,109.59027099609376
2021-04-08,112.27782178324658,112.58407651417242,111.31953209802526,111.67518615722656,5011300,0.0,0,-0.0013251767271867942,2.09568409761607,107.89537620544434,112.47603761958749,103.31471479130118,108.94356801225176,107.04674640771657,102.83901340244891,101.74818765468726,110.29449462890624
2021-04-09,111.54674744246913,111.90239392927684,110.61809443099078,111.81348419189452,4114300,0.0,0,0.001238395380628754,2.098279383121815,108.18483848571778,112.9848036214921,103.38487334994345,108.94356801225176,107.04674640771657,102.83901340244891,101.74818765468726,110.07628631591795
2021-04-12,111.65541993702156,112.51491847622933,111.4084383778873,112.43588256835938,4707800,0.0,0,0.005566398193948663,2.109959241690424,108.48121604919433,113.55763338826775,103.40479871012091,109.73884758521231,107.04674640771657,102.83901340244891,101.74818765468726,110.16555786132812
2021-04-13,112.40624545997808,114.20427090055068,112.30745434424357,113.96717071533205,4607400,0.0,0,0.013619212230060684,2.138695224399784,108.80031623840333,114.39325367194975,103.2073788048569,110.54894477840145,108.50393944720952,102.83901340244891,101.74818765468726,108.7769546508789
2021-04-14,113.82886544912162,114.83654692292896,113.33490231666563,113.76959228515624,3994600,0.0,0,-0.001733643372347271,2.1349874895985326,108.98901062011718,114.97573388598641,103.00228735424795,110.86508278959059,108.82007745839866,103.00449322255538,101.74818765468726,110.5027847290039
2021-04-15,113.71031002505444,115.4786989194775,113.3941739261077,115.25148010253906,5079100,0.0,0,0.013025341724602235,2.1627964312283043,109.29526786804199,115.88217413139445,102.70836160468953,112.01107761402115,109.14115345667292,103.78143738549022,101.74818765468726,110.01677703857422
2021-04-16,116.39746030016988,117.06925039294542,115.528087989575,116.9111785888672,5777900,0.0,0,0.014400669603995553,2.193942148055124,109.82479553222656,117.0491846025856,102.60040646186752,113.41392514047537,109.9364291934069,104.2388732076414,101.74818765468726,111.60374450683594
2021-04-19,116.74324002138894,117.54346538776907,115.62688610226066,116.18012237548828,4889700,0.0,0,-0.006253090783985393,2.1802232286285235,110.38099784851075,117.7640425101645,102.99795318685699,114.08077990937993,110.17353669081871,104.62632725058775,101.74818765468726,111.7128448486328
2021-04-20,115.54785193633268,115.844232822758,113.9572900895602,114.86618041992188,5662400,0.0,0,-0.011309524630382262,2.1555659403246175,110.81074562072754,118.18739250493418,103.43409873652091,114.08077990937993,110.17353669081871,104.2805509404927,101.74818765468726,111.9310531616211
2021-04-21,114.68835181752698,115.84423122885872,114.46113300670235,115.33050537109376,4397400,0.0,0,0.004042312101564027,2.164279410610911,111.32891273498535,118.43913703902709,104.21868843094362,114.08077990937993,110.17353669081871,104.2805509404927,101.74818765468726,112.58568572998048
2021-04-22,115.45895077838318,115.46882461466028,113.83875222994484,114.52041625976562,5744900,0.0,0,-0.007024066258285666,2.1490773686293365,111.86980285644532,118.16839337663255,105.57121233625809,114.47595188282818,110.17353669081871,105.55003549886834,102.67189590296786,112.95267486572266
2021-04-23,114.61920238287696,116.55554450241422,114.44137535301248,116.14060974121094,4555800,0.0,0,0.014147638773598592,2.1794817389372203,112.37413902282715,118.33170084970195,106.41657719595236,114.92545986600632,110.17353669081871,105.55003549886834,102.67189590296786,112.41706085205078
2021-04-26,115.53797915499804,115.83436006346244,113.67079902859922,114.52041625976562,5924900,0.0,0,-0.013950275317612726,2.1490773686293365,112.67150497436523,118.4286861137663,106.91432383496416,115.43918385221735,110.17353669081871,105.91556896518742,102.67189590296786,112.079833984375
2021-04-27,114.27342697359543,114.98473507610572,113.87825496805873,114.74763488769533,7260900,0.0,0,0.001984088386600913,2.1533413280783407,113.01826705932618,118.38077625027111,107.65575786838124,115.4688196569384,110.17353669081871,106.31073994557676,102.67189590296786,110.21514892578124
2021-04-28,112.07035957958595,112.77178633368996,110.2624526788123,111.04291534423828,14793500,0.0,0,-0.032285803076315234,2.083818974003912,113.12348175048828,118.2357751413705,108.01118835960607,113.90295903329068,110.17353669081871,106.31074119315065,102.67189590296786,111.07805633544922
2021-04-29,111.84312589276549,113.75970516174482,111.39856211093858,113.24597930908205,8936600,0.0,0,0.01983975256786219,2.1251614268443664,113.38824577331543,117.90985901221168,108.86663253441918,113.90295903329068,110.17353669081871,106.27122243788352,102.67189590296786,110.4234390258789
2021-04-30,112.62359189555572,113.56211881310703,112.11974740032166,113.10767364501952,6478700,0.0,0,-0.0012212854258167871,2.1225659981662535,113.64066085815429,117.44351581224002,109.83780590406856,113.40899859061327,110.17353669081871,106.09092573622803,102.67189590296786,110.61188507080078
2021-05-03,113.78934151132376,115.33050399162704,113.73994218576377,114.32282257080078,5049800,0.0,0,0.01074329341787128,2.14536934748335,113.87282371520996,117.21429436915815,110.53135306126177,113.40899859061327,111.42326244905009,105.87358342202026,102.67189590296786,110.48294067382812
2021-05-04,113.75970583181343,114.00668738701177,112.16914401335376,112.73226165771484,6265100,0.0,0,-0.013912890508812392,2.115521058650852,113.92024421691895,117.16632526007396,110.67416317376393,113.40899859061327,111.42326244905009,105.87358342202026,102.67189590296786,111.29627227783205
2021-05-05,112.83105283132451,113.49296159065518,111.79373482131652,112.10987091064452,4677700,0.0,0,-0.005520963900822573,2.1038413432546106,113.93456916809082,117.14546888298275,110.72366945319888,113.40899859061327,112.21854202201064,105.65624105182162,102.67189590296786,111.64341735839844
2021-05-06,112.277816442571,113.42380693871378,111.73445400650404,113.35465240478516,4113300,0.0,0,0.011103228324406578,2.127200774047093,114.01854248046875,117.07095463768738,110.96613032325013,113.04840637113736,112.21854202201064,105.4067878334622,102.67189590296786,111.53430938720705
2021-05-07,113.72018769530614,114.4413696144473,112.86068917118013,112.95948028564452,4867500,0.0,0,-0.0034861570368500683,2.1197850180998556,114.07584228515626,116.9994734473859,111.15221112292662,112.79647833521966,112.21854202201064,105.86123841475506,102.67189590296786,110.97887420654295
2021-05-10,113.18671205632542,114.6883566650677,112.83105799738765,112.91997528076172,5759500,0.0,0,-0.00034972721884785063,2.11904367158092,114.10004692077636,116.97608566747842,111.22400817407431,112.79647833521966,113.04346084816694,106.39224669502579,102.67189590296786,110.45319366455078
2021-05-11,111.95180501275992,112.3173404473795,110.81568829076656,112.17903137207033,7775400,0.0,0,-0.006561672607960811,2.105139200766035,114.01063995361328,117.00761250986562,111.01366739736093,113.0730961411968,113.6510326378872,106.39224669502579,102.67189590296786,110.48294067382812
2021-05-12,110.95903743521636,111.47479970899494,108.66784278216744,108.8959732055664,7965300,0.45,0,-0.029266237427339026,2.0435296970988173,113.76695899963379,117.51118309032309,110.02273490894449,111.99917338689724,113.10565408496825,107.30113625981159,103.40296064038199,108.80670928955078
2021-05-13,109.26296395757193,110.27465470506,108.27110701925234,109.59027099609376,7999400,0.0,0,0.00637578938953709,2.0565588120587837,113.48389854431153,117.57984363057582,109.38795345804724,111.80080550543968,112.90728620351071,107.30113625981159,103.40296064038199,110.06636810302734
2021-05-14,110.10604694592026,110.6813182509148,109.3522335121713,110.29449462890624,6836300,0.0,0,0.006425968531801329,2.0697741942688723,113.15306434631347,117.155055339778,109.15107335284894,111.47973184216002,112.90728620351071,107.99515720998417,103.4721187114389,110.93920135498048
2021-05-17,110.31432986221829,110.36391816876072,108.93564932369104,110.07628631591795,4521200,0.0,0,-0.0019784152755988327,2.0656793213858906,112.84787254333496,116.81027662915466,108.88546845751526,111.47973184216002,112.90728620351071,107.99515720998417,103.4721187114389,110.65155792236328
2021-05-18,110.46311799140652,111.29627424799654,110.10604886221982,110.16555786132812,5177300,0.0,0,0.0008109970675604927,2.067354581258055,112.61284141540527,116.62636252023141,108.59932031057913,111.47973184216002,112.90728620351071,108.39279699646444,103.4721187114389,111.07805633544922
2021-05-19,108.70752496403112,109.04476027676924,107.99338671801462,108.7769546508789,5997400,0.0,0,-0.012604694583375431,2.0412962081657553,112.28516387939453,116.42712848143226,108.1431992773568,111.34087169154117,112.76842605289184,109.52644211280548,104.28221590462802,112.1195068359375
2021-05-20,109.08442900966924,110.78050345996154,108.97532414146905,110.5027847290039,5345500,0.0,0,0.015865769396321783,2.073682943074099,112.08428230285645,116.16163571242758,108.00692889328532,111.34087169154117,112.76842605289184,109.84258012399462,104.59835391581716,111.3260269165039
2021-05-21,110.72099460315664,111.30619417034214,109.66962860071928,110.01677703857422,5146500,0.0,0,-0.00439814880341316,2.0645625769193594,111.77809066772461,115.49066164016632,108.0655196952829,110.15536358269705,112.76842605289184,110.57611553534704,105.41130167941967,111.35577392578124
2021-05-24,110.88961383488204,112.10959368749634,110.6118875228648,111.60374450683594,5476100,0.0,0,0.014424776938387174,2.094343431566763,111.63225708007812,115.12264280740769,108.14187135274855,110.05149020275547,112.76842605289184,111.67517716694113,107.121449060456,110.89952850341795
2021-05-25,112.00048427038804,112.22861469704496,111.26651225085932,111.7128448486328,5391800,0.0,0,0.0009775688287070317,2.09639079642207,111.480517578125,114.66306875337693,108.29796640287307,110.1110007075298,112.27446561021442,112.12715830009932,108.13346464376052,112.48650360107422
2021-05-26,112.37739332097856,112.94275146901708,111.71284342601538,111.9310531616211,3841600,0.0,0,0.0019532965370629984,2.100485669305052,111.52492446899414,114.70658758953928,108.343261348449,110.46806909351585,112.27446561021442,112.12715830009932,108.13346464376052,114.03379821777344
2021-05-27,112.54601054347955,113.1609570160734,111.84179300944166,112.58568572998048,7378400,0.0,0,0.005848533984703419,2.112770431126365,111.49190979003906,114.61395845824097,108.36986112183715,110.577171867044,112.27446561021442,112.12715830009932,108.13346464376052,114.78761291503906
2021-05-28,113.41884887651436,113.41884887651436,112.12943928913644,112.95267486572266,4239800,0.0,0,0.003259642940953711,2.119657308348042,111.48415985107422,114.59068995652208,108.37762974562636,110.70611779726448,112.27446561021442,112.32474428682345,108.13346464376052,116.18611907958984
2021-06-01,113.62712751782418,113.6866440793865,112.17901730760502,112.41706085205078,4306900,0.0,0,-0.004741932975988461,2.1096060354597914,111.38887176513671,114.24553674070857,108.53220678956485,110.84001539870056,111.91387339073853,112.54949827841251,108.13346464376052,115.04548645019533
2021-06-02,112.78405150222238,112.78405150222238,111.8318697498963,112.079833984375,5045000,0.0,0,-0.002999783708271808,2.1032776736437473,111.35625038146972,114.16478594732396,108.54771481561548,111.33098411042778,111.66194535482083,112.80636027151803,108.13346464376052,116.51343536376952
2021-06-03,111.09790102125828,111.32602388605716,109.25304645677936,110.21514892578124,5723900,0.0,0,-0.016637114744956882,2.0682852016468303,111.26151428222656,114.08994502597923,108.43308353847388,111.46984526808293,111.66194535482083,112.82117817387855,108.13346464376052,117.49537658691406
2021-06-04,110.71107411154752,111.15740670661042,110.14571595974282,111.07805633544922,4477500,0.0,0,0.007829299493566477,2.084478425928635,111.14768447875977,113.80636671216678,108.48900224535276,111.46984526808293,111.66194535482083,112.0382478620547,108.13346464376052,118.57649993896484
2021-06-07,111.0681475741509,111.36570012678308,110.08620371884062,110.4234390258789,4009000,0.0,0,-0.005893309004196157,2.072193950452057,111.02088241577148,113.55976383160575,108.48200099993721,111.46984526808293,111.66194535482083,112.0382478620547,108.13346464376052,118.824462890625
2021-06-08,110.47302570150453,111.07805905369592,109.95726341087106,110.61188507080078,4669800,0.0,0,0.0017065764894146351,2.0757303079294056,110.90547790527344,113.29224929447318,108.5187065160737,111.46984526808293,111.66194535482083,111.79126764071599,108.13346464376052,118.001220703125
2021-06-09,110.83008907910808,111.27642922926889,110.42343168071376,110.48294067382812,3669400,0.0,0,-0.0011657372703676172,2.0733105517462205,110.82067337036133,113.13924083113059,108.50210590959207,111.46984526808293,111.34087169154117,112.41613051983168,108.13346464376052,117.76318359375
2021-06-10,110.88961484567652,111.51448202705764,110.53254572281064,111.29627227783205,3833200,0.0,0,0.007361603511306436,2.0885734419839843,110.94068832397461,113.0887663283363,108.79261031961292,111.46984526808293,111.34087169154117,112.41613051983168,108.13346464376052,114.38094329833984
2021-06-11,111.36569861946002,111.91122297613768,111.276435125059,111.64341735839844,3231200,0.0,0,0.0031191078861994015,2.095087927877783,111.04334564208985,113.11765328662322,108.96903799755647,111.46984526808293,111.34087169154117,112.81377030631195,108.13346464376052,116.4638442993164
2021-06-14,111.86162399211663,112.30796415352094,110.5920483252444,111.53430938720705,4222400,0.0,0,-0.00097728978360756,2.0930404198501087,111.10533638000489,113.16022469507737,109.0504480649324,111.01854897950088,111.34087169154117,112.633474196574,108.13346464376052,118.29877471923828
2021-06-15,111.54423236879812,111.58390755511212,110.65155959490365,110.97887420654295,3487300,0.0,0,-0.004979949073211309,2.0826171851510824,111.15046577453613,113.15132968017609,109.14960186889617,110.78050530515014,111.34087169154117,112.50751017861515,108.46442428397346,121.63141632080078
2021-06-16,111.5045596396011,111.65333969974004,109.3026359378957,110.45319366455078,4822000,0.0,0,-0.004736762250929227,2.0727523226853224,111.16484756469727,113.14090159721911,109.18879353217542,110.80530004570832,110.84001539870056,112.9199695916933,109.5264408445149,124.94422149658205
2021-06-17,110.09611708404935,111.03837812227604,109.80847767188378,110.48294067382812,4008500,0.0,0,0.00026931778331085177,2.0733105517462205,111.25014686584473,112.92838808267209,109.57190564901737,110.80530004570832,110.84001539870056,113.362064389542,109.5264408445149,125.03348541259766
2021-06-18,109.83824147209076,109.8481621608727,108.3702973576338,108.80670928955078,7024400,0.0,0,-0.015171857067291294,2.04185458039902,111.16534309387207,113.13552796410825,109.19515822363589,110.33913075557737,110.84001539870056,112.55241373593275,109.5264408445149,125.00373077392578
2021-06-21,109.1042656407055,110.46311240062896,108.7868717160778,110.06636810302734,5628500,0.0,0,0.011577032535047271,2.0654931973081347,111.16782264709472,113.13227369919917,109.20337159499027,110.33913075557737,110.84001539870056,112.3540458544752,109.5264408445149,121.41321563720705
2021-06-22,110.16555412374623,111.34586634780617,109.69938013383124,110.93920135498048,3583500,0.0,0,0.007930063170033197,2.081872688840062,111.13459548950195,113.09080349424242,109.17838748476147,110.33913075557737,110.84001539870056,112.19350902283537,109.5264408445149,121.38345336914062
2021-06-23,110.37383918963124,111.05822290048366,110.23497982326523,110.65155792236328,3552100,0.0,0,-0.002592802445880338,2.076474804240426,111.08153114318847,113.02958979453781,109.13347249183913,110.33913075557737,110.84001539870056,112.19350902283537,109.5264408445149,120.4411849975586
2021-06-24,110.869767286602,111.99057046926718,110.869767286602,111.07805633544922,3840000,0.0,0,0.0038544275480076884,2.084478425928634,111.03888130187988,112.94719511595545,109.13056748780431,110.33913075557737,110.84001539870056,112.19350902283537,109.5264408445149,119.38983154296876
2021-06-25,111.83186742185792,112.29804138373628,111.30618446646923,112.1195068359375,12171200,0.0,0,0.009375843752101432,2.104022169954767,111.01557235717773,112.85725971755826,109.1738849967972,110.33416937068503,111.02847071851015,112.0546488722165,110.17353669081871,118.15991973876952
2021-06-28,112.01041066406668,112.12943622759406,110.54245898296914,111.3260269165039,4546600,0.0,0,-0.00707709070282192,2.0891318142172493,110.93423995971679,112.55469092543699,109.3137889939966,110.33416937068503,111.02847071851015,112.0546488722165,110.17353669081871,117.2870864868164
2021-06-29,111.15740556717957,111.77235958647331,110.6218019182336,111.35577392578124,3789500,0.0,0,0.0002672062418938026,2.089690043278147,110.88117561340331,112.36638141522162,109.395969811585,110.33416937068503,111.02847071851015,111.46189481779444,110.17353669081871,118.06073760986328
2021-06-30,111.4252115014934,111.67317575094548,110.36392481652928,110.89952850341795,6759100,0.0,0,-0.004097186937673913,2.0811281925290404,110.82216033935546,112.20104339544552,109.4432772832654,110.33416937068503,111.02847071851015,111.40995812782366,110.17353669081871,118.08057403564452
2021-07-01,111.03838575279056,112.56584640825656,110.89952638113624,112.48650360107422,4810600,0.0,0,0.014310025651798508,2.110909190348812,110.93572807312012,112.46371252831173,109.4077436179285,110.67635906216718,111.02847071851015,111.1927331588721,110.17353669081871,116.9796142578125
2021-07-02,113.0419412376307,114.3611128373649,112.78405630395848,114.03379821777344,4722000,0.0,0,0.01375538013152755,2.139945548685195,111.08351516723633,113.12873949357025,109.0382908409024,112.03024648559807,111.36570509749936,111.37126735186513,110.17353669081871,115.4422378540039
2021-07-06,114.14290435733986,114.90663091092496,113.38909092523302,114.78761291503906,5294700,0.0,0,0.006610449788106099,2.1540915512840595,111.30172386169434,113.88559918024222,108.71784854314646,112.57080536709509,111.63846413427939,111.4258187386292,110.17353669081871,115.99982452392578
2021-07-07,114.93637724073557,116.81098621538312,114.70825438665594,116.18611907958984,5382300,0.0,0,0.012183424056269043,2.1803357621093795,111.58043556213379,114.91056620542274,108.25030491884483,113.58745551595621,112.59064178650846,111.49029170373944,110.17353669081871,115.25304412841795
2021-07-08,114.50988278475374,115.80922054559584,114.3015937316267,115.04548645019533,4486100,0.0,0,-0.00981728831662898,2.1589307773056947,111.80856285095214,115.42289409869235,108.19423160321193,113.58745551595621,112.59064178650846,111.37694439471954,110.17353669081871,116.25871276855467
2021-07-09,115.11491345314828,116.78123340661836,115.05540445857474,116.51343536376952,3533600,0.0,0,0.012759726251491799,2.186478143020036,112.06942100524903,116.218010002079,107.92083200841905,113.58745551595621,112.59064178650846,111.4964647326243,110.17353669081871,117.03536224365234
2021-07-12,116.79115904131883,117.81277051686216,116.43408992421872,117.49537658691406,5683400,0.0,0,0.008427708101463205,2.204905142579638,112.36201896667481,117.13491675886402,107.5891211744856,114.08834766669571,113.09153393724799,111.56589531145188,110.17353669081871,116.06952667236328
2021-07-13,117.57472231296816,119.01291184584755,117.4854512535883,118.57649993896484,5529300,0.0,0,0.009201411863649422,2.225193382916792,112.7141284942627,118.18671388632936,107.24154310219603,114.68841833118842,113.69160460174068,111.56589531145188,110.17353669081871,115.183349609375
2021-07-14,118.9633222550342,119.84607431475054,118.70543733515944,118.824462890625,5701800,0.0,0,0.0020911643688907855,2.229846628033039,113.1064079284668,119.12862425210919,107.0841916048244,115.37280034794338,114.10818583619218,111.56589531145188,110.17353669081871,113.82918548583984
2021-07-15,118.31861461946056,118.60625403852526,117.21765281683174,118.001220703125,6467500,0.0,0,-0.006928221407217938,2.214397756889888,113.4838092803955,119.73777599505489,107.22984256573612,116.31506530935451,114.10818583619218,111.56589531145188,110.17353669081871,114.13785552978516
2021-07-16,118.70544470607408,119.4989333239131,117.53505315675908,117.76318359375,5024800,0.0,0,-0.0020172427705122953,2.2099307790237632,113.8478214263916,120.20849935083433,107.48714350194888,116.61758261999178,114.10818583619218,111.40535847981205,111.42326244905009,114.65562438964844
2021-07-19,116.58286694054816,116.5927876288942,113.39900703558436,114.38094329833984,7731300,0.0,0,-0.028720693447605306,2.146460034578994,114.12653312683105,120.04796575023882,108.20510050342328,116.62254067516744,114.10818583619218,111.40535847981205,111.42326244905009,114.58592987060548
2021-07-20,114.68841940430268,117.10855284713428,114.3908668518801,116.4638442993164,5117800,0.0,0,0.018210210030736862,2.18554752263126,114.4464069366455,120.14035910483366,108.75245476845734,116.62254067516744,114.10818583619218,111.40535847981205,112.21854202201064,115.07382202148438
2021-07-21,116.58286643888631,118.67568520208653,116.52335744360208,118.29877471923828,4377500,0.0,0,0.01575536537507749,2.219981622394911,114.8143856048584,120.5053556228242,109.1234155868926,116.62254067516744,114.10818583619218,111.17971033552102,112.21854202201064,113.82918548583984
2021-07-22,118.36820601324963,121.91905574736803,118.10040796355904,121.63141632080078,7172300,0.0,0,0.028171395768654017,2.2825216032785365,115.36337852478027,121.45113106733059,109.27562598222995,117.65903139147619,115.14467655250093,111.06068849834566,112.21854202201064,114.6257553100586
2021-07-23,123.5357864404086,125.29136991644616,122.91091171738516,124.94422149658205,7934200,0.0,0,0.027236426870536512,2.344689336006652,116.05668678283692,123.12517036574505,108.98820319992879,119.34518847601527,116.83083363703997,110.82265772220444,112.76842605289184,115.1136474609375
2021-07-26,124.71609148946798,125.07316059889736,123.2382267443268,125.03348541259766,4827500,0.0,0,0.0007144301268711128,2.3463644527064487,116.70238571166992,124.5405165188031,108.86425490453674,119.34518847601527,116.83083363703997,110.82265772220444,112.76842605289184,116.9855728149414
2021-07-27,125.05332664856158,125.13267702107164,123.79366407858524,125.00373077392578,6110900,0.0,0,-0.00023797336028574811,2.3458060804731833,117.38627090454102,125.61026215598716,109.16227965309488,119.34518847601527,117.03912081626197,110.58957307713897,112.76842605289184,116.94574737548828
2021-07-28,121.56198812926895,122.32572223577164,120.40151728757692,121.41321563720705,11747000,0.0,0,-0.028723263813720257,2.278426873567923,117.8891429901123,125.79718927557266,109.98109670465195,119.34518847601527,117.4953750251387,110.58957307713897,112.76842605289184,116.86609649658205
2021-07-29,121.92897773001869,122.4645814023531,121.14540981497028,121.38345336914062,6618400,0.0,0,-0.0002451320303989979,2.2778683581622894,118.41333923339843,125.76295850181538,111.06371996498149,119.34518847601527,117.7631748698557,110.58957307713897,112.76842605289184,116.6868667602539
2021-07-30,121.19499836870436,121.97856623641532,120.11387040080572,120.4411849975586,5711700,0.0,0,-0.007762741505767612,2.260185854913708,118.81107330322266,125.67447298715152,111.9476736192938,119.84111838416314,117.82764736648772,110.58957307713897,112.76842605289184,115.29287719726562
2021-08-02,121.03631025183005,121.978578955835,119.09227141175276,119.38983154296876,5996800,0.0,0,-0.008729185573947529,2.240456273154555,119.07887496948243,125.58037702818514,112.57737291077972,120.90736368002412,117.82764736648772,110.58957307713897,112.76842605289184,117.53321838378906
2021-08-03,119.58819621676056,119.76673077650943,116.56302938970128,118.15991973876952,6030500,0.0,0,-0.01030164619803986,2.2173758853063377,119.24749031066895,125.46054102672619,113.03443959461171,120.92719965307373,117.82764736648772,110.68132004459758,112.76842605289184,118.27999877929688
2021-08-04,118.1599178945948,118.23926826819324,116.612623445766,117.2870864868164,6675500,0.0,0,-0.0073868808804439245,2.200996393774411,119.30253868103027,125.42396644699296,113.18111091506758,120.92719965307373,117.82764736648772,110.68132004459758,112.76842605289184,118.82762908935548
2021-08-05,117.75326436110105,118.12024660839316,117.14823098515264,118.06073760986328,4281900,0.0,0,0.006596217420183237,2.215514644528786,119.45330123901367,125.28661745120382,113.61998502682351,120.84785320538646,117.82764736648772,110.68132004459758,112.76842605289184,118.66831970214844
2021-08-06,118.16983752969594,118.23926721415862,117.11847157432746,118.08057403564452,6831500,0.0,0,0.00016801881965866627,2.2158868926842965,119.53165817260742,125.24447413766704,113.8188422075478,120.84785320538646,118.0954481487912,110.68132004459758,112.76842605289184,118.34969329833984
2021-08-09,118.02105954302476,118.05081404156394,116.79115901070676,116.9796142578125,4557900,0.0,0,-0.009323801030131085,2.1952264041916325,119.50587005615235,125.26017761385468,113.75156249845001,119.5138053960272,119.03771311020232,110.85241489033866,112.27446561021442,114.14781188964844
2021-08-10,117.4259518923128,117.53505676980126,115.0355804111302,115.4422378540039,9839700,0.0,0,-0.013142259132607137,2.1663761699330046,119.34915695190429,125.36387918388013,113.33443471992845,118.75008090674166,119.34023042083959,111.69797579154871,112.27446561021442,114.17768096923828
2021-08-11,115.8405078138153,116.78643368765894,115.40240205428914,115.99982452392578,6472300,0.45,0,0.004830005726561115,2.1768397792396668,119.20792503356934,125.39732951550378,113.0185205516349,118.5070796834826,119.34518847601527,112.10463475068724,112.27446561021442,112.923095703125
2021-08-12,115.91021416033163,116.27862075703584,115.01407666073972,115.25304412841795,4358300,0.0,0,-0.006437771768816769,2.1628257815636402,119.07051620483398,125.48147739603169,112.65955501363626,118.49632780828736,119.34518847601527,113.08904865123233,112.40218646669888,111.33992004394533
2021-08-13,115.44223360405758,116.32841193150058,114.904551091344,116.25871276855467,4360900,0.0,0,0.008725744710188943,2.1816980471861793,118.99529266357422,125.501484615626,112.48910071152244,117.33564093392673,119.34518847601527,113.08904865123233,112.40218646669888,111.73820495605467
2021-08-16,116.18901309825114,117.22454894081037,115.910216447685,117.03536224365234,5976000,0.0,0,0.006680355016864814,2.1962725646809838,119.12801361083984,125.35143036848075,112.90459685319894,116.57190967976862,119.34518847601527,113.08904865123233,112.40218646669888,112.58455657958984
2021-08-17,116.11931504471376,116.4379408764954,115.0638608046679,116.06952667236328,4719800,0.0,0,-0.0082525106324558,2.178147801989183,119.1082977294922,125.36813748338334,112.84845797560105,116.57190915275132,119.34518847601527,113.58994080197185,112.90307861743838,113.64995574951172
2021-08-18,115.78077210096788,116.23879626441035,115.10369125139218,115.183349609375,4520500,0.0,0,-0.007634881337026167,2.161517901986491,118.95252647399903,125.43864588512045,112.46640706287761,116.57190915275132,119.34518847601527,114.19001146646454,113.50314928193109,113.62008666992188
2021-08-19,114.01837218285988,114.57596548358546,113.12223466623732,113.82918548583984,5317100,0.0,0,-0.011756596141087927,2.1361058089611045,118.56241493225097,125.29372425501985,111.8311056094821,115.58652435390063,119.20680229134175,114.74049309206778,113.91973051638257,113.19193267822266
2021-08-20,113.49065225638576,114.5062697411337,113.17202641836296,114.13785552978516,3485400,0.0,0,0.002711695094960609,2.141898276605581,118.02209663391113,124.33506035058635,111.70913291723592,115.32864571801929,119.20680229134175,115.21162557277334,113.91973051638257,111.23039245605467
2021-08-23,114.21751102461242,114.96429102593888,114.21751102461242,114.65562438964844,4235100,0.0,0,0.004536346486097909,2.1516146693262397,117.50320358276367,123.08143028507901,111.92497688044834,115.17339180352384,119.20680229134175,115.36288422809199,113.91973051638257,111.68841552734376
2021-08-24,114.8945965194054,115.35262069385152,114.4465315391062,114.58592987060548,3447300,0.0,0,-0.000607859574390357,2.150306789749091,116.98231353759766,121.49511754094549,112.46950953424984,115.17339180352384,119.20680229134175,115.36536325567981,113.91973051638257,109.8364028930664
2021-08-25,115.0937328127912,115.4920170086799,114.50626951125072,115.07382202148438,3881500,0.0,0,0.004257871375917155,2.159462519478604,116.66534385681152,120.75508709248254,112.5756006211405,115.17339180352384,119.20680229134175,115.36536325567981,113.91973051638257,112.43519592285156
2021-08-26,115.1236071872545,115.27295710949244,113.37116133215254,113.82918548583984,5188200,0.0,0,-0.010815983286034947,2.1361058089611045,116.28763046264649,119.93106331215132,112.64419761314166,115.17339180352384,119.20680229134175,115.36536325567981,113.91973051638257,110.9814682006836
2021-08-27,114.11794277808838,114.89459277013748,113.68978860341524,114.6257553100586,4202900,0.0,0,0.006997940122464019,2.1510541495074618,115.99685897827149,119.15960229027962,112.83411566626336,114.78008777136637,119.20680229134175,116.40185397198856,114.95622123269132,110.37408447265624
2021-08-30,115.11364746093751,115.32274494774214,114.13785159254368,115.1136474609375,3078200,0.0,0,0.004256392026025679,2.160209879236975,115.78304977416992,118.54857830016205,113.0175212481778,114.68051546532384,119.12745584365447,118.08801105652762,116.6423783172304,111.1606903076172
2021-08-31,115.27295615220504,117.09510115476564,115.15347621540688,116.9855728149414,6995500,0.0,0,0.016261541487851083,2.1953382218106525,115.72433242797851,118.32900380314774,113.11966105280928,115.10866791050148,119.12745584365447,118.08801105652762,116.6423783172304,111.7282485961914
2021-09-01,117.50334828604686,117.82197412209212,116.77647906185406,116.94574737548828,4402700,0.0,0,-0.0003404303496135075,2.194590862052282,115.7072654724121,118.27455688200112,113.13997406282309,115.49700027022755,117.79340803429521,118.19215464613862,116.6423783172304,110.74250030517578
2021-09-02,117.7821448247122,117.85184398888212,116.39811313859576,116.86609649658205,3801900,0.0,0,-0.0006810925638064402,2.1930961425355404,115.64753341674805,118.04089549020951,113.25417134328659,115.61150266051733,117.79340803429521,118.42028175057698,116.6423783172304,110.46369934082033
2021-09-03,116.33836334942224,117.07519175273134,115.84051001582156,116.6868667602539,2921300,0.0,0,-0.0015336332922986085,2.189732737278136,115.57784805297851,117.75271694599328,113.40297915996373,115.61150266051733,117.55040681103617,118.55418167293548,116.6423783172304,110.5234375
2021-09-07,116.5872913211318,116.62712049986234,114.97425136406052,115.29287719726562,4264900,0.0,0,-0.011946413522717969,2.1635732844943782,115.49351119995117,117.57207320307306,113.41494919682928,115.61150266051733,117.55040681103617,118.83438287532543,116.6423783172304,110.28447723388672
2021-09-08,115.6015449778048,117.68257590634316,115.01408167816824,117.53321838378906,5548400,0.0,0,0.019431739765590317,2.2056152775224565,115.59806022644042,117.86011194873278,113.33600850414807,115.61150266051733,116.44448272137338,119.36750552325591,116.6423783172304,111.38970947265624
2021-09-09,117.47347879021268,119.55450212878668,117.29425128190071,118.27999877929688,4711200,0.0,0,0.006353781558753102,2.2196292751984825,115.71206893920899,118.25882920751948,113.1653086708985,116.62214536610097,116.338368397512,119.37742350978073,116.83083363703997,110.97150421142578
2021-09-10,118.8375882830086,120.24153831918412,118.37956413126992,118.82762908935548,6516800,0.0,0,0.004629948560284092,2.2299060445655523,115.89079818725585,118.7677420504195,113.01385432409221,117.1896949558639,116.68188649271072,119.37742350978073,116.83083363703997,112.88327026367188
2021-09-13,119.37527051712316,119.6341563750392,118.05097883992988,118.66831970214844,4381100,0.0,0,-0.0013406763092719265,2.226916462359701,116.01127853393555,119.13386653671347,112.88869053115764,117.60789484162231,116.68188649271072,119.33775028593709,116.83083363703997,113.00274658203124
2021-09-14,119.20600162703616,119.34539995062497,117.8518399721973,118.34969329833984,4722800,0.0,0,-0.002685016562198994,2.2209371547756316,116.07699508666992,119.33685022672728,112.81713994661257,117.60789484162231,116.68188649271072,119.47165067708883,116.83083363703997,113.37116241455078
2021-09-15,116.45785105711856,116.51759102631482,112.63434109577727,114.14781188964844,11556200,0.0,0,-0.03550394843947047,2.1420851165451733,115.98090934753418,119.34866948224987,112.61314921281848,116.4379397074807,116.4379397074807,119.27575925311476,116.83083363703997,113.94867706298828
2021-09-16,114.29716850332274,114.77510344638264,112.70403936539152,114.17768096923828,7997000,0.0,0,0.00026167018968981104,2.1426456363639512,115.93062591552734,119.37452149445818,112.48673033659651,116.4379397074807,116.4379397074807,119.04515566379062,116.83083363703997,114.0582046508789
2021-09-17,114.04824149160557,114.35690812458718,112.63433986077747,112.923095703125,9261000,0.0,0,-0.01098800794921817,2.1191022290792265,115.8853214263916,119.4613652732739,112.3092775795093,116.4379390899808,116.4379390899808,118.92613407974893,116.83083363703997,114.21751403808594
2021-09-20,110.87193669144612,111.7879850088357,109.9061000016736,111.33992004394533,7795200,0.0,0,-0.01401994560388109,2.0893925310984724,115.74542465209962,119.77889779983346,111.71195150436577,115.07381916042885,115.07381916042885,118.92075814215131,116.83083363703997,114.4266128540039
2021-09-21,111.43948991310234,113.11227744102952,111.27022160052758,111.73820495605467,5468400,0.0,0,0.003577197755774808,2.0968667013716504,115.59955368041992,119.98012981970216,111.21897754113768,115.07381916042885,115.07381916042885,118.340414704971,116.83083363703997,113.02266693115234
2021-09-22,112.57459738550304,113.54043410266296,111.83777655250404,112.58455657958984,4578200,0.0,0,0.007574415786149702,2.1127492416159717,115.49948501586914,120.0579016220403,110.94106840969798,115.07381916042885,115.07381916042885,117.95854907789194,116.83083363703997,112.7139892578125
2021-09-23,112.9031757664389,114.21750823278153,112.61441992805408,113.64995574951172,3842000,0.0,0,0.009463102243234545,2.1327424037036997,115.42829170227051,120.05578269784003,110.800800706701,114.7701281883564,115.07381916042885,117.95854881438329,116.83083363703997,105.61460876464844
2021-09-24,113.6399974604412,114.36686665893812,113.27159086104209,113.62008666992188,3955000,0.0,0,-0.00026281646475667664,2.132181883884922,115.4178367614746,120.06081896872227,110.77485455422693,114.62574997614928,115.07381916042885,117.95854881438329,116.83083363703997,109.32859802246094
2021-09-27,113.12223351634044,114.17768013816774,112.42524189751845,113.19193267822266,3988800,0.0,0,-0.003768294887356083,2.124147193792965,115.34614562988281,120.08021637795221,110.61207488181341,113.2118455139942,115.07381916042885,117.39666332262118,116.83083363703997,110.97150421142578
2021-09-28,112.19622915237473,112.51485498652409,110.60309998162786,111.23039245605467,5917700,0.0,0,-0.017329328828973756,2.087337148590585,115.15198287963867,120.21883813264348,110.08512762663385,112.34060172402812,115.07381916042885,117.26772400468052,116.83083363703997,112.12652587890624
2021-09-29,111.41957806853976,112.03691134306708,111.09099304372673,111.68841552734376,4389100,0.0,0,0.004117787064987999,2.09593235850132,114.88712501525879,120.09626173743578,109.6779882930818,112.13648333030585,115.07381916042885,117.1900970474328,116.83083363703997,111.678466796875
2021-09-30,111.04120708020989,111.6784663527491,109.8364028930664,109.8364028930664,5974500,0.0,0,-0.016581958169367583,2.061177695806827,114.53165779113769,120.09269117335896,108.97062440891642,112.10163477600227,115.03897060612526,117.1900970474328,116.83083363703997,116.40807342529295
2021-10-01,110.41391258797312,112.9728784389724,110.0654167710353,112.43519592285156,5636900,0.0,0,0.02366058029335938,2.109946356177346,114.31011276245117,119.83400768907904,108.7862178358233,112.10163477600227,115.03897060612526,117.1900970474328,116.83083363703997,114.66558837890624
2021-10-04,111.9473049180202,112.59451579427416,110.54335482045522,110.9814682006836,4497700,0.0,0,-0.012929472041525614,2.0826658637560325,114.02484283447265,119.61791084306044,108.43177482588486,112.10163477600227,115.03897060612526,117.1900970474328,116.83083363703997,113.63999938964844
2021-10-05,110.65288112889228,111.00138454582644,109.55760529511969,110.37408447265624,5884000,0.0,0,-0.005472839185448941,2.0712677684066714,113.77890319824219,119.55882550456167,107.99898089192271,111.96223597702891,114.8995718071519,116.99344503135406,116.83083363703997,113.25
2021-10-06,109.70695950355272,111.5390561015609,109.0099678840146,111.1606903076172,5734500,0.0,0,0.0071267257954545915,2.086029125841069,113.4602767944336,119.07571488020818,107.84483870865901,111.68841727147637,114.62575310159936,116.90398565448916,116.83083363703997,111.44000244140624
2021-10-07,111.89751691305968,112.49494701411832,111.5689394734446,111.7282485961914,5549500,0.0,0,0.005105746347954465,2.0966798614320585,113.13268928527832,118.32970180287651,107.93567676768012,111.59382401109117,114.62575310159936,117.11806187707798,116.83083363703997,111.72000122070312
2021-10-08,112.09666202387628,112.17632038300908,110.65288275199158,110.74250030517578,3786600,0.0,0,-0.008822731076527646,2.0781814188610723,112.72843284606934,117.30508242072924,108.15178327140944,110.9914231614935,114.62575310159936,116.64520415226139,117.03912081626197,111.87000274658205
2021-10-11,112.40532429003471,113.07244592934028,110.44378095349356,110.46369934082033,5987300,0.0,0,-0.00251756067983977,2.072949471035374,112.31820182800293,116.08231218034607,108.55409147565979,111.04120690667744,114.62575310159936,116.70245534740627,117.4953750251387,112.2300033569336
2021-10-12,111.24034749924598,111.38970501519536,110.18490088737762,110.5234375,3866800,0.0,0,0.0005407944830397859,2.0740705106729305,111.92688903808593,114.54321826920544,109.31055980696642,111.04120690667744,114.62575310159936,116.58095473577674,117.7631748698557,112.5199966430664
2021-10-13,110.91176972586888,111.00138727994592,108.94027469584532,110.28447723388672,4806500,0.0,0,-0.002162077759419012,2.0695862089503376,111.73372230529785,114.2322021183105,109.2352424922852,111.00636031259279,114.59090650751472,116.58095473577674,117.82764736648772,112.9000015258789
2021-10-14,110.60310028070812,112.12653029174928,110.53340111669446,111.38970947265624,5194900,0.0,0,0.010021648254500803,2.0903268739688037,111.59432373046874,113.82593443055431,109.36271303038318,111.00636031259279,114.59090650751472,116.02799269094535,117.82764736648772,110.77999877929688
2021-10-15,111.96721087136368,112.43519421699676,110.47365088145682,110.97150421142578,5855800,0.0,0,-0.003754433539779667,2.0824788806440724,111.49674415588379,113.65614675939452,109.33734155237306,111.00636031259279,114.59090650751472,116.48025688180648,117.82764736648772,111.4499969482422
2021-10-18,110.96155604668344,113.08240856316364,110.4836134926083,112.88327026367188,4958400,0.0,0,0.017227540221530724,2.1183548693208563,111.57391166687012,113.81504241537094,109.3327809183693,111.01134162950447,114.28721553544226,116.9357907242873,117.82764736648772,113.58000183105467
2021-10-19,113.2516732467354,114.0482416124442,112.27588497521296,113.00274658203124,5799300,0.0,0,0.0010584058920359851,2.1205969485959684,111.63713874816895,113.96390207309022,109.31037542324768,111.49425815414476,114.14283732323514,117.14489066716652,117.82764736648772,113.97000122070312
2021-10-20,112.5745940373614,114.6157957560098,112.22609822108068,113.37116241455078,7645200,0.0,0,0.003260237858485171,2.127510599050369,111.676469039917,114.09184436723493,109.26109371259906,111.77803522592757,112.72893286108007,117.14489066716652,118.0954481487912,110.66000366210938
2021-10-21,113.44086451944597,114.0681570050176,113.12223867963571,113.94867706298828,3684300,0.0,0,0.005094017174541943,2.1383481745809516,111.69140510559082,114.1591102388678,109.22369997231384,111.77803522592757,111.85768907111398,116.4379397074807,118.96285550611171,110.7300033569336
2021-10-22,113.91880632167673,114.48635883246824,113.58026209601486,114.0582046508789,3396400,0.0,0,0.0009612010486974576,2.140403557088839,111.71331100463867,114.25656366037735,109.17005834889999,111.77803522592757,111.77803522592757,116.4379397074807,118.96285550611171,109.63999938964844
2021-10-25,114.24738402346485,114.38678235299248,112.87331151956118,114.21751403808594,4290600,0.0,0,0.0013967376366712525,2.14339313929469,111.76459007263183,114.46336503100727,109.0658151142564,111.77803522592757,111.77803522592757,116.4379390899808,118.96285488861182,108.66000366210938
2021-10-26,114.42661285400392,114.78506787596925,113.7594911840393,114.4266128540039,5948000,0.0,0,0.0018307071177214862,2.1473170643708723,111.9244010925293,114.84932842653637,108.99947375852221,112.62935937871303,111.86267128590728,115.07381916042885,117.59873495905987,111.41999816894533
2021-10-27,115.07382025299351,115.07382025299351,112.59451275656386,113.02266693115234,5853900,0.0,0,-0.012269400341709424,2.1209707716475217,111.99111366271973,114.95250209937612,109.02972522606333,112.77373556722517,112.00704747441941,115.07381916042885,117.59873495905987,111.23999786376952
2021-10-28,113.25167175810256,114.1079800811602,111.97716846703229,112.7139892578125,7697600,0.0,0,-0.0027311129857506833,2.1151781608306774,112.13499298095704,114.93732110841276,109.33266485350131,112.77871687280091,112.00704747441941,115.07381916042885,117.59873495905987,113.36000061035156
2021-10-29,107.03846964141847,107.52636379458548,103.57340700259827,105.61460876464844,27401600,0.0,0,-0.06298579741442334,1.981951977697184,111.79396362304688,115.78904720648735,107.7988800396064,109.3236136277959,109.3236136277959,114.92197367439263,117.59873495905987,116.26000213623048
2021-11-01,106.76963212315364,109.67709384597764,106.73975454116146,109.32859802246094,14184600,0.0,0,0.03516548800638697,2.0516482861981293,111.71132011413575,115.83788188031193,107.58475834795956,109.3236136277959,109.3236136277959,114.84978456828907,117.59873495905987,116.25
2021-11-02,109.77665925815585,111.33991841039284,109.31863510618108,110.97150421142578,11538900,0.0,0,0.015027231837614119,2.0824788806440724,111.74119110107422,115.83680004974742,107.64558215240102,109.3236136277959,109.3236136277959,114.14283233721153,117.59873495905987,115.3499984741211
2021-11-03,110.85202258902166,112.43519250787052,109.63725926690076,112.12652587890624,6422600,0.0,0,0.01040827260735222,2.1041538885328697,111.78948287963867,115.8792835823172,107.69968217696014,109.3236136277959,109.3236136277959,113.70721044222849,117.59873495905987,116.7300033569336
2021-11-04,111.1208658807656,111.93734506854946,110.4537442168796,111.678466796875,8212600,0.0,0,-0.003996013240570084,2.0957456617340955,111.78699378967285,115.8770033856612,107.6969841936845,109.3236136277959,109.3236136277959,113.60515124536735,117.59873495905987,115.55999755859376
2021-11-05,112.75382407911098,116.82626841423829,112.65425492888198,116.40807342529295,10255500,0.0,0,0.04235021095893399,2.1845009326248053,112.07027244567871,116.59804514515596,107.54249974620146,110.19983770841827,110.19983770841827,113.57030269106377,117.56388640475629,114.70999908447266
2021-11-08,116.0197425157034,116.96566844826056,114.07811746970808,114.66558837890624,8753300,0.0,0,-0.014968764580619798,2.1518016524382,112.28036689758301,116.88061123247249,107.68012256269353,110.26953772542942,110.26953772542942,113.57030269106377,117.56388640475629,114.68000030517578
2021-11-09,114.15777111160742,115.1036894084308,112.88326779084537,113.63999938964844,6754700,0.0,0,-0.008944174130679827,2.1325555637641083,112.43619499206542,116.99839884121141,107.87399114291944,110.26953772542942,110.26953772542942,113.57030269106377,117.56388640475629,113.58999633789062
2021-11-10,112.91000366210938,114.45999908447266,112.5999984741211,113.25,6563700,0.49,0,-0.0034318848270247226,2.1252368786820393,112.5844711303711,117.04794386334103,108.12099839740117,110.26953772542942,110.26953772542942,113.43090389209041,117.42448760578293,108.62999725341795
2021-11-11,113.25,113.25,110.54000091552734,111.44000244140624,7191900,0.0,0,-0.015982318398178985,2.091270666215391,112.5869857788086,117.04779022586025,108.12618133175694,111.852711494711,110.26953772542942,113.15708518653787,117.07132245254311,108.08999633789062
2021-11-12,111.73999786376952,112.23999786376952,111.08999633789062,111.72000122070312,7349400,0.0,0,0.0025125518051214435,2.0965250921027883,112.62441062927246,117.04226310633794,108.20655815220698,113.14215177722082,110.26953772542942,113.10978855634526,117.07132245254311,110.37000274658205
2021-11-15,112.12000274658205,113.6500015258789,111.58000183105467,111.87000274658205,6566100,0.0,0,0.0013426559634794888,2.0993400040202843,112.57374725341796,117.00190318724168,108.14559131959425,113.30146385758066,110.26953772542942,112.80858813154643,115.73727464318385,111.73999786376952
2021-11-16,112.27999877929688,113.11000061035156,111.51000213623048,112.2300033569336,7965000,0.0,0,0.003218026294028453,2.1060957353533274,112.53511009216308,116.9610798082621,108.10914037606406,113.70970633257008,110.26953772542942,112.83348000413841,115.73727464318385,112.37000274658205
2021-11-17,112.22000122070312,113.11000061035156,111.66000366210938,112.5199966430664,5768600,0.0,0,0.002583919428484016,2.1115377170421543,112.49255180358887,116.90170170629764,108.08340190088009,113.75283468189394,110.26953772542942,112.83348000413841,115.49427341992481,114.22000122070312
2021-11-18,112.12000274658205,113.2300033569336,111.33999633789062,112.9000015258789,5632100,0.0,0,0.0033772208865054942,2.118668846322793,112.4401180267334,116.80295532769455,108.07728072577225,113.75283468189394,110.26953772542942,112.79863341005375,115.45942682584015,115.56999969482422
2021-11-19,112.7300033569336,112.9000015258789,109.7699966430664,110.77999877929688,6921800,0.0,0,-0.018777703436045456,2.0788851110473554,112.2762077331543,116.62977713231,107.92263833399859,112.4368430257486,110.26953772542942,112.79863341005375,114.59090650751472,116.37999725341795
2021-11-22,111.11000061035156,112.58999633789062,110.66999816894533,111.4499969482422,5967300,0.0,0,0.006048006646760751,2.0914582220168216,112.13783187866211,116.41008778525071,107.86557597207351,112.11499786376953,110.26953772542942,112.79863341005375,114.59090650751472,116.23999786376952
2021-11-23,112.0,114.11000061035156,111.77999877929688,113.58000183105467,7911000,0.0,0,0.019111753621686045,2.131429656266057,112.09550132751465,116.29148463485139,107.89951802017792,111.93999862670898,110.26953772542942,112.64927858247336,114.59090650751472,116.97000122070312
2021-11-24,113.41000366210938,114.26000213623048,113.08000183105467,113.97000122070312,4464300,0.0,0,0.003433697687631243,2.1387483413481263,112.14286804199219,116.40125237381105,107.88448371017333,112.01499938964844,110.26953772542942,112.81854773868994,114.59090650751472,116.68000030517578
2021-11-26,110.01000213623048,110.83000183105467,109.25,110.66000366210938,6703200,0.0,0,-0.029042708810574913,2.0766332960512526,112.04016876220703,116.3378225877272,107.74251493668686,111.75500106811523,110.26953772542942,112.25348404350382,114.59090650751472,114.23999786376952
2021-11-29,111.36000061035156,111.69000244140624,109.62000274658205,110.7300033569336,7114100,0.0,0,0.0006325654482892684,2.0779469025231014,112.29593849182129,115.49037009806982,109.10150688557276,111.75500106811523,110.26953772542942,111.81786214852077,114.59090650751472,110.44000244140624
2021-11-30,109.5500030517578,111.08999633789062,109.0500030517578,109.63999938964844,9483300,0.0,0,-0.009843799640929962,2.057492009550173,112.31150856018067,115.44987749851774,109.1731396218436,111.65500259399414,110.26953772542942,111.77803522592757,114.59090650751472,111.13999938964844
2021-12-01,110.95999908447266,113.3499984741211,108.5500030517578,108.66000366210938,7618500,0.0,0,-0.008938304751865855,2.0391015189442845,112.19593353271485,115.67848740500268,108.71337966042701,111.40500259399414,110.26953772542942,111.77803522592757,114.59090650751472,107.56999969482422
2021-12-02,109.16999816894533,112.08000183105467,109.16999816894533,111.41999816894533,7709400,0.0,0,0.025400279898926348,2.0908952682677953,112.1606071472168,115.65973480230957,108.66147949212402,111.40500259399414,110.26953772542942,112.24601533231015,114.59090650751472,106.02999877929688
2021-12-03,111.8499984741211,112.8499984741211,110.08000183105467,111.23999786376952,7013100,0.0,0,-0.0016155116508158596,2.087517402601273,112.13868370056153,115.6552601378292,108.62210726329386,111.40500259399414,110.26953772542942,112.39039152082229,114.59090650751472,104.04000091552734
2021-12-06,112.01000213623048,114.16999816894533,111.70999908447266,113.36000061035156,8280200,0.0,0,0.019057917900882293,2.127301137876711,111.98628005981445,114.96764339721717,109.00491672241172,111.40500259399414,110.26953772542942,112.39288217361016,114.59090650751472,103.87000274658205
2021-12-07,115.05999755859376,117.19000244140624,114.79000091552734,116.26000213623048,8786900,0.0,0,0.02558222927191922,2.1817222433162877,112.06600074768066,115.39831248025284,108.73368901510848,112.87000274658202,111.96487849128386,109.3236136277959,111.90747266089119,102.4000015258789
2021-12-08,115.77999877929688,116.6500015258789,115.1500015258789,116.25,5807000,0.0,0,-8.603247932825742e-05,2.18153454434249,112.19650077819824,115.94803573698927,108.44496581940722,112.87000274658202,112.87000274658202,109.3236136277959,111.90747266089119,100.12000274658205
2021-12-09,115.8000030517578,116.41000366210938,115.23999786376952,115.3499984741211,5664700,0.0,0,-0.007741948609711002,2.164645216009881,112.3015007019043,116.27839805654826,108.32460334726035,112.87000274658202,112.87000274658202,109.3236136277959,111.90747266089119,97.7300033569336
2021-12-10,115.81999969482422,117.08999633789062,115.77999877929688,116.7300033569336,6110800,0.0,0,0.011963631565388377,2.1905422338440035,112.56600074768066,116.96463842654747,108.16736306881386,112.87000274658202,112.87000274658202,109.3236136277959,111.90747266089119,96.87000274658205
2021-12-13,116.16000366210938,116.83000183105467,115.22000122070312,115.55999755859376,6479400,0.0,0,-0.010023179685536565,2.1685860354254283,112.7580005645752,117.32600485961046,108.18999626953993,112.87000274658202,112.87000274658202,109.3236136277959,111.90747266089119,95.72000122070312
2021-12-14,114.56999969482422,115.3000030517578,114.02999877929688,114.70999908447266,6854600,0.0,0,-0.00735547327863284,2.15263505878944,112.90000038146972,117.52559138781861,108.27440937512084,113.18000030517578,112.87000274658202,110.19983770841827,111.90747266089119,96.30999755859376
2021-12-15,114.80999755859376,115.1999969482422,112.76000213623048,114.68000030517578,6902400,0.0,0,-0.000261518433757324,2.152072105040414,113.02250022888184,117.70066923163492,108.34433122612876,113.63500213623045,112.87000274658202,110.26953772542942,111.90747266089119,98.0999984741211
2021-12-16,115.0,115.4000015258789,113.22000122070312,113.58999633789062,7544400,0.0,0,-0.00950474332389728,2.1316172120674857,113.07600021362305,117.75443494597025,108.39756548127585,114.45000076293945,112.87000274658202,110.26953772542942,111.90747266089119,97.8000030517578
2021-12-17,111.2699966430664,111.8000030517578,108.22000122070312,108.62999725341795,13696900,0.0,0,-0.04366580900063066,2.03853842202289,112.8625,117.9314082542449,107.7935917457551,112.70500183105469,112.70500183105469,110.26953772542942,111.90747266089119,
2021-12-20,107.06999969482422,108.12000274658205,106.61000061035156,108.08999633789062,6313700,0.0,0,-0.004971011039129336,2.028404825023325,112.72799987792969,118.14547598949933,107.31052376636005,111.8499984741211,111.9000015258789,111.06112461007021,111.90747266089119,
2021-12-21,109.0,110.9000015258789,108.87000274658205,110.37000274658205,4682200,0.0,0,0.02109359317178705,2.0711911711900566,112.67400016784669,118.1631918576106,107.18480847808277,111.8499984741211,111.9000015258789,111.70584475132512,111.90747266089119,
2021-12-22,110.1999969482422,111.77999877929688,110.0,111.73999786376952,3643300,0.0,0,0.012412748782230976,2.0969003468780136,112.58199996948242,118.06902244873653,107.09497749022832,111.8499984741211,111.9000015258789,111.78550079150503,111.90747266089119,
2021-12-23,112.2300033569336,112.91000366210938,111.98999786376952,112.37000274658205,3359600,0.0,0,0.005638132225316506,2.108722948297024,112.50200004577637,117.9518711296213,107.05212896193144,111.72000122070312,111.9000015258789,111.98962202899975,111.90747266089119,
2021-12-27,112.5999984741211,114.37000274658205,112.38999938964844,114.22000122070312,3716700,0.0,0,0.016463454915928155,2.143439813486495,112.67999992370605,118.10989131941949,107.25010852799261,111.00500106811523,111.9000015258789,112.01118620366168,111.90747266089119,
2021-12-28,114.0,116.27999877929688,113.80999755859376,115.56999969482422,4561600,0.0,0,0.011819282609816684,2.1687737343992244,112.92199974060058,118.4144294497639,107.42957003143727,111.44499969482422,111.9000015258789,112.01118620366168,111.90747266089119,
2021-12-29,115.4000015258789,116.95999908447266,115.30999755859376,116.37999725341795,4215300,0.0,0,0.007008718185797624,2.1839740583123883,113.25899963378906,118.73141926061201,107.7865800069661,111.78499984741211,111.9000015258789,111.35319037558901,111.90747266089119,
2021-12-30,116.37999725341795,117.33999633789062,116.08000183105467,116.23999786376952,4068700,0.0,0,-0.0012029506182543726,2.1813468453686897,113.63799934387207,118.82324651119319,108.45275217655094,111.9749984741211,111.9749984741211,111.19226779459947,111.90747266089119,
2021-12-31,115.66999816894533,117.4800033569336,115.5999984741211,116.97000122070312,3674900,0.0,0,0.00628013911174663,2.1950460070085747,113.91549949645996,119.19048472056876,108.64051427235115,112.04500198364258,112.04500198364258,111.1047681760692,111.60378168881874,
2022-01-03,116.47000122070312,117.8000030517578,114.77999877929688,116.68000030517578,5475700,0.0,0,-0.002479275989577534,2.1896038821473804,114.18749961853027,119.44337103237072,108.93162820468982,113.33500289916992,112.20500183105469,111.14226855753893,111.45940347661161,
2022-01-04,116.9000015258789,117.0500030517578,114.16999816894533,114.23999786376952,8367600,0.0,0,-0.020911916652592177,2.143815068261722,114.23149948120117,119.47348981549732,108.98950914690502,113.9000015258789,112.20500183105469,111.01226939677233,110.26953772542942,
2022-01-05,114.4000015258789,114.95999908447266,110.4000015258789,110.44000244140624,8662300,0.0,0,-0.0332632658737857,2.0725047776619046,113.94049949645996,119.34518462076907,108.53581437215085,114.10000228881836,112.20500183105469,111.01226939677233,110.26953772542942,
2022-01-06,110.0,111.87999725341795,109.98999786376952,111.13999938964844,6099900,0.0,0,0.006338255457877029,2.0856408423803963,113.68499946594238,119.1121475848114,108.25785134707337,113.89500045776366,112.20500183105469,110.96227015971178,110.26953772542942,
2022-01-07,108.22000122070312,109.70999908447266,107.4800033569336,107.56999969482422,11262500,0.0,0,-0.032121645801958976,2.018646625971354,113.29599952697754,119.28282076194422,107.30917829201086,112.6400032043457,112.20500183105469,110.83727015971178,110.26953772542942,
2022-01-10,106.62000274658205,107.01000213623048,104.41999816894533,106.02999877929688,8499400,0.0,0,-0.01431626773167538,1.9897471404183047,112.7609992980957,119.31651944688778,106.20547914930361,111.11000061035156,111.11000061035156,110.83727015971178,110.26953772542942,
2022-01-11,106.04000091552734,106.16999816894533,103.70999908447266,104.04000091552734,13073200,0.0,0,-0.01876825319890596,1.952403062285135,112.18499946594238,119.6299216427775,104.74007728910726,110.75500106811523,110.75500106811523,110.83727015971178,110.26953772542942,
2022-01-12,104.44000244140624,105.31999969482422,103.68000030517578,103.87000274658205,11810500,0.0,0,-0.0016339693141999012,1.949212895592411,111.64299964904785,119.82401889239354,103.46198040570216,110.7400016784668,110.7400016784668,110.83727015971178,110.26953772542942,
2022-01-13,104.1500015258789,104.66999816894533,102.08999633789062,102.4000015258789,9818500,0.0,0,-0.014152317144821791,1.9216270165112108,111.02899971008301,120.01862545172136,102.03937396844466,109.94499969482422,109.94499969482422,112.41744061893294,110.38170472200225,
2022-01-14,101.91000366210938,101.91000366210938,99.08999633789062,100.12000274658205,13701200,0.0,0,-0.022265612747287444,1.8788408135168468,110.35550003051758,120.44087576903037,100.27012429200478,108.06999969482422,108.44499969482422,112.87000274658202,110.38170472200225,
2022-01-18,99.16999816894533,99.36000061035156,97.51000213623048,97.7300033569336,11396000,0.0,0,-0.02387134762368992,1.8339903513278097,109.81050033569336,121.3057754535217,98.31522521786502,106.23500061035156,107.65500259399414,112.87000274658202,110.38170472200225,
2022-01-19,97.94000244140624,98.38999938964844,96.77999877929688,96.87000274658205,10856800,0.0,0,-0.00879976036847785,1.8178516757180245,109.24950065612794,122.06075021294089,96.43825109931498,104.32999801635742,107.29000091552734,112.87000274658202,110.38170472200225,
2022-01-20,97.48999786376952,98.94000244140624,95.58999633789062,95.72000122070312,20311500,0.0,0,-0.011871595883891861,1.7962708752470444,108.51700057983399,122.61362388737598,94.420377272292,102.64999771118164,106.69499969482422,112.87000274658202,110.38170472200225,
2022-01-21,95.9000015258789,98.41000366210938,95.47000122070312,96.30999755859376,13432500,0.0,0,0.006163772778588594,1.8073426807708637,107.7455005645752,122.72335186825438,92.76764926089601,101.2400016784668,106.63500213623047,113.0250015258789,110.38170472200225,
2022-01-24,94.75,98.3499984741211,94.41000366210938,98.0999984741211,17205300,0.0,0,0.018585826610973744,1.8409336384622834,107.03200035095215,122.41914498986402,91.64485571204027,100.29000091552734,106.1050033569336,113.25250244140624,110.38170472200225,
2022-01-25,96.66999816894533,98.08560180664062,95.13999938964844,97.8000030517578,7510499,0.0,0,-0.003058057360137867,1.8353039577996584,106.21100044250488,121.72952190564686,90.6924789793629,99.8650016784668,106.1050033569336,113.66000175476074,110.38170472200225,
